smiles,value,label
Cc1cc(Nc2nn(cc2C(=O)N)C3(CC#N)CCN(CC3)C(=O)OC(C)(C)C)ncn1,6.9,0
NC(=O)c1cn(nc1Nc2ccccc2)C3(CC#N)CN(C3)S(=O)(=O)c4ccccc4,6.33,0
NC(=O)c1cn(nc1Nc2ccnc(F)c2)C3(CC#N)CCN(Cc4cocn4)CC3,6.93,0
N[C@@H]1CC[C@@](CC#N)(CC1)n2cc(C(=O)N)c(Nc3ccc(cc3)S(=O)(=O)C(F)F)n2,7.48,0
NC(=O)c1cn(nc1Nc2ccnc(F)c2)C3(CC#N)CCC(CC3)NCC(F)(F)F,,0
CC(C)(C)OC(=O)N1CCC(CC#N)(CC1)n2cc(C(=O)N)c(Nc3ccnc(CO)c3)n2,7.0,0
CC(C(=O)N1CCC(CC#N)(CC1)n2cc(C(=O)N)c(Nc3ccnc(F)c3)n2)C(F)(F)F,7.89,0
NC(=O)c1cn(nc1Nc2ccc(F)cc2)[C@@]3(CC#N)CC[C@H](CC3)n4cc(nn4)C5CC5,6.71,0
CC(C)(C)OC(=O)N1CC(CC#N)(C1)n2cc(C(=O)N)c(Nc3ccccc3)n2,7.24,0
NC(=O)c1cn(nc1Nc2ccc(F)cc2)C3(CC#N)CCN(CC3)c4ccc(nc4)C(F)(F)F,7.58,0
Cc1cc(Cl)ccc1NC(=O)N2CC(CC#N)(C2)n3cc(C(=O)N)c(Nc4ccccc4)n3,6.48,0
NC(=O)c1cn(nc1Nc2ccnc(F)c2)C3(CC#N)CCN(CC3)C(=O)CC4CCCO4,7.38,0
NC(=O)c1cn(nc1Nc2ccccc2)C3(CC#N)CCN(CC3)C(=O)OC4CCCC4,7.3,0
NC(=O)c1cn(nc1Nc2ccnc(F)c2)C3(CC#N)CCC(CC3)NCC(F)F,6.28,0
NC(=O)c1cn(nc1Nc2ccnc(F)c2)C3(CC#N)CCC(CC3)Nc4ccc(F)cc4,,0
CC(C)(C)OC(=O)N1CCC(CC#N)(CC1)n2cc(C(=O)N)c(Nc3ccc(CC(=O)O)cc3)n2,8.0,0
NC(=O)c1cn(nc1Nc2ccnc(F)c2)C3(CC#N)CCN(Cc4cnccn4)CC3,7.55,0
NC(=O)c1cn(nc1Nc2ccnc(c2)C3CC3)C4(CC#N)CCN(CC4)C(=O)OCC(F)F,6.7,0
CC(C)(C)OC(=O)N1CCC(CC#N)(CC1)n2cc(C(=O)N)c(Nc3cccc(c3)c4ccc(Cl)cc4)n2,5.83,0
NC(=O)c1cn(nc1Nc2ccccc2)C3(CC#N)CN(C3)S(=O)(=O)C(F)(F)F,6.23,0
COC(=O)N1CCC(CC#N)(CC1)n2cc(C(=O)N)c(Nc3ccc(cc3)S(=O)(=O)C)n2,7.8,0
CC(C)(C)OC(=O)N1CCC(CC#N)(CC1)n2cc(C(=O)N)c(Nc3ccnc(c3)C(F)(F)F)n2,8.0,0
Cc1cncc(c1)N2CCC(CC#N)(CC2)n3cc(C(=O)N)c(Nc4ccc(F)cc4)n3,7.58,0
CC(C)(C)OC(=O)N1CCC(CC#N)(CC1)n2cc(C(=O)N)c(Nc3cnccn3)n2,6.68,0
NC(=O)c1cn(nc1Nc2ccc(cc2)S(=O)(=O)C(F)F)C3(CC#N)CCC(CC3)N4CC(F)C4,9.0,1
NC(=O)c1cn(nc1Nc2ccnc(F)c2)C3(CC#N)CCC(CC3)Nc4ccccc4Cl,6.03,0
NC(=O)c1cn(nc1Nc2ccnc(F)c2)C3(CC#N)CCN(Cc4ccc(Cl)cc4)CC3,8.4,1
CC(C)(C)OC(=O)N1CCC(CC#N)(CC1)n2cc(C(=O)N)c(Nc3cc(F)ncn3)n2,7.8,0
CC(C)(C)OC(=O)N1CCC(CC#N)(CC1)n2cc(C(=O)N)c(Nc3ccnc(F)c3)n2,8.3,1
NC(=O)c1cn(nc1Nc2ccccc2)C3(CC#N)CN(C3)C(=O)OCCc4ccccn4,6.07,0
NC(=O)c1cn(nc1Nc2ccc(F)cc2)C3(CC#N)CCN(CC3)C(=O)OC4CCOCC4,6.99,0
COc1ccccc1CN2CCC(CC#N)(CC2)n3cc(C(=O)N)c(Nc4ccnc(F)c4)n3,7.09,0
C[C@H]1CN(CC[C@]1(CC#N)n2cc(C(=O)N)c(Nc3ccccc3)n2)C(=O)OC(C)(C)C,6.31,0
CC(C)(O)C(=O)N1CCC(CC#N)(CC1)n2cc(C(=O)N)c(Nc3ccnc(F)c3)n2,6.63,0
COc1ccccc1N2CCC(CC#N)(CC2)n3cc(C(=O)N)c(Nc4ccc(F)cc4)n3,,0
Cn1cc(cn1)c2cccc(Nc3nn(cc3C(=O)N)C4(CC#N)CCN(CC4)C(=O)OCC(F)(F)F)c2,7.68,0
CS(=O)(=O)c1ccc(Nc2nn(cc2C(=O)N)C3(CC#N)CN(C3)C(=O)OC4CCOC4)cc1,6.66,0
CC(C)(C(=O)N1CCC(CC#N)(CC1)n2cc(C(=O)N)c(Nc3ccnc(F)c3)n2)C(F)(F)F,7.55,0
NC(=O)c1cn(nc1Nc2ccc(F)cc2)C3(CC#N)CCN(CC3)c4cncc5ccccc45,6.38,0
NC(=O)c1cn(nc1Nc2ccnc(F)c2)C3(CC#N)CCC(CC3)NCc4ccncc4,6.0,0
NC(=O)c1cn(nc1Nc2ccc(F)cc2)C3(CC#N)CCC(CC3)NCC(F)(F)F,6.56,0
NC(=O)c1cn(nc1Nc2ccccc2)C3(CC#N)CCN(Cc4cccc(c4)C#N)CC3,6.63,0
CC(C)(O)C1CC(CN2CCC(CC#N)(CC2)n3cc(C(=O)N)c(Nc4ccnc(F)c4)n3)C1,,0
NC(=O)c1cn(nc1Nc2ccccc2)C3(CC#N)CCN(CC3)C(=O)c4ccsc4,7.46,0
C[C@@H]1CN(CC[C@]1(CC#N)n2cc(C(=O)N)c(Nc3ccccc3)n2)C(=O)OC(C)(C)C,7.62,0
C[C@H]1C[C@@](CC#N)(CCN1C(=O)OC(C)(C)C)n2cc(C(=O)N)c(Nc3ccccc3)n2,7.68,0
CS(=O)(=O)c1ccc(Nc2nn(cc2C(=O)N)C3(CC#N)CN(C3)C(=O)Nc4cc(F)ccc4F)cc1,6.62,0
NC(=O)c1cn(nc1Nc2ccnc(F)c2)C3(CC#N)CCN(Cc4cccc5cc[nH]c45)CC3,7.39,0
NC(=O)c1cn(nc1Nc2ccnc(F)c2)C3(CC#N)CCC(CC3)NCc4ccccc4Cl,8.7,1
Cc1ccc(F)cc1NC(=O)N2CC(CC#N)(C2)n3cc(C(=O)N)c(Nc4ccccc4)n3,6.74,0
COCCOC(=O)N1CCC(CC#N)(CC1)n2cc(C(=O)N)c(Nc3ccccc3)n2,7.15,0
CC(C)S(=O)(=O)N1CCC(CC#N)(CC1)n2cc(C(=O)N)c(Nc3ccccc3)n2,7.89,0
CCS(=O)(=O)N1CC(CC#N)(C1)n2cc(C(=O)N)c(Nc3ccccc3)n2,6.39,0
NC(=O)c1cn(nc1Nc2ccc(cc2)S(=O)(=O)C(F)F)C3(CC#N)CCC(CC3)NCC(F)F,8.52,1
NC(=O)c1cn(nc1Nc2ccc(cc2)[S+]([O-])C(F)F)C3(CC#N)CCC(CC3)Nc4ccccc4O,6.75,0
NC(=O)c1cn(nc1Nc2ccnc(F)c2)C3(CC#N)CCC(CC3)NCc4cccnc4,5.98,0
NC(=O)c1cn(nc1Nc2ccc(F)cc2)C3(CC#N)CCC(CC3)Nc4ccc(cc4)C(F)(F)F,,0
NC(=O)c1cn(nc1Nc2ccc(cc2)S(=O)(=O)C(F)F)C3(CC#N)CCC(CC3)NC4CCOCC4,8.3,1
CC(C)(C)OC(=O)N1CCC(CC#N)(CC1)n2cc(C(=O)N)c(Nc3ccc(cc3)S(=O)(=O)C)n2,9.0,1
NC(=O)c1cn(nc1Nc2ccccc2)C3(CC#N)CCN(Cc4cccc(F)c4)CC3,7.14,0
NC(=O)c1cn(nc1Nc2ccnc(F)c2)C3(CC#N)CCN(Cc4cccnc4)CC3,8.3,1
NC(=O)c1cn(nc1Nc2ccnc(F)c2)C3(CC#N)CCN(Cc4cccnc4F)CC3,8.22,1
Cc1ccc(NC(=O)N2CC(CC#N)(C2)n3cc(C(=O)N)c(Nc4ccccc4)n3)cc1Cl,6.47,0
CCn1ccnc1CN2CCC(CC#N)(CC2)n3cc(C(=O)N)c(Nc4ccnc(F)c4)n3,6.35,0
Cc1ccnc(c1)N2CCC(CC#N)(CC2)n3cc(C(=O)N)c(Nc4ccc(F)cc4)n3,7.36,0
NC(=O)c1cn(nc1Nc2ccnc(F)c2)C3(CC#N)CCN(Cc4cccc(O)c4)CC3,9.0,1
COCC(=O)N1CCC(CC#N)(CC1)n2cc(C(=O)N)c(Nc3ccnc(F)c3)n2,7.02,0
NC(=O)c1cn(nc1Nc2ccnc(F)c2)C3(CC#N)CCN(Cc4occc4)CC3,7.6,0
NC(=O)c1cn(nc1Nc2ccnc(F)c2)C3(CC#N)CCC(CC3)N4CCC5C=CC=CC45,7.62,0
NC(=O)C1=CC(N=C1Nc2ccnc(F)c2)C3(CC#N)CCC(CC3)NC4CCOCC4,6.99,0
COc1cc(F)cc(c1)N2CCC(CC#N)(CC2)n3cc(C(=O)N)c(Nc4ccc(F)cc4)n3,7.4,0
NC(=O)c1cn(nc1Nc2ccc(Cl)cc2)C3(CC#N)CCC(CC3)N4CC(F)C4,8.7,1
NC(=O)c1cn(nc1Nc2ccnc(F)c2)C3(CC#N)CCC(CC3)NCC(F)(F)F,6.1,0
NC(=O)c1cn(nc1Nc2ccccc2)C3(CC#N)CCN(CC3)C(=O)c4cccs4,8.1,1
NC(=O)c1cn(nc1Nc2ccccc2)C3(CC#N)CCN(CC3)C(=O)c4ccccc4,7.03,0
CC(C)[C@@H](O)C(=O)N1CCC(CC#N)(CC1)n2cc(C(=O)N)c(Nc3ccnc(F)c3)n2,6.86,0
NC(=O)c1cn(nc1Nc2ccccc2)C3(CC#N)CCN(Cc4ccc5OCOc5c4)CC3,7.11,0
NC(=O)c1cn(nc1Nc2cncc(F)c2)C3(CC#N)CCN(CC3)C(=O)CC(F)(F)F,7.46,0
Cc1cc(cnc1F)N2CCC(CC#N)(CC2)n3cc(C(=O)N)c(Nc4ccc(F)cc4)n3,7.64,0
COc1ccc(cc1OC)C(=O)N2CCC(CC#N)(CC2)n3cc(C(=O)N)c(Nc4ccccc4)n3,6.35,0
NC(=O)c1cn(nc1Nc2ccc(F)cc2)C3(CC#N)CCC(CC3)Nc4ccc(Cl)cc4,,0
CC(C)(C)OC(=O)N1CCC(CC#N)(CC1)n2cc(C(=O)N)c(Nc3ccc(nc3)N4CCOCC4)n2,8.52,1
Cc1onc(c1)C(=O)N2CCC(CC#N)(CC2)n3cc(C(=O)N)c(Nc4ccccc4)n3,6.71,0
NC1CCC(CC#N)(CC1)n2cc(C(=O)N)c(Nc3ccnc(F)c3)n2,,0
NC(=O)c1cn(nc1Nc2ccnc(F)c2)C3(CC#N)CCC(CC3)Nc4cccc(Cl)c4,8.4,1
NC(=O)c1cn(nc1Nc2ccc(nc2)C3CC3)C4(CC#N)CCN(CC4)C(=O)OCC(F)F,7.96,0
NC(=O)c1cn(nc1Nc2ccnc(F)c2)C3(CC#N)CCN(CC3)C(=O)CC#N,8.05,1
CN(CCS(=O)(=O)C)C1CCC(CC#N)(CC1)n2cc(C(=O)N)c(Nc3ccc(F)cc3)n2,7.43,0
NC(=O)c1cn(nc1Nc2ccnc(F)c2)C3(CC#N)CCN(Cc4occn4)CC3,7.14,0
COc1cccc(CN2CCC(CC#N)(CC2)n3cc(C(=O)N)c(Nc4ccnc(F)c4)n3)c1,7.7,0
COc1cccc(c1)S(=O)(=O)N2CCC(CC#N)(CC2)n3cc(C(=O)N)c(Nc4ccccc4)n3,8.52,1
NC(=O)c1cn(nc1Nc2ccc(F)cc2)C3(CC#N)CCN(CC3)c4cccc(n4)C#N,7.05,0
NC(=O)c1cn(nc1Nc2ccc(F)cc2)C3(CC#N)CCC(CC3)NC4CCOCC4,,0
CC(C)(C)OC(=O)N1CCC(CC#N)(CC1)n2cc(C(=O)N)c(Nc3ccnc(N)c3)n2,8.52,1
COC(=O)c1ccccc1CN2CCC(CC#N)(CC2)n3cc(C(=O)N)c(Nc4ccccc4)n3,6.4,0
NC(=O)c1cn(nc1Nc2ccc(F)cc2)C3(CC#N)CCC(CC3)N4CCc5ccccc45,,0
CN1CCN(CC1)c2ccc(cc2)C(=O)N3CCC(CC#N)(CC3)n4cc(C(=O)N)c(Nc5ccccc5)n4,6.08,0
CCOc1ccc(cn1)N2CCC(CC#N)(CC2)n3cc(C(=O)N)c(Nc4ccc(F)cc4)n3,7.34,0
CS(=O)(=O)c1ccc(Nc2nn(cc2C(=O)N)C3(CC#N)CCC4(CC3)OCCO4)cc1,6.69,0
NC(=O)c1cn(nc1Nc2ccc(F)cc2)C3(CC#N)CCN(CC3)c4cccc(F)n4,8.4,1
NC(=O)c1cn(nc1Nc2ccnc(F)c2)C3(CC#N)CCN(CC3)C(=O)OC4CCOC4,7.42,0
NC(=O)c1cn(nc1Nc2ccccc2)C3(CC#N)CN(C3)C(=O)c4ccccn4,6.27,0
NC(=O)c1cn(nc1Nc2ccc(F)cc2)C3(CC#N)CCN(CC3)C(=O)O[C@H]4CCOC4,7.33,0
COC1CN(C1)C2CCC(CC#N)(CC2)n3cc(C(=O)N)c(Nc4ccnc(F)c4)n3,,0
NC(=O)c1cn(nc1Nc2ccnc(F)c2)C3(CC#N)CCC(CC3)NCc4ccc(O)cc4,6.12,0
CCc1cccc(C)c1NC(=O)N2CC(CC#N)(C2)n3cc(C(=O)N)c(Nc4ccccc4)n3,5.92,0
NC(=O)c1cn(nc1Nc2ccccc2)C3(CC#N)CCN(CC3)C(=O)c4cccc5ccccc45,6.46,0
NC(=O)c1cn(nc1Nc2ccc(F)cc2)C3(CC#N)CCN(Cc4ccon4)CC3,7.47,0
CC(C)(C)OC(=O)N1CCC(CC#N)(CC1)n2cc(C(=O)N)c(Nc3ccnnc3)n2,7.82,0
CC(C)OC(=O)c1ccc(Nc2nn(cc2C(=O)N)C3(CC#N)CCN(CC3)C(=O)OC(C)(C)C)cc1,7.7,0
NC(=O)c1cn(nc1Nc2ccnc(F)c2)C3(CC#N)CCC(CC3)Nc4ccc(Cl)cc4,6.11,0
C[C@@H]1C[C@@](CC#N)(CCN1C(=O)OC(C)(C)C)n2cc(C(=O)N)c(Nc3ccccc3)n2,6.21,0
CC(C)(C)OC(=O)N1CCC(CC#N)(CC1)n2cc(C(=O)N)c(Nc3cccc(Br)c3)n2,7.43,0
CC(C)(C)OC(=O)N1CCC(CC#N)(CC1)n2cc(C(=O)N)c(Nc3ccccn3)n2,6.33,0
COC(=O)N1CCC(CC#N)(CC1)n2cc(C(=O)N)c(Nc3ccccc3)n2,6.63,0
NC(=O)c1cn(nc1Nc2ccc(F)cc2)C3(CC#N)CCN(Cc4cnccn4)CC3,7.6,0
NC(=O)c1cn(nc1Nc2ccnc(F)c2)C3(CC#N)CCC(CC3)Nc4cccc(F)c4,8.7,1
NC(=O)c1cn(nc1Nc2ccnc(F)c2)C3(CC#N)CCN(Cc4cccnn4)CC3,6.84,0
NC(=O)c1cn(nc1Nc2ccc(F)cc2)C3(CC#N)CCC(CC3)N4CCC(O)CC4,,0
Cc1ncccc1N2CCC(CC#N)(CC2)n3cc(C(=O)N)c(Nc4ccc(F)cc4)n3,6.68,0
CC(C)(C)OC(=O)N1CCC(CC#N)(CC1)n2cc(C(=O)N)c(Nc3cccnc3)n2,8.4,1
CC(C)(C)OC(=O)N1CCC(CC#N)(CC1)n2cc(C(=O)N)c(Nc3ccc(F)cn3)n2,6.74,0
NC(=O)c1cn(nc1Nc2ccc(cc2)S(=O)(=O)C(F)F)C3(CC#N)CCC(CC3)Nc4ccccc4,,0
NC(=O)c1cn(nc1Nc2cncc(F)c2)C3(CC#N)CCN(CC3)C(=O)OCC(F)(F)F,7.68,0
NC(=O)c1cn(nc1Nc2ccccc2)C3(CC#N)CN(C3)C(=O)Nc4cccc(F)c4,7.17,0
CN(C1CCC(CC#N)(CC1)n2cc(C(=O)N)c(Nc3ccnc(F)c3)n2)c4ccccc4,6.98,0
NC(=O)c1cn(nc1Nc2ccnc(F)c2)C3(CC#N)CCC(CC3)Nc4ccc(F)cc4F,9.1,1
COc1ccccc1COC(=O)N2CC(CC#N)(C2)n3cc(C(=O)N)c(Nc4ccccc4)n3,6.17,0
Cn1ccc(CN2CCC(CC#N)(CC2)n3cc(C(=O)N)c(Nc4ccnc(F)c4)n3)n1,,0
NC(=O)c1cn(nc1Nc2ccnc(F)c2)C3(CC#N)CCN(Cc4ccc(O)cc4)CC3,8.22,1
NC(=O)c1cn(nc1Nc2ccc(F)cc2)C3(CC#N)CCN(CC3)c4ccccn4,8.7,1
COCCOC(=O)N1CC(CC#N)(C1)n2cc(C(=O)N)c(Nc3ccccc3)n2,6.47,0
NC(=O)c1cn(nc1Nc2ccccc2)C3(CC#N)CCN(CCCC#N)CC3,6.5,0
CC(C)(C)OC(=O)N1CC[C@@](CC#N)([C@@H](F)C1)n2cc(C(=O)N)c(Nc3ccc(F)cc3)n2,7.08,0
NC(=O)c1cn(nc1Nc2ccccc2)C3(CC#N)CCN(CC3)C(=O)OC4Cc5ccccc5C4,7.08,0
Cc1cccc(N2CCC(CC#N)(CC2)n3cc(C(=O)N)c(Nc4ccc(F)cc4)n3)c1F,6.53,0
NC(=O)c1cn(nc1Nc2ccnc(F)c2)C3(CC#N)CCN(CC3)C(=O)OCC(F)(F)F,8.1,1
NC(=O)c1cn(nc1Nc2ccccc2)C3(CC#N)CN(C3)S(=O)(=O)Cc4ccccc4,6.28,0
NC(=O)c1cn(nc1Nc2ccc(cc2)S(=O)(=O)C(F)F)C3(CC#N)CCC(CC3)Nc4cccnc4,6.45,0
CC(F)(F)C(=O)N1CC[C@@](CC#N)([C@@H](F)C1)n2cc(C(=O)N)c(Nc3ccc(F)nc3)n2,7.89,0
NC(=O)c1cn(nc1Nc2ccccc2)C3(CC#N)CCN(Cc4ccc(cc4)C#N)CC3,6.61,0
C[Si](C)(C)COC(=O)N1CCC(CC#N)(CC1)n2cc(C(=O)N)c(Nc3ccc(F)cc3)n2,6.13,0
CCS(=O)(=O)N1CC(CC#N)(C1)n2cc(C(=O)N)c(Nc3ccc(cc3)C(=O)N4CCS(=O)(=O)CC4)n2,7.42,0
NC(=O)c1cn(nc1Nc2ccc(F)cc2)C3(CC#N)CCN(Cc4ccc5[nH]ccc5c4)CC3,7.28,0
NC(=O)c1cn(nc1Nc2ccnc(F)c2)C3(CC#N)CCC(CC3)NCc4ccc(F)cc4,5.97,0
NC(=O)c1cn(nc1Nc2ccc(F)cc2)C3(CC#N)CCN(CC3)c4cccnc4F,9.22,1
NC(=O)c1cn(nc1Nc2ccccc2)C3(CC#N)CCN(CC3)C(=O)OCc4ccccc4F,7.4,0
CS(=O)(=O)N1CC(CC#N)(C1)n2cc(C(=O)N)c(Nc3ccccc3)n2,6.44,0
NC(=O)c1cn(nc1Nc2ccc(cc2)[S+]([O-])C(F)F)C3(CC#N)CCC(CC3)NC4CCCCC4,7.5,0
CS(=O)(=O)c1ccc(Nc2nn(cc2C(=O)N)C3(CC#N)CCCCC3)cc1,6.71,0
Cc1ccc(Cl)cc1NC(=O)N2CC(CC#N)(C2)n3cc(C(=O)N)c(Nc4ccccc4)n3,6.83,0
NC(=O)c1cn(nc1Nc2ccc(F)cc2)C3(CC#N)CCC(CC3)Nc4ccc(F)cc4,8.0,0
NC(=O)c1cn(nc1Nc2ccnc(F)c2)C3(CC#N)CCN(Cc4ccc5[nH]ccc5c4)CC3,7.51,0
Cc1ccncc1N2CCC(CC#N)(CC2)n3cc(C(=O)N)c(Nc4ccc(F)cc4)n3,6.99,0
NC(=O)c1cn(nc1Nc2ccnc(F)c2)C3(CC#N)CCC(CC3)Nc4ccc(F)c(F)c4,,0
NC(=O)c1cn(nc1Nc2ccc(F)cc2)C3(CC#N)CCN(CC3)C(=O)OCCC(F)(F)F,7.01,0
NC(=O)c1cn(nc1Nc2ccc(F)cc2)C3(CC#N)CCN(CC3)c4cc(ccn4)C(F)(F)F,7.12,0
NC(=O)c1cn(nc1Nc2ccc(F)cc2)C3(CC#N)CCN(Cc4ccc5cc[nH]c5c4)CC3,7.34,0
CC(C)(C)OC(=O)N1CCC(CC#N)(CC1)n2cc(C(=O)N)c(Nc3ccc(nc3)C(C)(C)O)n2,8.52,1
Cc1ccc(CN2CCC(CC#N)(CC2)n3cc(C(=O)N)c(Nc4ccccc4)n3)cc1,6.87,0
CC(C)Oc1ccc(CN2CCC(CC#N)(CC2)n3cc(C(=O)N)c(Nc4ccccc4)n3)cc1,6.09,0
NC(=O)c1cn(nc1Nc2ccc(cc2)S(=O)(=O)C(F)F)C3(CC#N)CCC(CC3)NCC(F)(F)F,6.33,0
NC(=O)C1=CC(N=C1Nc2ccnc(F)c2)C3(CC#N)CCC(CC3)N4CCC(O)CC4,6.8,0
Cc1cnc(F)c(CN2CCC(CC#N)(CC2)n3cc(C(=O)N)c(Nc4ccnc(F)c4)n3)c1,7.89,0
NC(=O)c1cn(nc1Nc2ccc(F)cc2)C3(CC#N)CCN(CC3)c4cc(F)ccn4,8.22,1
CC(=O)c1ccc(Nc2nn(cc2C(=O)N)C3(CC#N)CCN(CC3)C(=O)OC(C)(C)C)cc1,8.52,1
COc1ccc2cc(CN3CCC(CC#N)(CC3)n4cc(C(=O)N)c(Nc5ccccc5)n4)ccc2c1,6.53,0
NC(=O)c1cn(nc1Nc2ccnc(F)c2)C3(CC#N)CCN(Cc4ccc(cc4)C#N)CC3,8.05,1
Cc1cccc(Cl)c1NC(=O)N2CC(CC#N)(C2)n3cc(C(=O)N)c(Nc4ccccc4)n3,6.75,0
NC(=O)c1cn(nc1Nc2ccccc2)C3(CC#N)CCN(CC3)C(=O)OC4CCOCC4,6.99,0
COc1ccc(cc1)C(=O)N2CCC(CC#N)(CC2)n3cc(C(=O)N)c(Nc4ccccc4)n3,6.86,0
NC(=O)c1cn(nc1Nc2ccnc(F)c2)C3(CC#N)CCN(Cc4cc5ccccc5[nH]4)CC3,7.85,0
NC(=O)c1cn(nc1Nc2ccc(F)cc2)C3(CC#N)CCC(CC3)N4Cc5ccccc5C4,7.08,0
NC(=O)c1cn(nc1Nc2ccc(F)cc2)C3(CC#N)CCN(CC3)c4ccc(cc4)C#N,8.52,1
CC(C)[C@H](O)C(=O)N1CCC(CC#N)(CC1)n2cc(C(=O)N)c(Nc3ccnc(F)c3)n2,7.1,0
NC(=O)c1cn(nc1Nc2ccccc2)C3(CC#N)CCN(CC3)C(=O)OC4CCCCC4,6.5,0
Cc1cc(C)cc(NC(=O)N2CC(CC#N)(C2)n3cc(C(=O)N)c(Nc4ccccc4)n3)c1,6.49,0
CC(C)(C)OC(=O)N1CCC(CC#N)(CC1)n2cc(C(=O)N)c(Nc3ccc(cc3)S(=O)(=O)N)n2,9.0,1
CC(C)(C)OC(=O)N1CCC(CC#N)(CC1)n2cc(C(=O)N)c(Nc3ccncc3)n2,8.0,0
NC(=O)c1cn(nc1Nc2ccccc2)C3(CC#N)CCN(CC3)C(=O)c4ccc5ccccc5n4,6.78,0
CC(C)(C)OC(=O)N1CCC(CC#N)(CC1)n2cc(C(=O)N)c(Nc3ccc(cc3)C(C)(C)O)n2,8.52,1
NC(=O)c1cn(nc1Nc2ccccc2)C3(CC#N)CCN(CC3)C(=O)C4CC4,7.8,0
NC(=O)c1cn(nc1Nc2ccc(F)cc2)C3(CC#N)CCC(CC3)Nc4cccnc4,6.12,0
NC(=O)c1cn(nc1Nc2ccnc(F)c2)C3(CC#N)CCN(CC3)C(=O)OCC4CC4,7.75,0
NC(=O)c1cn(nc1Nc2ccc(F)cc2)C3(CC#N)CCN(CC3)C(=O)OCC4CCOC4,6.91,0
Cc1ccccc1c2cccc(Nc3nn(cc3C(=O)N)C4(CC#N)CCN(CC4)C(=O)OC(C)(C)C)c2,5.83,0
Cc1cncc(Nc2nn(cc2C(=O)N)C3(CC#N)CCN(CC3)C(=O)OC(C)(C)C)n1,6.75,0
NC(=O)c1cn(nc1Nc2ccccc2)C3(CC#N)CN(C3)C(=O)Nc4ccc(F)c(Cl)c4,6.55,0
CC(C)(C)OC(=O)N1CC[C@@](CC#N)([C@@H](F)C1)n2cc(C(=O)N)c(Nc3ccc(F)cc3)n2,7.6,0
NC(=O)c1cn(nc1Nc2ccc(cc2)S(=O)(=O)C(F)F)C3(CC#N)CCC(CC3)Nc4cccnc4,8.22,1
NC(=O)c1cn(nc1Nc2ccc(nc2)c3cn[nH]c3)C4(CC#N)CCN(CC4)C(=O)OCC(F)(F)F,9.22,1
NC(=O)c1cn(nc1Nc2ccnc(F)c2)C3(CC#N)CCC(CC3)Nc4cc(F)ccc4F,6.45,0
NC(=O)c1cn(nc1Nc2ccccc2)C3(CC#N)CCOCC3,6.88,0
NC(=O)c1cn(nc1Nc2ccc(cc2)S(=O)(=O)C(F)F)C3(CC#N)CCC(CC3)NCC(F)F,,0
NC(=O)c1cn(nc1Nc2ccnc(F)c2)C3(CC#N)CCN(Cc4cccc(Cl)c4)CC3,8.0,0
NC(=O)c1cn(nc1Nc2ccc(F)cc2)C3(CC#N)CCN(CC3)c4cccc(F)c4,7.62,0
NC(=O)c1cn(nc1Nc2ccnc(F)c2)C3(CC#N)CCN(Cc4ccccc4Cl)CC3,8.15,1
Cn1cc(cn1)c2ccc(Nc3nn(cc3C(=O)N)C4(CC#N)CCN(CC4)C(=O)OCC(F)(F)F)cn2,9.3,1
NC(=O)c1cn(nc1Nc2ccc(F)cc2)C3(CC#N)CCC(CC3)Nc4ccccc4F,8.15,1
NC(=O)c1cn(nc1Nc2ccccc2)[C@@]3(CC#N)C[C@H](C3)C#N,6.39,0
NC(=O)c1cn(nc1Nc2ccnc(F)c2)C3(CC#N)CCC(CC3)NCc4ccccc4,6.13,0
COc1cccc(COC(=O)N2CC(CC#N)(C2)n3cc(C(=O)N)c(Nc4ccccc4)n3)c1,6.37,0
NC(=O)c1cn(nc1Nc2ccc(F)cc2)C3(CC#N)CCN(Cc4cccc5[nH]ccc45)CC3,6.55,0
COc1cc(ccn1)N2CCC(CC#N)(CC2)n3cc(C(=O)N)c(Nc4ccc(F)cc4)n3,8.3,1
CC(C)(C)OC(=O)N1CCC(CC#N)(CC1)n2cc(C(=O)N)c(Nc3ccc(C(=O)N4CCOCC4)c(F)c3)n2,9.15,1
CCc1ccc(NC(=O)N2CC(CC#N)(C2)n3cc(C(=O)N)c(Nc4ccccc4)n3)cc1,7.55,0
CCC(F)(F)C(=O)N1CCC(CC#N)(CC1)n2cc(C(=O)N)c(Nc3ccnc(F)c3)n2,8.52,1
NC(=O)c1cn(nc1Nc2ccc(F)cc2)C3(CC#N)CCN(CC3)c4ccc(OC(F)F)nc4,7.68,0
NC(=O)c1cn(nc1Nc2ccc(F)cc2)C3(CC#N)CCC(CC3)Nc4ccccc4F,6.12,0
NC(=O)c1cn(nc1Nc2ccc(cc2)S(=O)(=O)C(F)F)C3(CC#N)CCC(CC3)Nc4ccccc4,9.0,1
Cc1noc(n1)c2ccc(Nc3nn(cc3C(=O)N)C4(CC#N)CCN(CC4)C(=O)OC(C)(C)C)cc2,8.3,1
Cc1ccc(cc1F)N2CCC(CC#N)(CC2)n3cc(C(=O)N)c(Nc4ccc(F)cc4)n3,6.67,0
NC(=O)c1cn(nc1Nc2ccc(F)cc2)C3(CC#N)CCC(CC3)NCC(F)F,7.89,0
NC(=O)c1cn(nc1Nc2ccc(nc2)C3CCC3)C4(CC#N)CCN(CC4)C(=O)OCC(F)F,8.52,1
CC(C)(O)CC(=O)N1CCC(CC#N)(CC1)n2cc(C(=O)N)c(Nc3ccnc(F)c3)n2,8.1,1
CC(C)(C)OC(=O)N1CCC(CC#N)(CC1)n2cc(C(=O)N)c(Nc3ccncn3)n2,6.86,0
NC(=O)c1cn(nc1Nc2ccccc2)C3(CC#N)CCN(CC3)C(=O)OCc4ccccc4,7.07,0
NC(=O)c1cn(nc1Nc2cccnc2)C3(CC#N)CCN(CC3)C(=O)OCC(F)(F)F,8.4,1
C[C@H](OC(=O)N1CCC(CC#N)(CC1)n2cc(C(=O)N)c(Nc3ccnc(F)c3)n2)C4CC4,8.05,1
NC(=O)c1cn(nc1Nc2ccnc(F)c2)C3(CC#N)CCN(Cc4cn5ccccc5n4)CC3,,0
NC(=O)c1cn(nc1Nc2ccccc2)C3(CC#N)CCN(CC3)C(=O)c4ccccc4c5ccccc5,5.83,0
COc1ccc(CC(=O)N2CCC(CC#N)(CC2)n3cc(C(=O)N)c(Nc4ccccc4)n3)cc1,7.08,0
COCC(C)(C)OC(=O)N1CCC(CC#N)(CC1)n2cc(C(=O)N)c(Nc3ccc(F)cc3)n2,7.4,0
CC(C)(C)OC(=O)N1CCC(CC#N)(CC1)n2cc(C(=O)N)c(Nc3cc(F)cc(F)c3)n2,7.38,0
CC(C)NC(=O)N1CC(CC#N)(C1)n2cc(C(=O)N)c(Nc3ccccc3)n2,6.73,0
NC(=O)c1cn(nc1Nc2ccc(F)cc2)C3(CC#N)CCC(CC3)N4CCC(F)(F)CC4,8.05,1
NC(=O)c1cn(nc1Nc2ccccc2)C3(CC#N)CCN(CC3)C(=O)OCc4cccc(F)c4,7.06,0
CCCNC(=O)N1CC(CC#N)(C1)n2cc(C(=O)N)c(Nc3ccccc3)n2,6.97,0
NC(=O)c1cn(nc1Nc2ccnc(F)c2)C3(CC#N)CCC(CC3)NCc4ccccc4F,6.51,0
NC(=O)c1cn(nc1Nc2ccnc(F)c2)C3(CC#N)CCN(Cc4cscn4)CC3,6.68,0
NC(=O)c1cn(nc1Nc2ccnc(F)c2)C3(CC#N)CCN(CC3)C(=O)O[C@H]4CCOC4,7.66,0
NC(=O)c1cn(nc1Nc2ccc(F)cc2)C3(CC#N)CCN(CC3)c4cncc(F)c4,8.4,1
C[C@H]1CN(CC[C@]1(CC#N)n2cc(C(=O)N)c(Nc3ccccc3)n2)C(=O)OC(C)(C)C,7.68,0
CC(C)(C)OC(=O)N1CCC(CC#N)(CC1)n2cc(C(=O)N)c(Nc3ccc(cc3)C(=O)C(F)(F)F)n2,8.52,1
CC(C)c1ccc(CN2CCC(CC#N)(CC2)n3cc(C(=O)N)c(Nc4ccccc4)n3)cc1,5.98,0
NC(=O)c1cn(nc1Nc2ccnc(F)c2)C3(CC#N)CCC(CC3)Nc4ccccc4Cl,8.15,1
CC(C)S(=O)(=O)c1ccc(Nc2nn(cc2C(=O)N)C3(CC#N)CCC(CC3)N4CCC(F)(F)CC4)cc1,6.11,0
NC(=O)c1cn(nc1Nc2ccc(cc2)S(=O)(=O)C(F)F)C3(CC#N)CCC(CC3)Nc4ccccc4O,8.22,1
NC(=O)c1cn(nc1Nc2ccnc(F)c2)C3(CC#N)CCC(CC3)N4CC(F)C4,6.35,0
CC(C)(C)OC(=O)N1CCC(CC#N)(CC1)n2cc(C(=O)N)c(Nc3cccc(c3)c4ccccc4O)n2,6.74,0
NC(=O)c1cn(nc1Nc2ccccc2)C3(CC#N)CN(C3)C(=O)OCc4ccncc4,6.45,0
NC(=O)c1cn(nc1Nc2ccc(nc2)C(O)C(F)(F)F)C3(CC#N)CCN(CC3)C(=O)OCC(F)(F)F,9.22,1
COc1ccc(NC(=O)N2CC(CC#N)(C2)n3cc(C(=O)N)c(Nc4ccccc4)n3)c(C)c1,6.63,0
NC(=O)c1cn(nc1Nc2ccc(F)cc2)C3(CC#N)CCN(Cc4occc4)CC3,7.55,0
CCC(=O)N1CC(CC#N)(C1)n2cc(C(=O)N)c(Nc3ccccc3)n2,6.53,0
NC(=O)c1cn(nc1Nc2ccnc(F)c2)C3(CC#N)CCN(CC3)C(=O)O[C@@H]4CCOC4,7.7,0
CC1(CCC1)C(=O)N2CCC(CC#N)(CC2)n3cc(C(=O)N)c(Nc4ccnc(F)c4)n3,6.94,0
Cc1ccc(NC(=O)N2CC(CC#N)(C2)n3cc(C(=O)N)c(Nc4ccc(cc4)S(=O)(=O)C)n3)cc1,6.76,0
NC(=O)c1cn(nc1Nc2ccnc(F)c2)C3(CC#N)CCC(CC3)NCc4ccc(Cl)cc4,6.36,0
NC(=O)c1cn(nc1Nc2ccccc2)C3(CC#N)CCN(CC3)S(=O)(=O)c4ccccc4Cl,8.05,1
CC(C)(C)OC(=O)C1CCC(CC#N)(CC1)n2cc(C(=O)N)c(Nc3ccccc3)n2,7.04,0
NC(=O)c1cn(nc1Nc2ccc(F)cc2)C3(CC#N)CCN(CC3)c4ccc(F)nc4,7.92,0
NC(=O)c1cn(nc1Nc2ccccc2)C3(CC#N)CN(C3)C(=O)OCCc4ccccc4,6.09,0
Cc1cccc(n1)N2CCC(CC#N)(CC2)n3cc(C(=O)N)c(Nc4ccc(F)cc4)n3,6.99,0
NC(=O)c1cn(nc1Nc2ccnc(F)c2)C3(CC#N)CCC(CC3)NCc4cccc(F)c4,8.05,1
NC(=O)c1cn(nc1Nc2ccccc2)C3(CC#N)CCN(CC3)S(=O)(=O)C(F)(F)F,8.22,1
CC1(COC(=O)N2CCC(CC#N)(CC2)n3cc(C(=O)N)c(Nc4ccc(F)cc4)n3)COC1,6.62,0
NC(=O)c1cn(nc1Nc2ccnc(F)c2)C3(CC#N)CCC(CC3)NC4CCCCC4,6.62,0
CC(C)(C)OC(=O)N1CC(CC#N)(C1)n2cc(C(=O)N)c(Nc3ccc(cc3)C(=O)N4CCS(=O)(=O)CC4)n2,8.3,1
NC(=O)c1cn(nc1Nc2ccccc2)C3(CC#N)CCN(Cc4ccccc4Cl)CC3,7.26,0
COc1cncc(c1)N2CCC(CC#N)(CC2)n3cc(C(=O)N)c(Nc4ccc(F)cc4)n3,7.77,0
NC(=O)c1cn(nc1Nc2ccnc(F)c2)C3(CC#N)CCN(Cc4ccc(O)nc4)CC3,8.1,1
CC(C)(C)OC(=O)N1CC2(C1)CC(CC#N)(C2)n3cc(C(=O)N)c(Nc4ccccc4)n3,5.83,0
NC(=O)c1cn(nc1Nc2ccnc(F)c2)C3(CC#N)CCC(CC3)Nc4ccc(Cl)cc4,8.52,1
NC(=O)c1cn(nc1Nc2ccnc(F)c2)C3(CC#N)CCC(CC3)NCc4ccccc4Cl,6.04,0
CC(C)(C)OC(=O)N1CCC(CC#N)(CC1)n2cc(C(=O)N)c(Nc3ccc(F)cc3)n2,7.68,0
NC(=O)c1cn(nc1Nc2ccnc(F)c2)C3(CC#N)CCN(CC3)C(=O)CC(F)(F)F,8.0,0
NC(=O)c1cn(nc1Nc2ccnc(F)c2)C3(CC#N)CCC(CC3)NCc4ccccn4,5.86,0
NC(=O)c1cn(nc1Nc2ccc(F)cc2)C3(CC#N)CCSCC3,6.95,0
CC(C)(C)OC(=O)N1CCC(CC#N)(CC1)n2cc(C(=O)N)c(Nc3ccc(cc3)S(=O)(=O)C(F)(F)F)n2,7.89,0
NC(=O)c1cn(nc1Nc2ccccc2)C3(CC#N)CN(C3)C(=O)OCCN4CCOCC4,6.31,0
CN1CCN(CCOC(=O)N2CCC(CC#N)(CC2)n3cc(C(=O)N)c(Nc4ccccc4)n3)CC1,6.5,0
Cn1c(cc2ccccc12)C(=O)N3CCC(CC#N)(CC3)n4cc(C(=O)N)c(Nc5ccccc5)n4,6.62,0
NC(=O)c1cn(nc1Nc2ccnc(F)c2)C3(CC#N)CCN(CC4=CC=CC(=O)N4)CC3,7.17,0
NC(=O)c1cn(nc1Nc2ccccc2)C3(CC#N)CCN(CC3)C(=O)OCc4ccncc4,7.24,0
CC(C)(C)OC(=O)N1CCC(CC#N)(CC1)n2cc(C(=O)N)c(Nc3ccc(C#N)c(F)c3)n2,8.15,1
C[C@@H](OC(=O)N1CCC(CC#N)(CC1)n2cc(C(=O)N)c(Nc3ccnc(F)c3)n2)C4CC4,7.92,0
NC(=O)c1cn(nc1Nc2ccc(F)cc2)C3(CC#N)CCN(CC3)c4cncnc4,8.7,1
NC(=O)c1cn(nc1Nc2ccc(F)cc2)C3(CC#N)CCC(CC3)Nc4cccc(F)c4,,0
NC(=O)c1cn(nc1Nc2ccnc(F)c2)C3(CC#N)CCC(CC3)N4CCc5ccccc45,,0
NC(=O)c1cn(nc1Nc2ccc(F)cc2)C3(CC#N)CCS(=O)(=O)CC3,6.09,0
Cc1ccc(CN2CCC(CC#N)(CC2)n3cc(C(=O)N)c(Nc4ccccc4)n3)cc1C,6.34,0
COC(C)COC(=O)N1CCC(CC#N)(CC1)n2cc(C(=O)N)c(Nc3ccc(F)cc3)n2,7.02,0
NC(=O)c1cn(nc1Nc2ccccc2)C3(CC#N)CCN(CC3)C(=O)C4CCCO4,6.97,0
NC(=O)c1cn(nc1Nc2ccnc(F)c2)C3(CC#N)CCN(CC3)C(=O)Cn4ccnc4,6.81,0
NC(=O)c1cn(nc1Nc2ccnc(F)c2)C3(CC#N)CCN(CC3)C(=O)CCC(F)(F)F,8.05,1
NC(=O)c1cn(nc1Nc2ccccc2)C3(CC#N)CCN(CC#Cc4ccccc4)CC3,6.13,0
NC(=O)c1cn(nc1Nc2ccccc2)C3(CC#N)CN(C3)C(=O)OC4CCCC4,7.12,0
CC(C)(C)OC(=O)N1CCC(CC#N)(CC1)n2cc(C(=O)N)c(Nc3cncc(F)c3)n2,7.8,0
NC(=O)c1cn(nc1Nc2ccccc2)C3(CC#N)CCN(CC3)C(=O)C(c4ccccc4)c5ccccc5,6.15,0
CC(C)(C)OC(=O)N1CC[C@](CC#N)([C@H](F)C1)n2cc(C(=O)N)c(Nc3ccc(F)cc3)n2,7.5,0
CCS(=O)(=O)N1CCC(CC#N)(CC1)n2cc(C(=O)N)c(Nc3ccccc3)n2,7.92,0
CS(=O)(=O)c1ccc(Nc2nn(cc2C(=O)N)[C@@]3(CC#N)C[C@@H](C3)C#N)cc1,6.9,0
NC(=O)c1cn(nc1Nc2ccccc2)C3(CC#N)CCN(Cc4ccc(cc4)C(F)(F)F)CC3,6.34,0
NC(=O)c1cn(nc1Nc2ccccc2)C3(CC#N)CCN(CC3)C(=O)Cc4ccc(cc4)C(F)(F)F,6.44,0
NC(=O)c1cn(nc1Nc2ccccc2)C3(CC#N)CCN(CC3)C(=O)c4cccc(Cl)c4,7.2,0
CS(=O)(=O)c1ccc(Nc2nn(cc2C(=O)N)C3(CC#N)CN(C3)C(=O)OC4CCOCC4)cc1,6.54,0
CC(C)(CO)OC(=O)N1CCC(CC#N)(CC1)n2cc(C(=O)N)c(Nc3ccc(F)cc3)n2,7.02,0
CC(C)(C)OC(=O)N1CCC(CC#N)(CC1)n2cc(C(=O)N)c(Nc3cccc(c3)c4ccccc4F)n2,6.08,0
NC(=O)c1cn(nc1Nc2ccc(F)cc2)C3(CC#N)CCN(CC4CCCCC4)CC3,6.68,0
CC(C)(C)OC(=O)N1CCC(CC#N)(CC1)n2cc(C(=O)N)c(Nc3cccc(Cn4nnc5ccccc45)c3)n2,7.75,0
NC(=O)c1cn(nc1Nc2ccccc2)C3(CC#N)CCN(Cc4cccc(O)c4)CC3,8.22,1
NC(=O)c1cn(nc1Nc2ccc(F)cc2)C3(CC#N)CCN(CC3)C(=O)OCC4CC4(F)F,7.42,0
NC(=O)c1cn(nc1Nc2ccc(F)cc2)C3(CC#N)CCN(CC3)c4cccc(OCCO)n4,7.33,0
NC(=O)c1cn(nc1Nc2ccc(F)cc2)C3(CC#N)CCN(CC3)C(=O)OCC4(O)CC4,7.7,0
NC(=O)c1cn(nc1Nc2ccc(F)cc2)C3(CC#N)CCN(Cc4cccnn4)CC3,7.0,0
CC(C)NC(=O)N1CCC(CC#N)(CC1)n2cc(C(=O)N)c(Nc3ccc(cc3)S(=O)(=O)C(F)(F)F)n2,8.7,1
NC(=O)c1cn(nc1Nc2ccccc2)C3(CC#N)CCN(CC3)C(=O)c4ccccn4,6.43,0
NC(=O)c1cn(nc1Nc2ccnc(F)c2)C3(CC#N)CCC(CC3)Nc4ccccc4,9.22,1
NC(=O)c1cn(nc1Nc2ccccc2)C3(CC#N)CCN(CC3)C(=O)C4CCCCC4,7.36,0
NC(=O)c1cn(nc1Nc2ccnc(F)c2)C3(CC#N)CCN(Cc4ccon4)CC3,7.33,0
CC(C)(O)c1cccc(n1)N2CCC(CC#N)(CC2)n3cc(C(=O)N)c(Nc4ccc(F)cc4)n3,7.66,0
NC(=O)c1cn(nc1Nc2ccccc2)C3(CC#N)CCN(CC3)S(=O)(=O)c4ccc(cc4)C(F)(F)F,8.1,1
CC1=NOC(CN2CCC(CC#N)(CC2)n3cc(C(=O)N)c(Nc4ccnc(F)c4)n3)C1,6.24,0
COc1ncc(cn1)N2CCC(CC#N)(CC2)n3cc(C(=O)N)c(Nc4ccc(F)cc4)n3,7.68,0
Cc1ccc(F)cc1N2CCC(CC#N)(CC2)n3cc(C(=O)N)c(Nc4ccc(F)cc4)n3,,0
NC(=O)c1cn(nc1Nc2ccc(F)cc2)C3(CC#N)CCN(CC3)C(=O)OCC4CCOCC4,6.84,0
COc1ccc(cc1)S(=O)(=O)N2CCC(CC#N)(CC2)n3cc(C(=O)N)c(Nc4ccccc4)n3,8.52,1
NC(=O)c1cn(nc1Nc2ccc(F)cc2)C3(CC#N)CCC(CC3)Nc4ccccc4,8.52,1
COCC(=O)N1CCC(CC#N)(CC1)n2cc(C(=O)N)c(Nc3ccccc3)n2,7.03,0
CNC(=O)c1ccc(Nc2nn(cc2C(=O)N)C3(CC#N)CCN(CC3)C(=O)OC(C)(C)C)cc1,8.7,1
NC(=O)c1cn(nc1Nc2ccnc(F)c2)C3(CC#N)CCN(Cc4cnn5ccccc45)CC3,6.3,0
CC(C)(C)COC(=O)N1CC(CC#N)(C1)n2cc(C(=O)N)c(Nc3ccccc3)n2,6.43,0
NC(=O)c1cn(nc1Nc2ccnc(F)c2)C3(CC#N)CCC(CC3)NCc4cccc(O)c4,6.22,0
NC(=O)c1cn(nc1Nc2ccc(F)cc2)C3(CC#N)CCN(Cc4ccnc5[nH]ccc45)CC3,7.06,0
NC(=O)c1cn(nc1Nc2ccccc2)C3(CC#N)CN(C3)C(=O)OC4CCOC4,6.99,0
NC(=O)c1cn(nc1Nc2ccc(F)cc2)[C@@]3(CC#N)CC[C@H](CC3)NCc4ccccc4,8.7,1
NC(=O)c1cn(nc1Nc2ccccc2)C3(CC#N)CCN(CC3)C(=O)\C=C\c4cccnc4,6.8,0
NC(=O)c1cn(nc1Nc2ccnc(F)c2)C3(CC#N)CCC(CC3)Nc4ccc(F)cc4F,6.3,0
NC(=O)c1cn(nc1Nc2ccccc2)C3(CC#N)CCN(CC3)S(=O)(=O)c4occc4,8.7,1
NC(=O)c1cn(nc1Nc2ccc(F)cc2)C3(CC#N)CCC(CC3)NC4CCCCC4,,0
CN(C)c1ccc(cc1)C(=O)N2CCC(CC#N)(CC2)n3cc(C(=O)N)c(Nc4ccccc4)n3,6.64,0
NC(=O)c1cn(nc1Nc2ccccc2)C3(CC#N)CCN(CC3)C(=O)OCc4cccnc4,7.42,0
CC1(COC(=O)N2CCC(CC#N)(CC2)n3cc(C(=O)N)c(Nc4ccc(F)cc4)n3)CC1,7.14,0
