smiles,label
COc1ccc(C[C@H](N)C(=O)N[C@@H]2[C@@H](CO)O[C@H]([C@@H]2O)n3cnc4c(ncnc34)N(C)C)cc1,0
CCN(CC)N=O,0
CN(C)C(=N)NC(=N)N,0
CC(C)(C)c1cc(SC(C)(C)Sc2cc(c(O)c(c2)C(C)(C)C)C(C)(C)C)cc(c1O)C(C)(C)C,0
[O-2].[Cu+2],0
O=C1Nc2ccccc2c3ccccc13,0
CC(C)CN(C[C@@H](O)[C@H](Cc1ccccc1)NC(=O)O[C@H]2CCOC2)S(=O)(=O)c3ccc(N)cc3,0
CC(C)NCC(O)c1ccc(O)c(O)c1,0
CN1C(=O)CN=C(c2ccccc2)c3cc(Cl)ccc13,0
CN(C)c1nc(nc(n1)N(C)C)N(C)C,0
O=C(C1CCCCC1)N2CC3N(CCc4ccccc34)C(=O)C2,0
CC1(C)[C@@H](N2[C@@H](CC2=O)S1(=O)=O)C(=O)O,0
COc1cccc2C(=O)c3c(O)c4C[C@](O)(C[C@H](O[C@H]5C[C@H](N)[C@H](O)[C@H](C)O5)c4c(O)c3C(=O)c12)C(=O)CO,0
CN(C)CCN(Cc1cccs1)c2ccccn2,0
CCN(CC)CCOC(=O)C1(CCCCC1)C2CCCCC2,0
CN(Cc1cnc2nc(N)nc(N)c2n1)c3ccc(cc3)C(=O)N[C@@H](CCC(=O)O)C(=O)O,0
OC[C@H]1O[C@H]([C@H](O)[C@@H]1O)N2N=CC(=O)NC2=O,0
COCCCOc1ccnc(C[S+]([O-])c2nc3ccccc3[nH]2)c1C,0
OC(=O)C(Cl)(Cl)Cl,0
CN(C)CC[C@@H](c1ccc(Cl)cc1)c2ccccn2,0
CCN(C(=O)C)c1cccc(c1)c2ccnc3c(cnn23)C#N,0
NC(=O)N1c2ccccc2CC(=O)c3ccccc13,0
OC(=O)CCCc1ccc(cc1)N(CCCl)CCCl,0
CC(C)CCC[C@@H](C)[C@H]1CC[C@H]2\C(=C\C=C/3\C[C@@H](O)C[C@H](O)C3=C)\CCC[C@]12C,0
CCN1CCC[C@H]1CNC(=O)c2cc(ccc2OC)S(=O)(=O)N,0
Cc1cc(C)nc(NS(=O)(=O)c2ccc(N)cc2)n1,0
CN1C(=O)N(C)c2nc[nH]c2C1=O.CN3C(=O)N(C)c4nc[nH]c4C3=O.NCCN,0
CCC(=O)O[C@@]1([C@@H](C)C[C@H]2[C@@H]3CCC4=CC(=O)C=C[C@]4(C)[C@@]3(F)[C@@H](O)C[C@]12C)C(=O)CCl,0
C(c1ccccc1)n2ccnc2,0
CN1CCC[C@@H]1CCO[C@](C)(c2ccccc2)c3ccc(Cl)cc3,0
COC1=CC(=O)OC1(O)C(=C)C,0
C=CCc1ccc2OCOc2c1,0
CC(C)OC(=O)C(C)(C)Oc1ccc(cc1)C(=O)c2ccc(Cl)cc2,0
NC(=O)c1ncn(n1)[C@@H]2O[C@H](CO)[C@@H](O)[C@H]2O,0
CCN(CCO)CCCC(C)Nc1ccnc2cc(Cl)ccc12,0
CCCCOc1cc(CC2CNC(=O)N2)ccc1OC,0
NC1=Nc2[nH]cnc2C(=S)N1,0
O=C1CCC(N2C(=O)c3ccccc3C2=O)C(=O)N1,0
NNc1nncc2ccccc12,0
CCN(CC)CCOC(=O)c1ccc(N)cc1,0
CC1(C)O[C@@H]2C[C@H]3[C@@H]4C[C@H](F)C5=CC(=O)C=C[C@]5(C)[C@H]4[C@@H](O)C[C@]3(C)[C@@]2(O1)C(=O)CO,0
C1CCN2C[C@H]3C[C@H](CN4CCCC[C@@H]34)[C@H]2C1,0
CCOC(=O)N,0
OCCN(CCO)c1nc(N2CCCCC2)c3nc(nc(N4CCCCC4)c3n1)N(CCO)CCO,0
CCC1(CCC(=O)NC1=O)c2ccc(N)cc2,0
CC(C)NCC(O)COc1cccc2[nH]ccc12,0
CC(=O)N[C@H]1[C@@H](O)[C@H](O)[C@H](CO)O[C@H]1O[C@H]2[C@@H]3NC(=O)[C@H](NC(=O)[C@@H]4NC(=O)[C@H]5NC(=O)[C@@H](Cc6ccc(Oc7cc4cc(Oc8ccc2cc8Cl)c7O[C@@H]9O[C@@H](CO)[C@@H](O)[C@H](O)[C@@H]9NC(=O)C)c(Cl)c6)NC(=O)[C@H](N)c%10ccc(O)c(Oc%11cc(O)cc5c%11)c%10)c%12ccc(O)c(c%12)c%13c(O[C@H]%14O[C@H](CO)[C@@H](O)[C@@H](O)[C@@H]%14O)cc(O)cc%13[C@H](NC3=O)C(=O)O,0
c1ccc2c(c1)c3cccc4ccc5cccc2c5c34,0
[I-].[I-].[I-].CC[N+](CC)(CC)CCOc1cccc(OCC[N+](CC)(CC)CC)c1OCC[N+](CC)(CC)CC,0
NCC1(CC(=O)O)CCCCC1,0
CCCOc1ccc(cc1N)C(=O)OCCN(CC)CC,0
OC(=O)Cc1ccc(cc1)c2ccccc2,0
Brc1c(NC2=NCCN2)ccc3nccnc13,0
CC(C)(CO)C(O)C(=O)NCCCO,0
CN(CCOc1ccc(CC2SC(=O)NC2=O)cc1)c3ccccn3,0
C[C@@H]1C[C@H]2[C@@H]3CCC4=CC(=O)C=C[C@]4(C)[C@@]3(F)[C@@H](O)C[C@]2(C)[C@@]1(O)C(=O)CO,0
CCN[C@@H](C)Cc1cccc(c1)C(F)(F)F,0
Nc1c(CC(=O)O)cccc1C(=O)c2ccc(Br)cc2,0
CN1CCN(Cc2ccc(cc2)C(=O)Nc3ccc(C)c(Nc4nccc(n4)c5cccnc5)c3)CC1,0
COc1cc(\C=C\C(=O)O)ccc1O,0
NC(=O)N1c2ccccc2CCc3ccccc13,0
CN1C=CC(=O)C(=C1C)O,0
COc1cc2nc(nc(N)c2cc1OC)N3CCN(CC3)C(=O)c4occc4,0
CC(C)CCC[C@@H](C)[C@H]1CC[C@H]2\C(=C\C=C/3\C[C@@H](O)CCC3=C)\CCC[C@]12C,0
CC[C@H]1OC(=O)[C@H](C)[C@@H](O[C@H]2C[C@@](C)(OC)[C@@H](O)[C@H](C)O2)[C@H](C)[C@@H](O[C@@H]3O[C@H](C)C[C@@H]([C@H]3O)N(C)C)[C@](C)(O)C[C@@H](C)C(=O)[C@H](C)[C@@H](O)[C@]1(C)O,0
CN(C)CCOC(c1ccccc1)c2ccccc2,0
CCN1C=C(C(=O)O)C(=O)c2cc(F)c(N3CCNC(C)C3)c(F)c12,0
CO[C@H]1O[C@@H]2O[C@@]3(C)CC[C@H]4[C@H](C)CC[C@@H]([C@H]1C)[C@@]24OO3,0
CC(=O)O[C@@]1(CC[C@H]2[C@@H]3C=C(Cl)C4=CC(=O)[C@@H]5C[C@@H]5[C@]4(C)[C@H]3CC[C@]12C)C(=O)C,0
CC1CCC(CC1)NC(=O)N(CCCl)N=O,0
OCCN1CCN(CCCN2c3ccccc3Sc4ccc(Cl)cc24)CC1,0
N#Cc1ccc(cc1)C(c2ccc(cc2)C#N)n3cncn3,0
C[C@](N)(Cc1ccc(O)cc1)C(=O)O,0
OC[C@H]1O[C@@H]2O[C@H]3[C@H](O)[C@@H](O)[C@H](O[C@@H]3CO)O[C@H]4[C@H](O)[C@@H](O)[C@H](O[C@@H]4CO)O[C@H]5[C@H](O)[C@@H](O)[C@H](O[C@@H]5CO)O[C@H]6[C@H](O)[C@@H](O)[C@H](O[C@@H]6CO)O[C@H]7[C@H](O)[C@@H](O)[C@H](O[C@@H]7CO)O[C@H]8[C@H](O)[C@@H](O)[C@H](O[C@@H]8CO)O[C@H]1[C@H](O)[C@H]2O,0
C[S+](C)[O-],0
COc1cc2OC[C@H]3Oc4c5C[C@@H](Oc5ccc4C(=O)[C@H]3c2cc1OC)C(=C)C,0
NC12CC3CC(CC(C3)C1)C2,0
NCCCC[C@H](N[C@@H](CCc1ccccc1)C(=O)O)C(=O)N2CCC[C@H]2C(=O)O,0
C\C=C\1/[C@@H]2CC3=C(C=CC(=O)N3)[C@]1(N)CC(=C2)C,0
CC#C[C@]1(O)CC[C@H]2[C@@H]3CCC4=CC(=O)CCC4=C3[C@H](C[C@]12C)c5ccc(cc5)N(C)C,0
CC(C)c1cccc(C(C)C)c1O,0
Cc1cn[nH]c1,0
O.O.O.O.O.O.[Cl-].[Cl-].[Sr+2],0
CC(C)(C#N)c1cc(Cn2cncn2)cc(c1)C(C)(C)C#N,0
C[C@H]1C[C@H](C)C(=O)[C@@H](C1)[C@H](O)CC2CC(=O)NC(=O)C2,0
CC1(C)[C@@H]2CC[C@@]1(C)C(=O)C2,0
C[C@]12CC[C@H]3[C@@H](CCC4=CC(=O)CC[C@H]34)[C@@H]1CC[C@@H]2O,0
C[C@H]1OC=C2C(=C(C(=O)O)C(=O)C(=C2[C@@H]1C)C)O,0
CC(C)(C(=O)c1cccnc1)c2cccnc2,0
Clc1ccccc1C(c2ccccc2)(c3ccccc3)n4ccnc4,1
OC[C@H]1O[C@@H]2O[C@H]3[C@H](O)[C@@H](O)[C@H](O[C@@H]3CO)O[C@H]4[C@H](O)[C@@H](O)[C@H](O[C@@H]4CO)O[C@H]5[C@H](O)[C@@H](O)C(O[C@@H]5CO)OC6[C@H](O)[C@@H](O)C(O[C@@H]6CO)C7[C@H](O)[C@@H](O)C(O[C@@H]7CO)O[C@H]8[C@H](O)[C@@H](O)[C@H](O[C@@H]8CO)O[C@H]9[C@H](O)[C@@H](O)[C@H](O[C@@H]9CO)O[C@H]1[C@H](O)[C@H]2O,0
CC(CCc1ccc(O)cc1)NCCc2ccc(O)c(O)c2,1
[Br-].C[N+]1(C)[C@H]2C[C@@H](C[C@H]1[C@H]3O[C@@H]23)OC(=O)[C@H](CO)c4ccccc4,0
CSc1ccc2Sc3ccccc3N(CCC4CCCCN4C)c2c1,1
Nc1nnc(c(N)n1)c2cccc(Cl)c2Cl,0
O=C1C[C@@H]2OCC=C3CN4CC[C@@]56[C@@H]4C[C@@H]3[C@@H]2[C@@H]5N1c7ccccc67,0
COc1ccc2[nH]c(nc2c1)[S+]([O-])Cc3ncc(C)c(OC)c3C,0
CN(C)CCOC(c1ccccc1)c2ccccc2.CN3C(=O)N(C)c4nc(Cl)[nH]c4C3=O,0
Cc1[nH]cnc1CN2CCc3c(C2=O)c4ccccc4n3C,0
C[C@]12CC[C@H]3[C@@H](CCC4=CC(=O)CC[C@]34C)[C@@H]1CC[C@@H]2O,0
CN([C@H]1CC[C@@]2(CCCO2)C[C@@H]1N3CCCC3)C(=O)Cc4ccc(Cl)c(Cl)c4,0
[O-][N+](=O)c1ccc2NC(=O)CN=C(c3ccccc3Cl)c2c1,0
CC1CC(CC(C)(C)C1)OC(=O)C(O)c2ccccc2,0
COc1nc(C)nc(Cl)c1NC2=NCCN2,0
COC1CN(CCCOc2ccc(F)cc2)CCC1NC(=O)c3cc(Cl)c(N)cc3OC,0
O=C1CC2(CCCC2)CC(=O)N1CCCCN3CCN(CC3)c4ncccn4,0
CO\N=C(/C(=O)N[C@H]1[C@H]2SCC(=C(N2C1=O)C(=O)O)COC(=O)C)\c3csc(N)n3,0
COC(=O)Nc1nc2ccc(Sc3ccccc3)cc2[nH]1,0
CN(C)CCCC1(OCc2cc(ccc12)C#N)c3ccc(F)cc3,0
C[N+](C)(C)C[C@H](O)CC(=O)[O-],0
ClC(=C)Cl,0
OC1=C(CC2=C(O)c3ccccc3OC2=O)C(=O)Oc4ccccc14,0
NC1=NC(=O)N(C=C1)[C@@H]2O[C@H](CO)[C@@H](O)[C@@H]2O,0
CO[C@]12[C@H]3N[C@H]3CN1C4=C([C@H]2COC(=O)N)C(=O)C(=C(C)C4=O)N,0
NNCCc1ccccc1,0
CN[C@H]1CC[C@@H](c2ccc(Cl)c(Cl)c2)c3ccccc13,0
CCC1=C[C@@H]2CN(C1)Cc3c([nH]c4ccccc34)[C@@](C2)(C(=O)OC)c5cc6c(cc5OC)N(C)[C@H]7[C@](O)([C@H](OC(=O)C)[C@]8(CC)C=CCN9CC[C@]67[C@H]89)C(=O)OC,0
CCOc1ccc(NC(=O)C)cc1,0
Fc1ccc(cc1)C(N2CCN(C\C=C\c3ccccc3)CC2)c4ccc(F)cc4,0
CCCNC(=O)NS(=O)(=O)c1ccc(Cl)cc1,0
CCN1C[C@]2(COC)[C@H](O)C[C@@H](OC)[C@@]34[C@@H]5C[C@]6(O)[C@@H](OC)[C@H](O)[C@](OC(=O)C)([C@@H]([C@H](OC)[C@H]23)[C@@H]14)[C@H]5[C@H]6OC(=O)c7ccccc7,0
O.C[C@@](Cc1ccc(O)c(O)c1)(NN)C(=O)O,0
OC[C@H]1O[C@H](C[C@@H]1O)N2C=C(F)C(=O)NC2=O,0
[Cl-].C[N+](C)(C)CCOC(=O)N,0
COc1cc(cc(OC)c1OC)C(=O)NC2CCCNC2,0
Oc1c(Br)cc(Br)cc1C(=O)Nc2ccc(Br)cc2,1
COc1ccc(C[C@H]2NC[C@H](O)[C@H]2OC(=O)C)cc1,0
COC1=CC=C2C(=CC1=O)[C@H](CCc3cc(OC)c(OC)c(OC)c23)NC(=O)C,0
NC[C@@H]1CC[C@H](CC1)C(=O)O,0
C[C@]12CC[C@H]3[C@@H](CCc4cc(O)ccc34)[C@@H]1C[C@@H](O)[C@@H]2O,0
C[C@]12C[C@H](O)[C@H]3[C@@H](CCC4=CC(=O)C=C[C@]34C)[C@@H]1CC[C@]2(O)C(=O)CO,0
Oc1cccc(O)c1O,1
COc1ccc2c(c1)c(CC(=O)OCC(=O)O)c(C)n2C(=O)c3ccc(Cl)cc3,0
CC[C@]1(O)CC[C@H]2[C@@H]3CCC4=CCCC[C@@H]4[C@H]3CC[C@]12C,0
ClC(Cl)(Cl)Cl,0
CN(CCOc1ccc(C[C@H](Nc2ccccc2C(=O)c3ccccc3)C(=O)O)cc1)c4ccccn4,1
CN(C)[C@H]1[C@@H]2C[C@H]3C(=C(O)[C@]2(O)C(=O)C(=C1O)C(=O)N)C(=O)c4c(O)ccc(Cl)c4[C@@]3(C)O,0
COC(=O)c1ccc(O)cc1,0
S(Sc1nc2ccccc2s1)c3nc4ccccc4s3,0
CC(C(=O)O)c1ccc(c(F)c1)c2ccccc2,0
Clc1ccc2N(C3CCN(CCCN4C(=O)Nc5ccccc45)CC3)C(=O)Nc2c1,0
CCN(CC)C(=O)N[C@@H]1CN(C)[C@@H]2Cc3c[nH]c4cccc(C2=C1)c34,0
CC[C@]1(O)C[C@H]2CN(CCc3c([nH]c4ccccc34)[C@@](C2)(C(=O)OC)c5cc6c(cc5OC)N(C)[C@H]7[C@](O)([C@H](O)[C@]8(CC)C=CCN9CC[C@]67[C@H]89)C(=O)N)C1,0
Nc1nc(N)nc(n1)c2cc(Cl)ccc2Cl.OC(=O)\C=C/C(=O)O,0
ClCCN(N=O)C(=O)NC1CCCCC1,0
NC(=N)NC(=O)Cc1c(Cl)cccc1Cl,0
CNCCCC12CCC(c3ccccc13)c4ccccc24,0
C[C@@H]1C\C=C\C=C\C=C\C=C\[C@@H](C[C@@H]2O[C@](O)(C[C@@H](O)C[C@H]3O[C@@H]3\C=C\C(=O)O1)C[C@H](O)[C@H]2C(=O)O)O[C@@H]4O[C@H](C)[C@@H](O)[C@H](N)[C@@H]4O,0
O=C1N=CN=C2NNC=C12,0
Clc1ccc(CSC(Cn2ccnc2)c3ccc(Cl)cc3Cl)cc1,0
CN1N(C(=O)C=C1C)c2ccccc2,0
COc1ccc2cc(ccc2c1)[C@H](C)C(=O)O,0
C[C@]12Cc3cnoc3C=C1CC[C@@H]4[C@@H]2CC[C@@]5(C)[C@H]4CC[C@@]5(O)C#C,0
COc1cccc(c1)C2(O)CCCCC2CN(C)C,0
CCC1(C)CC(=O)NC1=O,0
CC1=NN(C(=O)C1)c2ccccc2,0
C[C@]12CC[C@@H](O)C[C@@H]1CC[C@@H]3[C@@H]2CC[C@@]4(C)[C@H]3CCC4=O,0
CN(N=O)C(=O)N[C@H]1C(O)O[C@H](CO)[C@@H](O)[C@@H]1O,0
C[C@@H]1O[C@@H](O[C@H]2CC[C@]3(C)[C@H]4CC[C@]5(C)[C@H](CC[C@]5(O)[C@@H]4CCC3=C2)C6=COC(=O)C=C6)[C@H](O)[C@H](O)[C@H]1O,0
CCCC1O[C@@H]2C[C@H]3[C@@H]4CCC5=CC(=O)C=C[C@]5(C)[C@H]4[C@@H](O)C[C@]3(C)[C@@]2(O1)C(=O)CO,0
C[C@@H]1CN(C[C@H](C)N1)c2c(F)c(N)c3C(=O)C(=CN(C4CC4)c3c2F)C(=O)O,0
[Cl-].[Cl-].[Zn+2],1
C\C\1=C/CC[C@@]2(C)O[C@H]2[C@H]3OC(=O)C(=C)[C@@H]3CC1,0
COc1ccc2cc(CC(=O)O)ccc2c1,0
CC(=O)OCC(=O)[C@@]1(O)CC[C@H]2[C@@H]3CCC4=CC(=O)CC[C@]4(C)[C@@]3(F)[C@@H](O)C[C@]12C,0
[Na+].[O-][As]=O,0
C[C@]1(Cn2ccnn2)[C@@H](N3[C@@H](CC3=O)S1(=O)=O)C(=O)O,0
N[C@@H](Cc1ccc(F)cc1)C(=O)O,0
O=C1C(C(=O)c2ccccc12)c3ccccc3,0
CCC1(CCC(C)C)C(=O)NC(=NC1=O)O,0
C[C@H]1O[C@H](C[C@H](O)[C@@H]1O)O[C@H]2[C@@H](O)C[C@H](O[C@H]3[C@@H](O)C[C@H](O[C@H]4CC[C@@]5(C)[C@H](CC[C@@H]6[C@@H]5CC[C@]7(C)[C@H](CC[C@]67O)C8=CC(=O)OC8)C4)O[C@@H]3C)O[C@@H]2C,0
OC(Cc1cccnc1)(P(=O)(O)O)P(=O)(O)O,0
COc1cc(cc(OC)c1O)[C@H]2[C@@H]3[C@H](COC3=O)[C@H](O[C@@H]4O[C@@H]5CO[C@@H](C)O[C@H]5[C@H](O)[C@H]4O)c6cc7OCOc7cc26,0
CN1C2CCCC1CC(C2)NC(=O)c3nn(C)c4ccccc34,0
CC(C)[C@@H](C)\C=C\[C@@H](C)[C@H]1CC[C@H]2\C(=C\C=C/3\C[C@@H](O)CCC3=C)\CCC[C@]12C,0
CN1C(=C(O)c2sccc2S1(=O)=O)C(=O)Nc3ccccn3,0
Cc1cccc(Nc2cc(Cl)nc(SCC(=O)O)n2)c1C,0
CC[C@H](C)C(=O)O[C@H]1C[C@H](O)C=C2C=C[C@H](C)[C@H](CC[C@@H](O)C[C@@H](O)CC(=O)O)[C@@H]12,0
CN(C(=S)Oc1ccc2ccccc2c1)c3cccc(C)c3,0
COc1cc2nc(nc(N)c2cc1OC)N3CCN(CC3)C(=O)C4COc5ccccc5O4,0
COC(=O)Nc1nc2cc(ccc2[nH]1)C(=O)c3ccc(F)cc3,0
Cc1cc(c(O)c(C)c1CC2=NCCN2)C(C)(C)C,0
NC[C@H]1O[C@H](O[C@@H]2[C@@H](N)C[C@@H](N)[C@H](O[C@H]3O[C@H](CO)[C@@H](O)[C@H](N)[C@H]3O)[C@H]2O)[C@H](O)[C@@H](O)[C@@H]1O,0
Nc1nc2ccc(OC(F)(F)F)cc2s1,0
COC(=O)Nc1nc2ccc(cc2[nH]1)C(=O)c3ccccc3,0
CN1C[C@@H](C[C@H]2[C@H]1Cc3c[nH]c4cccc2c34)C(=O)N[C@]5(C)O[C@@]6(O)[C@@H]7CCCN7C(=O)[C@H](Cc8ccccc8)N6C5=O,0
N.CO[C@H]1C[C@@H](O[C@H]2C[C@@H](O[C@H]2[C@]3(C)CC[C@@H](O3)[C@]4(C)CC[C@]5(C[C@H](O)[C@@H](C)[C@H](O5)[C@@H](C)[C@@H]6O[C@](O)(CC(=O)O)[C@@H](C)[C@H](OC)[C@H]6OC)O4)[C@H]7O[C@](C)(O)[C@H](C)C[C@@H]7C)O[C@@H](C)[C@@H]1OC,0
COc1ccccc1C(=O)N2CCC(Cc3ccccc3)CC2,0
Clc1ccc(CO\N=C(/Cn2ccnc2)\c3ccc(Cl)cc3Cl)c(Cl)c1,0
C[C@]12CC[C@H]3[C@@H](CCc4cc(O)ccc34)[C@@H]1CC[C@@H]2O,0
Fc1ccc(cc1)[C@@H]2CCNC[C@H]2COc3ccc4OCOc4c3,0
Oc1ccccc1,0
NC(=Nc1nc(CSCC\C(=N\S(=O)(=O)N)\N)cs1)N,0
CN(C1CCCCC1)C(=O)CCCOc2ccc3nc(O)ccc3c2,0
ClCCNP1(=O)OCCCN1CCCl,0
NC(=O)c1cccc(N)c1,0
Cc1ccccc1C(=O)N2CCC(Cc3ccccc3)CC2,0
[Na+].[Na+].[Na+].[O-][V](=O)([O-])[O-],0
CCCCCCNC(=O)N1C=C(F)C(=O)NC1=O,0
Cc1cc(C(C#N)c2ccc(Cl)cc2)c(Cl)cc1NC(=O)c3cc(I)cc(I)c3O,1
Nc1ccc(cc1)S(=O)(=O)NC(=O)c2ccccc2,0
CN1CCN(CC1)C(c2ccccc2)c3ccccc3,0
CO[C@H]1\C=C\O[C@@]2(C)Oc3c(C)c(O)c4C(=O)C(=C5NC6(CCN(CC(C)C)CC6)N=C5c4c3C2=O)NC(=O)\C(=C/C=C/[C@H](C)[C@H](O)[C@@H](C)[C@@H](O)[C@@H](C)[C@H](OC(=O)C)[C@@H]1C)\C,0
C[C@@H](O)[C@@H]1[C@H]2[C@@H](C)C(=C(N2C1=O)C(=O)O)S[C@@H]3CN[C@@H](C3)C(=O)N(C)C,0
COc1cc(N)[nH]c2nc(c3ccc(F)cc3)c(c4ccncc4)c12,0
NC(=N)NCCN1CCCCCCC1,0
C[C@H]1C[C@H]2[C@@H]3CC[C@](O)(C(=O)C)[C@@]3(C)C[C@H](O)[C@]2(F)[C@@]4(C)C=CC(=O)C=C14,0
COc1ccccc1OCC(O)COC(=O)N,0
OC(=O)CCCC[C@@H]1CCSS1,0
Nc1nc(O)c2ncn(COC(CO)CO)c2n1,0
COCc1c(nc(C(C)C)c(\C=C\[C@@H](O)C[C@@H](O)CC(=O)O)c1c2ccc(F)cc2)C(C)C,0
NC(=N)N\N=C\c1c(Cl)cccc1Cl,0
CN[C@H]1[C@H](O)[C@@H](O)[C@H](CO)O[C@H]1O[C@H]2[C@H](O[C@H]3[C@H](O)[C@@H](O)[C@H](N=C(N)N)[C@@H](O)[C@@H]3N=C(N)N)O[C@@H](C)[C@]2(O)C=O,0
Nn1nnc2ccccc12,0
CN1C(=O)CN=C(c2ccccc2)c3cc(ccc13)[N+](=O)[O-],0
NC1=NC(=O)N(C=N1)[C@@H]2O[C@H](CO)[C@@H](O)[C@H]2O,0
C[C@]12CC[C@H]3[C@@H](CCc4cc(O)ccc34)[C@@H]1CC[C@@]2(O)C#C,0
N(c1ccccc1)c2ccc(Nc3ccccc3)cc2,0
NC1=NC(=O)N(C=C1)[C@@H]2CS[C@H](CO)O2,0
CCC1C2CC3C4N(C)c5ccccc5C46CC(C2[C@H]6O)N3C1O,0
CC(=O)OCC(CCn1cnc2cnc(N)nc12)COC(=O)C,0
C[S+]([O-])c1ccc(\C=C/2\C(=C(CC(=O)O)c3cc(F)ccc23)C)cc1,0
CC(C(=O)O)c1cccc(Oc2ccccc2)c1,0
[Cl-].[Cl-].C[N+](C)(C)CCOC(=O)CCC(=O)OCC[N+](C)(C)C,0
Cc1onc(O)c1CC(N)C(=O)O,0
CC(C)[C@H](N)C(=O)OCCOCn1cnc2C(=O)N=C(N)Nc12,0
O=C1C=C(Oc2c1ccc3ccccc23)c4ccccc4,0
COS(=O)(=O)C,0
C[C@]1(O)CC[C@H]2[C@@H]3CCC4=CC(=O)CC[C@]4(C)[C@H]3CC[C@]12C,0
C[C@H]1C[C@@H]2[C@H](CC[C@@]3(C)[C@H]2CC[C@]3(O)C(=O)C)[C@@]4(C)CCC(=O)C=C14,0
CN(C)CCOC(c1ccccc1)c2ccccc2C,0
CC(=O)[C@@]1(O)CC[C@H]2[C@@H]3CCC4=CC(=O)CC[C@]4(C)[C@H]3CC[C@]12C,0
CCCCC1C(=O)N(N(C1=O)c2ccccc2)c3ccccc3,0
COc1ccc2C[C@H]3[C@H]4CCCC[C@@]4(CCN3C)c2c1,0
CCN(CC)CCOc1ccc(cc1)\C(=C(\Cl)/c2ccccc2)\c3ccccc3,1
CC[C@H](C)[C@@H](CO[C@@H](Cc1ccccc1)C(=O)N[C@@H](CCS(=O)(=O)C)C(=O)OC(C)C)NC[C@@H](N)CS,1
N[C@H](CSC(=S)NCc1ccccc1)C(=O)O,0
CN(C)CCC=C1c2ccccc2CCc3ccccc13,0
Nc1ccc(cc1)S(=O)(=O)Nc2nccs2,0
CCCCC1=NC2(CCCC2)C(=O)N1Cc3ccc(cc3)c4ccccc4c5nn[nH]n5,0
NC(=N)NC(=O)c1nc(Cl)c(N)nc1N,0
[Br-].CC[N+]1(CCOC(=O)C(O)(c2ccccc2)c3ccccc3)CCCCC1,0
C[C@H](CS)C(=O)N1CCC[C@H]1C(=O)O,0
CC(C)n1c(\C=C\C(O)CC(O)CC(=O)O)c(c2ccc(F)cc2)c3ccccc13,0
CN(C)C(=O)Oc1cc(OC(=O)N(C)C)cc(c1)C(O)CNC(C)(C)C,0
CC1COc2c(N3CCN(C)CC3)c(F)cc4C(=O)C(=CN1c24)C(=O)O,0
C[C@H](Cc1ccccc1)N(C)CC#C,0
NCCCNCCSP(=O)(O)O,0
COc1ccc(CCN(C)CCCC(C#N)(C(C)C)c2ccc(OC)c(OC)c2)cc1OC,0
CN1C[C@@H]2C[C@H]1CN2c3cc4N(C=C(C(=O)O)C(=O)c4cc3F)C5CC5,0
C[C@@H](N)[C@@H]1CC[C@H](CC1)C(=O)Nc2ccncc2,0
CC(C)(Oc1ccc(cc1)C2CC2(Cl)Cl)C(=O)O,0
CCN(CC)CCNC(=O)c1cc(Cl)c(N)cc1OC,0
CC1(C)[C@H]2CC[C@]1(C)C(=O)C2,0
CC1(C)S[C@@H]2[C@H](NC(=O)[C@H](NC(=O)N3CCNC3=O)c4ccccc4)C(=O)N2[C@H]1C(=O)O,0
COc1ccc(CN2CCNCC2)c(OC)c1OC,0
C[C@]12CC[C@H]3[C@@H](CCC4=CC(=O)CC[C@H]34)[C@@H]1CC[C@@]2(O)C#C,0
Oc1ccc2C[C@H]3N(CC4CC4)CC[C@@]56[C@@H](Oc1c25)C(=O)CC[C@@]36O,0
OC(Cn1cncn1)(Cn2cncn2)c3ccc(F)cc3F,0
CCN1C=C(C(=O)O)C(=O)c2cc(F)c(cc12)N3CCNCC3,0
CC(C)NNC(=O)c1ccncc1,0
CC(C)Cc1ccc(cc1)[C@@H](C)C(=O)O,0
ClCC(Cl)Cl,0
CC(C)[C@@]1(NC(=O)[C@@H]2C[C@H]3[C@@H](Cc4c[nH]c5cccc3c45)N(C)C2)O[C@@]6(O)[C@@H]7CCCN7C(=O)[C@H](Cc8ccccc8)N6C1=O.CS(=O)(=O)O,0
CC1(COc2ccc(CC3SC(=O)NC3=O)cc2)CCCCC1,1
CC[C@H](C)C(=O)O[C@H]1C[C@@H](C)C=C2C=C[C@H](C)[C@H](CC[C@@H]3C[C@@H](O)CC(=O)O3)[C@@H]12,0
C[C@@H]1CC2=C(CCC(=O)C2)[C@H]3CC[C@@]4(C)[C@@H](CC[C@@]4(O)C#C)[C@H]13,0
CC1=CC(=O)Oc2c(C)c3oc(C)cc3cc12,0
CC(C)NC(=O)NS(=O)(=O)c1cnccc1Nc2cccc(C)c2,0
CCN(CC)CC(=O)Nc1c(C)cccc1C,0
CC(NC(C)(C)C)C(=O)c1cccc(Cl)c1,0
Nc1ccc(cc1)S(=O)(=O)Nc2ncccn2,0
O=C1CCc2cc(OCCCCc3nnnn3C4CCCCC4)ccc2N1,0
COc1ccc(cc1)C2C(=O)c3ccccc3C2=O,0
NS(=O)(=O)c1cc(ccc1Cl)C2(O)NC(=O)c3ccccc23,0
CCCCOc1ccc(OCCCN2CCOCC2)cc1,0
CC(C(=O)O)c1ccc(CC2CCCC2=O)cc1,0
COc1ccccc1OCCNCC(O)COc2cccc3[nH]c4ccccc4c23,0
ClCCNC(=O)N(CCCl)N=O,0
CN1CCN2C(C1)c3ccccc3Cc4ccccc24,0
CNCCC=C1c2ccccc2CCc3ccccc13,0
COc1cc2O[C@H]3OC=C[C@H]3c2c4OC(=O)C5=C(CCC5=O)c14,0
C[C@H]1C[C@H]2[C@@H]3CCC4=CC(=O)C=C[C@]4(C)[C@@]3(Cl)[C@@H](O)C[C@]2(C)[C@@]1(O)C(=O)CO,0
OC(=O)C1CCn2c1ccc2C(=O)c3ccccc3,0
CN(C)\N=N\c1[nH]cnc1C(=O)N,0
CC(C)NCC(O)c1ccccc1Cl,0
CC(C)(Oc1ccc(CCNC(=O)c2ccc(Cl)cc2)cc1)C(=O)O,0
COC(=O)[C@H]1[C@@H](O)CC[C@H]2CN3CCc4c([nH]c5ccccc45)[C@@H]3C[C@H]12,0
OC(=O)COC(=O)Cc1ccccc1Nc2c(Cl)cccc2Cl,0
OC(CCCN1CCCCC1)(c2ccccc2)c3ccccc3,0
CCCNC(C)C(=O)Nc1ccccc1C,0
CN1C=CNC1=S,0
CC[C@H]1OC(=O)[C@H](C)[C@@H](O[C@H]2C[C@@](C)(OC)[C@@H](O)[C@H](C)O2)[C@H](C)[C@@H](O[C@@H]3O[C@H](C)C[C@@H]([C@H]3O)N(C)C)[C@](C)(O)C[C@@H](C)CN(C)[C@H](C)[C@@H](O)[C@]1(C)O,0
CN\C(=N\CCSCc1nc[nH]c1C)\NC#N,0
CC(C)(C)NC[C@H](O)COc1nsnc1N2CCOCC2,0
CC[C@H](C)[C@H]1O[C@]2(CC[C@@H]1C)C[C@@H]3C[C@@H](C\C=C(/C)\[C@@H](O[C@H]4C[C@H](OC)[C@@H](O[C@H]5C[C@H](OC)[C@@H](O)[C@H](C)O5)[C@H](C)O4)[C@@H](C)\C=C\C=C\6/CO[C@@H]7[C@H](O)C(=C[C@@H](C(=O)O3)[C@]67O)C)O2.CO[C@H]8C[C@H](O[C@H]9[C@H](C)O[C@H](C[C@@H]9OC)O[C@H]%10[C@@H](C)\C=C\C=C\%11/CO[C@@H]%12[C@H](O)C(=C[C@@H](C(=O)O[C@H]%13C[C@@H](C\C=C\%10/C)O[C@@]%14(CC[C@H](C)[C@H](O%14)C(C)C)C%13)[C@]%11%12O)C)O[C@@H](C)[C@@H]8O,0
NS(=O)(=O)c1cc(C(=O)O)c(NCc2occc2)cc1Cl,0
Oc1c(Cl)cc(Cl)cc1Sc2cc(Cl)cc(Cl)c2O,1
Clc1cccc(Cl)c1NC2=NCCN2,0
Cc1ccc(cc1)c2cc(nn2c3ccc(cc3)S(=O)(=O)N)C(F)(F)F,0
Cc1ccc2cc3c(ccc4ccccc34)c5CCc1c25,0
Fc1ccc(cc1)C(=O)CCCN2CCC(=CC2)N3C(=O)Nc4ccccc34,0
CCOC(=O)N1CCC(=C2c3ccc(Cl)cc3CCc4cccnc24)CC1,0
NC(=O)C1CCN(CCCN2c3ccccc3Sc4ccc(Cl)cc24)CC1,0
CCOc1cc(N)c(Cl)cc1C(=O)NCC2CN(Cc3ccc(F)cc3)CCO2,0
CC1(C)O[C@@H]2C[C@H]3[C@@H]4C[C@H](F)C5=CC(=O)C=C[C@]5(C)[C@@]4(F)[C@@H](O)C[C@]3(C)[C@@]2(O1)C(=O)CO,0
CC(N)COc1c(C)cccc1C,0
C[C@H]1C[C@H]2[C@@H]3CCC4=CC(=O)C=C[C@]4(C)[C@@]3(F)[C@@H](O)C[C@]2(C)[C@@]1(O)C(=O)CO,0
COC(=O)c1ccccc1O,0
CC(=O)Oc1ccc(cc1)C(c2ccc(OC(=O)C)cc2)c3ccccn3,0
C[C@H]1O[C@H](C[C@H](O)[C@@H]1O)O[C@H]2[C@@H](O)C[C@H](O[C@H]3[C@@H](O)C[C@H](O[C@H]4CC[C@@]5(C)[C@H](CC[C@@H]6[C@@H]5C[C@@H](O)[C@]7(C)[C@H](CC[C@]67O)C8=CC(=O)OC8)C4)O[C@@H]3C)O[C@@H]2C,0
CN1[C@@H]2CC[C@H]1C[C@H](C2)OC(=O)c3c[nH]c4ccccc34,0
CCOC(=O)[C@H](CCc1ccccc1)N[C@@H](C)C(=O)N2CCC[C@H]2C(=O)O,0
[Cl-].C[N+](C)(C)CCO,0
C\C(=C/C=C/C(=C/C(=O)O)/C)\C=C\C1=C(C)CCCC1(C)C,0
[O-][N+](=O)c1oc(\C=N\N2CC(=O)NC2=O)cc1,0
COc1cc(cc(OC)c1OC)[C@H]2[C@@H]3[C@H](COC3=O)[C@@H](O)c4cc5OCOc5cc24,0
COc1ccc2c(c1)c(CC(=O)O)c(C)n2C(=O)c3ccc(Cl)cc3,0
CC(C(=O)O)c1cccc(c1)C(=O)c2ccccc2,0
CO[C@@H]1C[C@@H](CC[C@H]1O)\C=C(/C)\[C@H]2OC(=O)[C@@H]3CCCCN3C(=O)C(=O)[C@]4(O)O[C@H]([C@H](C[C@@H](C)C\C(=C\[C@@H](CC=C)C(=O)C[C@H](O)[C@H]2C)\C)OC)[C@H](C[C@H]4C)OC,0
NCC(=O)O,0
CCCCCCCCc1ccc(O)cc1,1
COC(=O)Nc1nc2cc(ccc2[nH]1)[S+]([O-])c3ccccc3,0
NC(=O)CN1CCCC1=O,0
Nc1c2CCCCc2nc3ccccc13,0
C[C@H]1O[C@H](O[C@H]2[C@H](O)[C@@H](O)[C@@H](O[C@H]3[C@H](O)[C@@H](O)[C@H](O)O[C@@H]3CO)O[C@@H]2CO)[C@H](O)[C@@H](O)[C@@H]1N[C@H]4C=C(CO)[C@@H](O)[C@H](O)[C@H]4O,0
CCOc1nc2cccc(C(=O)O)c2n1Cc3ccc(cc3)c4ccccc4c5nnn[nH]5,1
COc1cc(ccc1Cc2cn(C)c3ccc(NC(=O)OC4CCCC4)cc23)C(=O)NS(=O)(=O)c5ccccc5C,1
COc1ncnc(NS(=O)(=O)c2ccc(N)cc2)c1OC,0
CCCN1C[C@H](CSC)C[C@H]2[C@H]1Cc3c[nH]c4cccc2c34,0
COC(=O)[C@@H](N1CCc2sccc2C1)c3ccccc3Cl,0
NC1=NC(=O)C(O1)c2ccccc2,0
Brc1ccccc1,0
CC(N)Cc1c[nH]c2ccc(OCc3cccs3)cc12,0
[K+].[K+].CC(C)CC(=O)O[C@H]1[C@H](O[C@@H]2C[C@H]([C@H]3CC[C@@]45C[C@@H](CCC4[C@]3(C)C2)C(=C)[C@H]5O)C(=O)O)O[C@H](CO)[C@@H](OS(=O)(=O)[O-])[C@@H]1OS(=O)(=O)[O-],0
CC1(C)O[C@@H]2C[C@H]3[C@@H]4C[C@H](F)C5=CC(=O)CC[C@]5(C)[C@H]4[C@@H](O)C[C@]3(C)[C@@]2(O1)C(=O)CO,0
CCOC(=O)[C@H](CCc1ccccc1)N[C@H]2CCc3ccccc3N(CC(=O)O)C2=O,0
CC(O)CO,0
ClC(Cl)Cl,0
CC(C)(O)c1ccccc1CC[C@@H](SCC2(CC(=O)O)CC2)c3cccc(\C=C\c4ccc5ccc(Cl)cc5n4)c3,1
CC(=O)O[C@H]1C(=O)[C@]2(C)[C@@H](O)C[C@H]3OC[C@@]3(OC(=O)C)[C@H]2[C@H](OC(=O)c4ccccc4)[C@]5(O)C[C@H](OC(=O)[C@H](O)[C@@H](NC(=O)c6ccccc6)c7ccccc7)C(=C1C5(C)C)C,0
CC(=O)Oc1ccccc1C(=O)O,0
CCOC(=O)C1=C(C)NC(=C(C1c2cccc(c2)[N+](=O)[O-])C(=O)OC)C,0
CCCCC(=O)N(Cc1ccc(cc1)c2ccccc2c3nnn[nH]3)[C@@H](C(C)C)C(=O)O,0
Clc1cc(Cl)c(OCC#CI)cc1Cl,0
CN1CCCC(CN2c3ccccc3Sc4ccccc24)C1,0
CCC(C)CCCC(=O)N[C@@H](CCN)C(=O)N[C@@H]([C@@H](C)O)C(=O)N[C@@H](CCN)C(=O)N[C@H]1CCNC(=O)[C@@H](NC(=O)[C@H](CCN)NC(=O)[C@H](CCN)NC(=O)[C@H](CC(C)C)NC(=O)[C@@H](CC(C)C)NC(=O)[C@H](CCN)NC1=O)[C@H](C)O,1
OC1N=C(c2ccccc2Cl)c3cc(Cl)ccc3NC1=O,0
CC(C)(C)NC(=O)[C@H]1CC[C@H]2[C@@H]3CC[C@H]4NC(=O)C=C[C@]4(C)[C@H]3CC[C@]12C,0
CC1(C)S[C@@H]2[C@H](NC(=O)Cc3ccccc3)C(=O)N2[C@H]1C(=O)O,0
Oc1cccc2cccnc12,0
[Br-].CCC(C)C(C(=O)OCC[N+](C)(CC)CC)c1ccccc1,0
C[C@](O)(CS(=O)(=O)c1ccc(F)cc1)C(=O)Nc2ccc(C#N)c(c2)C(F)(F)F,0
CCc1ccc(CCOc2ccc(CC3SC(=O)NC3=O)cc2)nc1,0
[Br-].CC(=O)O[C@H]1C[C@@H]2CC[C@@H]3[C@H](CC[C@@]4(C)[C@H]3C[C@@H]([C@@H]4OC(=O)C)[N+]5(C)CCCCC5)[C@@]2(C)C[C@@H]1N6CCCCC6,0
OC(=O)CCNC(=O)c1ccccc1,0
NC[C@@H]1O[C@H](O[C@H]2[C@@H](O)[C@H](O[C@@H]3[C@@H](O)[C@H](N)C[C@H](N)[C@H]3O[C@H]4O[C@H](CN)[C@@H](O)[C@H](O)[C@H]4N)O[C@@H]2CO)[C@H](N)[C@@H](O)[C@@H]1O,0
CCCSc1ccc2nc(NC(=O)OC)[nH]c2c1,0
CNCCCN1c2ccccc2CCc3ccccc13,0
Cc1ccc(cc1)C(=O)c2ccc(CC(=O)O)n2C,0
CCN[C@@H]1C[C@H](N)[C@@H](O[C@H]2OC(=CC[C@H]2N)CN)[C@H](O)[C@H]1O[C@H]3OC[C@](C)(O)[C@H](NC)[C@H]3O,0
CC(=O)N1CCN(CC1)c2ccc(OCC3COC(Cn4ccnc4)(O3)c5ccc(Cl)cc5Cl)cc2,0
Oc1ccc(C=C(C#N)C#N)cc1O,0
NC(=O)N1c2ccccc2C=Cc3ccccc13,0
OCCNCCNc1ccc(NCCNCCO)c2C(=O)c3c(O)ccc(O)c3C(=O)c12,1
CN1C(=C(O)c2ccccc2S1(=O)=O)C(=O)Nc3ncc(C)s3,0
COC(=O)Nc1nc2ccc(cc2[nH]1)C(=O)c3cccs3,0
COc1cc(NC(C)CCCN)c2ncccc2c1,0
Oc1cc(cc(O)c1O)C(=O)Oc2cc(cc(O)c2O)C(=O)OC[C@H]3O[C@@H](OC(=O)c4cc(O)c(O)c(OC(=O)c5cc(O)c(O)c(O)c5)c4)[C@H](OC(=O)c6cc(O)c(O)c(OC(=O)c7cc(O)c(O)c(O)c7)c6)[C@@H](OC(=O)c8cc(O)c(O)c(OC(=O)c9cc(O)c(O)c(O)c9)c8)[C@@H]3OC(=O)c%10cc(O)c(O)c(OC(=O)c%11cc(O)c(O)c(O)c%11)c%10,0
[Na+].[O-]S(=O)(=O)CCS,0
CC(C)[C@@H]1CC[C@H](CC1)C(=O)N[C@H](Cc2ccccc2)C(=O)O,0
NC(CO)(CO)CO,0
Nc1nc(N)c2nc(c(N)nc2n1)c3ccccc3,0
COc1ccc(cc1)C(CN(C)C)C2(O)CCCCC2,0
CN(C)CCCN1c2ccccc2Sc3ccccc13,0
CNC(=C[N+](=O)[O-])NCCSCc1oc(CN(C)C)cc1,0
COc1c(C)c2COC(=O)c2c(O)c1C\C=C(/C)\CCC(=O)OCCN3CCOCC3,0
CC[C@@H](CO)NC(=O)[C@H]1CN(C)[C@@H]2Cc3cn(C)c4cccc(C2=C1)c34,0
CN1C(=O)N(CCCCC(=O)C)C(=O)c2c1ncn2C,0
Cc1ccnc2N(C3CC3)c4ncccc4C(=O)Nc12,0
NC(=O)c1ccccc1O,0
CC1CN(CCN1)c2cc3N(C=C(C(=O)O)C(=O)c3c(C)c2F)C4CC4,0
COc1ccc(cc1)C(=O)N2CCCC2=O,0
NNc1ccccc1,0
CC[C@]1(O)C[C@@H]2CN(CCc3c([nH]c4ccccc34)[C@@](C2)(C(=O)OC)c5cc6c(cc5OC)N(C)[C@H]7[C@](O)([C@H](OC(=O)C)[C@]8(CC)C=CCN9CC[C@]67[C@H]89)C(=O)OC)C1,0
CC[C@@H](CO)NCCN[C@@H](CC)CO,0
CCN(CC)CCNC(=O)c1cc(ccc1OC)S(=O)(=O)C,0
CO[C@H]1[C@@H](C[C@@H]2CN3CCc4c([nH]c5cc(OC)ccc45)[C@H]3C[C@@H]2[C@@H]1C(=O)OC)OC(=O)c6cc(OC)c(OC)c(OC)c6,0
CN(C)C=O,0
C(\C=C\c1ccccc1)N2CCN(CC2)C(c3ccccc3)c4ccccc4,0
CC[C@@]1(O)C(=O)OCC2=C1C=C3N(Cc4cc5c(CN(C)C)c(O)ccc5nc34)C2=O,0
Cc1ccccc1N2CCN(CCc3nnc4CCCCn34)CC2,0
COc1ccc2[C@H](OC(=O)c2c1OC)[C@@H]3N(C)CCc4cc5OCOc5c(OC)c34,0
CN(C)[C@H]1[C@@H]2[C@@H](O)[C@H]3C(=C(O)[C@]2(O)C(=O)C(=C1O)C(=O)N)C(=O)c4c(O)cccc4[C@@]3(C)O,0
CCCCOC(=O)c1ccc(N)cc1,0
CC(C)(C)NCC(O)c1ccc(O)c(CO)c1,0
CC1(C)O[C@@H]2C[C@H]3[C@@H]4CCC5=CC(=O)C=C[C@]5(C)[C@@]4(F)[C@@H](O)C[C@]3(C)[C@@]2(O1)C(=O)CO,0
NC1=CC(=CNC1=O)c2ccncc2,0
COC1=CC(=O)C[C@@H](C)[C@]12Oc3c(Cl)c(OC)cc(OC)c3C2=O,0
COc1cc(CC=C)ccc1O,0
COc1cc2nc(nc(N)c2cc1OC)N3CCN(CC3)C(=O)C4CCCO4,0
CO[C@]1(NC(=O)CSCC#N)[C@H]2SCC(=C(N2C1=O)C(=O)O)CSc3nnnn3C,0
CC(CN1c2ccccc2Sc3ccccc13)N(C)C,0
CO[C@H]1\C=C\O[C@@]2(C)Oc3c(C)c(O)c4c(O)c(NC(=O)\C(=C/C=C/[C@H](C)[C@H](O)[C@@H](C)[C@@H](O)[C@@H](C)[C@H](OC(=O)C)[C@@H]1C)\C)c(\C=N\N5CCN(CC5)C6CCCC6)c(O)c4c3C2=O,0
OC[C@H]1O[C@@H]2O[C@H]3[C@H](O)[C@@H](O)[C@H](O[C@@H]3CO)O[C@H]4[C@H](O)[C@@H](O)[C@H](O[C@@H]4CO)O[C@H]5[C@H](O)[C@@H](O)[C@H](O[C@@H]5CO)O[C@H]6[C@H](O)[C@@H](O)[C@H](O[C@@H]6CO)O[C@H]7[C@H](O)[C@@H](O)[C@H](O[C@@H]7CO)O[C@H]1[C@H](O)[C@H]2O,0
Oc1c(I)cc(I)c2cccnc12,1
C[C@@H]1C[C@H]2[C@@H]3CCC4=CC(=O)C=C[C@]4(C)[C@@]3(F)[C@@H](O)C[C@]2(C)[C@H]1C(=O)CO,0
CC[C@H](C)[C@H](N)C1=N[C@@H](CS1)C(=O)N[C@@H](CC(C)C)C(=O)N[C@H](CCC(=O)O)C(=O)N[C@@H]([C@@H](C)CC)C(=O)N[C@H]2CCCCNC(=O)[C@H](CC(=O)N)NC(=O)[C@@H](CC(=O)O)NC(=O)[C@H](Cc3cnc[nH]3)NC(=O)[C@@H](Cc4ccccc4)NC(=O)[C@@H](NC(=O)[C@@H](CCCN)NC2=O)[C@@H](C)CC,1
OC(=O)P(=O)(O)O,0
OCCOCCN1CCN(CC1)C2=Nc3ccccc3Sc4ccccc24,0
O=C1CC[C@H](N2C(=O)c3ccccc3C2=O)C(=O)N1,0
Cc1ccc(C)c(OCCCC(C)(C)C(=O)O)c1,0
Oc1c(Cl)cc(Cl)cc1C(=O)Nc2ccc(Cl)c(Cl)c2,0
OC(=O)c1cc(ccc1O)\N=N\c2ccc(cc2)S(=O)(=O)Nc3ccccn3,0
COc1cccc2C(=O)c3c(O)c4C[C@](O)(C[C@H](O[C@H]5C[C@H](N)[C@@H](O)[C@H](C)O5)c4c(O)c3C(=O)c12)C(=O)CO,0
CO[C@H]1\C=C\O[C@@]2(C)Oc3c(C)c(O)c4c(O)c(NC(=O)\C(=C/C=C/[C@H](C)[C@H](O)[C@@H](C)[C@@H](O)[C@@H](C)[C@H](OC(=O)C)[C@@H]1C)\C)c(\C=N\N5CCN(C)CC5)c(O)c4c3C2=O,0
CC(C)[C@H](NC(=O)N(C)Cc1csc(n1)C(C)C)C(=O)N[C@H](C[C@H](O)[C@H](Cc2ccccc2)NC(=O)OCc3cncs3)Cc4ccccc4,0
CCCCN1CCCC[C@H]1C(=O)Nc2c(C)cccc2C,0
C\C(=C/c1ccccc1)\C=C\2/SC(=S)N(CC(=O)O)C2=O,0
Clc1ccc2C(=C3CCNCC3)c4ncccc4CCc2c1,0
CO[C@@H]1C[C@H](C[C@@H](C)[C@@H]2CC(=O)[C@H](C)\C=C(/C)\[C@@H](O)[C@@H](OC)C(=O)[C@H](C)C[C@H](C)\C=C\C=C\C=C(/C)\[C@H](C[C@@H]3CC[C@@H](C)[C@@](O)(O3)C(=O)C(=O)N4CCCC[C@H]4C(=O)O2)OC)CC[C@H]1O,0
