smiles,label
Clc1cccc(Cl)c1NC2=NCCN2,0
COc1ccc2C[C@H]3[C@H]4CCCC[C@@]4(CCN3C)c2c1,0
CCN(Cc1ccncc1)C(=O)C(CO)c2ccccc2,0
CNC[C@H](O)c1ccc(O)c(O)c1,0
CC(C)(C)NC(=O)[C@H]1CC[C@H]2[C@@H]3CC[C@H]4NC(=O)C=C[C@]4(C)[C@H]3CC[C@]12C,0
CC(=O)Nc1cccc(O)c1,0
N[C@@H]1[C@H]2CN(C[C@@H]12)c3nc4N(C=C(C(=O)O)C(=O)c4cc3F)c5ccc(F)cc5F,0
CC(C)(c1ccc(O)cc1)c2ccc(O)cc2,0
C[C@H]1C[C@H]2[C@@H]3CCC4=CC(=O)C=C[C@]4(C)[C@@]3(F)[C@@H](O)C[C@]2(C)[C@@]1(O)C(=O)COP(=O)(O)O,0
CC(N(O)C(=O)N)c1cc2ccccc2s1,0
C[C@H]1O[C@H](O[C@H]2[C@H](O)[C@@H](O)[C@@H](O[C@H]3[C@H](O)[C@@H](O)[C@H](O)O[C@@H]3CO)O[C@@H]2CO)[C@H](O)[C@@H](O)[C@@H]1N[C@H]4C=C(CO)[C@@H](O)[C@H](O)[C@H]4O,0
C[C@@H]1C[C@H]2[C@@H]3CCC4=CC(=O)C=C[C@]4(C)[C@@]3(F)[C@@H](O)C[C@]2(C)[C@@]1(O)C(=O)CO,0
COC1=C(OC)C(=O)C(=C(C)C1=O)CCCCCCCCCCO,0
C[C@@H]1C[C@H]2[C@@H]3CCC4=CC(=O)C=C[C@]4(C)C3=CC[C@]2(C)[C@H]1C(=O)CN5CCN(CC5)c6cc(nc(n6)N7CCCC7)N8CCCC8,1
C[C@@H]1O[C@H](C[C@H](N)[C@@H]1O)O[C@H]2C[C@@](O)(Cc3c(O)c4C(=O)c5ccccc5C(=O)c4c(O)c23)C(=O)C,0
CC(C)CCC[C@@H](C)[C@H]1CC[C@H]2\C(=C\C=C/3\C[C@@H](O)C[C@H](O)C3=C)\CCC[C@]12C,0
C[C@@H]1CN(C[C@H](C)N1)c2c(F)c(N)c3C(=O)C(=CN(C4CC4)c3c2F)C(=O)O,0
c1ccc2c(c1)c3cccc4ccc5cccc2c5c34,0
Cc1cc(O)cc(C)c1Cl,0
CC(O)(P(=O)(O)O)P(=O)(O)O,0
CN1CCN(CC1)C2=Nc3cc(Cl)ccc3Nc4ccccc24,0
OC(=O)C1CCn2c1ccc2C(=O)c3ccccc3,0
C[C@@H]1OC(=O)C[C@H](O)C[C@H](O)C[C@H](O)CC[C@@H](O)[C@H](O)C[C@]2(O)C[C@H](O)[C@H]([C@H](C[C@@H](O[C@H]3O[C@@H](C)[C@H](O)[C@@H](N)[C@H]3O)\C=C\C=C\C=C\C=C\CC\C=C\C=C\[C@H](C)[C@@H](O)[C@H]1C)O2)C(=O)O,0
COc1ccc2c(c1)c(CC(=O)OCC(=O)O)c(C)n2C(=O)c3ccc(Cl)cc3,0
CC[C@@H](CO)NC(=O)[C@H]1CN(C)[C@@H]2Cc3cn(C)c4cccc(C2=C1)c34,0
CC(=O)O[C@@]1(CC[C@H]2[C@@H]3C=C(C)C4=CC(=O)CC[C@]4(C)[C@H]3CC[C@]12C)C(=O)C,0
O=C1C=C(Oc2c1cccc2c3ccccc3)N4CCOCC4,0
COc1ccc2[C@H](OC(=O)c2c1OC)[C@@H]3N(C)CCc4cc5OCOc5c(OC)c34,0
CC1=C(C=C(C#N)C(=O)N1)c2ccncc2,0
CN1CCN(Cc2ccc(cc2)C(=O)Nc3ccc(C)c(Nc4nccc(n4)c5cccnc5)c3)CC1,0
CC(C)C(Br)C(=O)NC(=O)N,0
COc1cc2OC[C@H]3Oc4c5C[C@@H](Oc5ccc4C(=O)[C@H]3c2cc1OC)C(=C)C,0
C[C@@H](N)[C@@H]1CC[C@H](CC1)C(=O)Nc2ccncc2,0
CCN(CC)CC#CCOC(=O)C(O)(C1CCCCC1)c2ccccc2,0
CC(C)n1c(\C=C\C(O)CC(O)CC(=O)O)c(c2ccc(F)cc2)c3ccccc13,0
Cc1c(C)c2OC(C)(COc3ccc(CC4SC(=O)NC4=O)cc3)CCc2c(C)c1O,0
CC(=CCC\C(=C\CO)\C)C,0
Cc1onc(NS(=O)(=O)c2ccc(N)cc2)c1,0
Cc1onc(O)c1CC(N)C(=O)O,0
CCCCCCNC(=O)N1C=C(F)C(=O)NC1=O,0
CN1CCC(=C2c3ccccc3CC(=O)c4sccc24)CC1,0
CC[C@H](C)C(=O)O[C@H]1C[C@H](O)C=C2C=C[C@H](C)[C@H](CC[C@@H](O)C[C@@H](O)CC(=O)O)[C@@H]12,0
COC(=O)c1ccccc1O,0
Nc1nnc(c(N)n1)c2cccc(Cl)c2Cl,0
NC1CCN(C1)c2nc3N(C=C(C(=O)O)C(=O)c3cc2F)c4ccc(F)cc4F,0
CC[C@@]1(O)C(=O)OCC2=C1C=C3N(Cc4cc5c(CN(C)C)c(O)ccc5nc34)C2=O,0
C[C@]12CC[C@H]3[C@@H](CCc4cc(O)ccc34)[C@@H]1CC[C@@]2(O)C#C,0
Cc1onc(c2ccccc2)c1c3ccc(cc3)S(=O)(=O)N,0
NC[C@H]1O[C@H](O[C@@H]2[C@@H](N)C[C@@H](N)[C@H](O[C@H]3O[C@H](CO)[C@@H](O)[C@H](N)[C@H]3O)[C@H]2O)[C@H](N)C[C@@H]1O,0
C[C@]12CCC(=O)C=C1CC[C@@H]3[C@@H]2CC[C@@]4(C)[C@H]3CC[C@@]4(O)C#C,0
CC\C(=C(/c1ccccc1)\c2ccc(OCCN(C)C)cc2)\c3ccccc3,1
CN(C)[C@H]1[C@@H]2C[C@H]3C(=C(O)[C@]2(O)C(=O)C(=C1O)C(=O)N)C(=O)c4c(O)cccc4[C@@]3(C)O,0
Cc1cnc(cn1)C(=O)NCCc2ccc(cc2)S(=O)(=O)NC(=O)NC3CCCCC3,0
CN(C)CCCC1(OCc2cc(ccc12)C#N)c3ccc(F)cc3,0
CCCSc1ccc2nc(NC(=O)OC)[nH]c2c1,0
CCC(C)N1N=CN(C1=O)c2ccc(cc2)N3CCN(CC3)c4ccc(OCC5COC(Cn6cncn6)(O5)c7ccc(Cl)cc7Cl)cc4,0
CN1C(=O)N(C)c2[nH]cnc2C1=O,0
C[C@H]1COc2c(N3CCN(C)CC3)c(F)cc4C(=O)C(=CN1c24)C(=O)O,0
OC(=O)c1cccnc1Nc2cccc(c2)C(F)(F)F,0
COc1ccccc1OCCNCC(O)COc2cccc3[nH]c4ccccc4c23,0
OC[C@@H]1CC[C@@H](O1)n2cnc3C(=O)NC=Nc23,0
S(Sc1nc2ccccc2s1)c3nc4ccccc4s3,0
C[N+](C)(C)CCOP(=O)([O-])OC[C@H](O)CO,0
OC(=O)c1cc(ccc1O)c2ccc(F)cc2F,0
CC1CCC(CC1)NC(=O)N(CCCl)N=O,0
C[C@H]1C[C@@H]2[C@H](CC[C@@]3(C)[C@H]2CC[C@]3(O)C(=O)C)[C@@]4(C)CCC(=O)C=C14,0
CC(=O)Nc1nnc(s1)S(=O)(=O)N,0
Nc1nc(O)c2ncn(COCCO)c2n1,0
N.CO[C@H]1C[C@@H](O[C@H]2C[C@@H](O[C@H]2[C@]3(C)CC[C@@H](O3)[C@]4(C)CC[C@]5(C[C@H](O)[C@@H](C)[C@H](O5)[C@@H](C)[C@@H]6O[C@](O)(CC(=O)O)[C@@H](C)[C@H](OC)[C@H]6OC)O4)[C@H]7O[C@](C)(O)[C@H](C)C[C@@H]7C)O[C@@H](C)[C@@H]1OC,0
[Cl-].C[N+](C)(C)CCOC(=O)N,0
O=C\C=C\c1ccccc1,0
OC(=O)c1cc(ccc1O)\N=N\c2ccc(cc2)S(=O)(=O)Nc3ccccn3,0
CC[C@H](C)C(=O)O[C@H]1C[C@@H](C)C=C2C=C[C@H](C)[C@H](CC[C@@H]3C[C@@H](O)CC(=O)O3)[C@@H]12,0
CC[C@]1(O)C[C@H]2CN(CCc3c([nH]c4ccccc34)[C@@](C2)(C(=O)OC)c5cc6c(cc5OC)N(C)[C@H]7[C@](O)([C@H](O)[C@]8(CC)C=CCN9CC[C@]67[C@H]89)C(=O)N)C1,0
N=C(Nc1ccccc1)Nc2ccccc2,0
CN1C(=C(O)c2ccccc2S1(=O)=O)C(=O)Nc3ncc(C)s3,0
CCOC(=O)[C@H](CCc1ccccc1)N[C@H]2CCc3ccccc3N(CC(=O)O)C2=O,0
ClCCNC(=O)N(CCCl)N=O,0
Nc1ccc(cc1)S(=O)(=O)Nc2ccnn2c3ccccc3,0
COc1cccc2C(=O)c3c(O)c4C[C@](O)(C[C@H](O[C@H]5C[C@H](N)[C@H](O)[C@H](C)O5)c4c(O)c3C(=O)c12)C(=O)C,0
COC(=O)C1=C(C)NC(=C(C1c2ccccc2[N+](=O)[O-])C(=O)OC)C,0
CC(CN1CCCCC1)C(=O)c2ccc(C)cc2,0
COc1ccnc(C[S+]([O-])c2nc3cc(OC(F)F)ccc3[nH]2)c1OC,0
COC(=O)Nc1nc2cc(ccc2[nH]1)C(=O)c3ccc(F)cc3,0
NC1=Nc2[nH]cnc2C(=S)N1,0
CC1CN(CCN1)c2cc3N(C=C(C(=O)O)C(=O)c3c(C)c2F)C4CC4,0
CCC1(C(=O)NCNC1=O)c2ccccc2,0
COc1cc(NC(C)CCCN)c2ncccc2c1,0
COCCOC(=O)C1=C(C)NC(=C(C1c2cccc(c2)[N+](=O)[O-])C(=O)OC(C)C)C,0
CC(O)CO,0
NC(=O)N1c2ccccc2C=Cc3ccccc13,0
CCOC(=O)C1=C(C)NC(=C(C1c2cccc(Cl)c2Cl)C(=O)OC)C,0
CCCCC1C(=O)N(N(C1=O)c2ccccc2)c3ccccc3,0
CC(C)N1CCN(CC1)c2ccc(OC[C@H]3CO[C@@](Cn4cncn4)(O3)c5ccc(Cl)cc5Cl)cc2,0
COc1cc(\C=C/C)ccc1O,0
CN(C)C(=O)C(CCN1CCC(O)(CC1)c2ccc(Cl)cc2)(c3ccccc3)c4ccccc4,0
NS(=O)(=O)c1cc2c(NC(NS2(=O)=O)C(Cl)Cl)cc1Cl,0
C[C@H](Cc1ccccc1)N(C)CC#C,0
N[C@@H](Cc1ccc(cc1)N(CCCl)CCCl)C(=O)O,0
CN1CCCC(CN2c3ccccc3Sc4ccccc24)C1,0
COc1cccc2C(=O)c3c(O)c4C[C@](O)(C[C@H](O[C@H]5C[C@H](N)[C@@H](O)[C@H](C)O5)c4c(O)c3C(=O)c12)C(=O)CO,0
OC1N=C(c2ccccc2Cl)c3cc(Cl)ccc3NC1=O,0
C[C@H](CCC(=O)O)[C@H]1CC[C@H]2[C@@H]3[C@H](O)C[C@@H]4C[C@H](O)CC[C@]4(C)[C@H]3C[C@H](O)[C@]12C,0
CO[C@H]1[C@@H](O)[C@H](N)[C@@H](O[C@H]2O[C@@H](CC[C@H]2N)[C@H](C)N)[C@H](O)[C@@H]1N(C)C(=O)CN,0
CN(Cc1cc(Br)cc(Br)c1N)C2CCCCC2,0
CN1C(=C(O)c2sccc2S1(=O)=O)C(=O)Nc3ccccn3,0
COc1ccc2cc(ccc2c1)[C@H](C)C(=O)O,0
CC(=O)Nc1ccc(O)cc1,0
NNc1ccccc1,0
OCC=C,0
CCCNCC(O)COc1ccccc1C(=O)CCc2ccccc2,0
NS(=O)(=O)c1cc(C(=O)O)c(NCc2occc2)cc1Cl,0
CNC(=C[N+](=O)[O-])NCCSCc1oc(CN(C)C)cc1,0
CNCCc1ccccn1,0
Clc1cccc(c1)N2CCN(CCCN3N=C4C=CC=CN4C3=O)CC2,0
[Br-].CN(C)C(=O)Oc1cccc(c1)[N+](C)(C)C,0
C\C\1=C/CC[C@@]2(C)O[C@H]2[C@H]3OC(=O)C(=C)[C@@H]3CC1,0
OC(CCCN1CCCCC1)(c2ccccc2)c3ccccc3,0
ClC(=C)Cl,0
OC(=O)Cc1ccccc1Nc2c(Cl)cccc2Cl,0
Oc1ccc(cc1[N+](=O)[O-])[As](=O)(O)O,0
Cc1oncc1C(=O)Nc2ccc(cc2)C(F)(F)F,0
[Br-].CC[N+]1(CCOC(=O)C(O)(c2ccccc2)c3ccccc3)CCCCC1,0
CCO,0
CC(N)COc1c(C)cccc1C,0
Nc1nc(N)c2nc(c(N)nc2n1)c3ccccc3,0
Oc1ccc(C=C(C#N)C#N)cc1O,0
OC(=O)C(Cl)(Cl)Cl,0
CNCCCN1c2ccccc2CCc3ccccc13,0
CC(C)NCC(O)c1ccc(O)c(O)c1,0
CC[C@]1(O)C[C@@H]2CN(CCc3c([nH]c4ccccc34)[C@@](C2)(C(=O)OC)c5cc6c(cc5OC)N(C)[C@H]7[C@](O)([C@H](OC(=O)C)[C@]8(CC)C=CCN9CC[C@]67[C@H]89)C(=O)OC)C1,0
Cc1ccccc1C(=O)N2CCC(Cc3ccccc3)CC2,0
CC(=O)S[C@@H]1CC2=CC(=O)CC[C@]2(C)[C@H]3CC[C@@]4(C)[C@@H](CC[C@@]45CCC(=O)O5)[C@H]13,0
CC1(C)S[C@@H]2[C@H](NC(=O)[C@H](N)c3ccccc3)C(=O)N2[C@H]1C(=O)O,0
C[C@H]([C@](O)(Cn1cncn1)c2ccc(F)cc2F)S(=O)(=O)C,0
OC(=O)CCc1oc(c2ccccc2)c(n1)c3ccccc3,0
ClC(Cl)C(c1ccc(Cl)cc1)c2ccccc2Cl,0
CN1C(=O)COc2c1cc(Cl)cc2C(=O)NC3CN4CCC3CC4,0
CNC1(CCCCC1=O)c2ccccc2Cl,0
COc1ccc2[nH]cc(CCNC(=O)C)c2c1,0
[Cl-].COc1ccc2cc3c4cc5OCOc5cc4CC[n+]3cc2c1OC,0
S=C=Nc1cccc2ccccc12,0
CC(C)OC(=O)C(C)(C)Oc1ccc(cc1)C(=O)c2ccc(Cl)cc2,0
C[C@@H]1O[C@@H](O[C@H]2C[C@@H](O)[C@]3(CO)[C@H]4[C@H](O)C[C@]5(C)[C@H](CC[C@]5(O)[C@@H]4CC[C@]3(O)C2)C6=CC(=O)OC6)[C@H](O)[C@H](O)[C@H]1O,0
COc1cc(CC=C)ccc1O,0
CN1C(=O)N(C)c2ncn(C)c2C1=O,0
OC[C@H]1O[C@H](C[C@@H]1O)N2C=C(F)C(=O)NC2=O,0
Cc1nnc2CN=C(c3ccccc3)c4cc(Cl)ccc4n12,0
CC(=O)CC(C1=C(O)c2ccccc2OC1=O)c3ccccc3,0
Nc1nc2ccc(OC(F)(F)F)cc2s1,0
CN([C@H]1CC[C@@]2(CCCO2)C[C@@H]1N3CCCC3)C(=O)Cc4ccc(Cl)c(Cl)c4,0
CCN1CC(CCN2CCOCC2)C(C1=O)(c3ccccc3)c4ccccc4,0
CC(C)Cc1ccc(cc1)[C@H](C)C(=O)O,0
CC(C(=O)O)c1cccc(c1)C(=O)c2ccccc2,0
NN,0
[Br-].CCC(C)C(C(=O)OCC[N+](C)(CC)CC)c1ccccc1,0
N[C@@H](Cc1ccc(F)cc1)C(=O)O,0
CC(=O)OC[C@H]1O[C@H]([C@H](OC(=O)C)[C@@H]1OC(=O)C)N2N=CC(=O)NC2=O,0
CCCC[C@@H](CC)COC(=O)c1ccccc1C(=O)OC[C@@H](CC)CCCC,0
NCCCCCC(=O)O,0
CN1CCN2C(C1)c3ccccc3Cc4ccccc24,0
NC(=O)NC(=O)Cc1ccccc1,0
NC(=O)C1CCN(CCCN2c3ccccc3Sc4ccc(Cl)cc24)CC1,0
NC(=O)c1ncn(n1)[C@@H]2O[C@H](CO)[C@@H](O)[C@H]2O,0
OC(=O)c1ccccc1O,0
COCCc1ccc(OCC(O)CNC(C)C)cc1,0
CC(C)(Oc1ccc(cc1)C2CCCc3ccccc23)C(=O)O,0
COc1ccc(CCN2CCC(CC2)Nc3nc4ccccc4n3Cc5ccc(F)cc5)cc1,1
O=C1CCC(N2C(=O)c3ccccc3C2=O)C(=O)N1,0
Br.CN1[C@@H]2CC[C@H]1C[C@H](C2)OC(=O)C(O)c3ccccc3,0
CNCCCC12CCC(c3ccccc13)c4ccccc24,0
NC(=O)N1C(=O)\C(=C(/O)\c2cccs2)\c3cc(Cl)ccc13,0
CCCN(CCC)S(=O)(=O)c1ccc(cc1)C(=O)O,0
COc1ccc(cc1)C2C(=O)c3ccccc3C2=O,0
CCN(CC)CCNC(=O)c1ccc(N)cc1,0
N[C@@H](Cc1ccc(O)c(O)c1)C(=O)O,1
CC1=NN(C(=O)C1)c2ccccc2,0
CO[C@H]1C[C@@H](O[C@H]2C[C@@H](O[C@H]2[C@]3(C)CC[C@@H](O3)[C@]4(C)CC[C@]5(C[C@H](O)[C@@H](C)[C@H](O5)[C@@H](C)[C@@H]6O[C@](O)(CC(=O)O)[C@@H](C)[C@H](OC)[C@H]6OC)O4)[C@H]7O[C@](C)(O)[C@H](C)C[C@@H]7C)O[C@@H](C)[C@@H]1OC,0
C[C@@H]1O[C@@H](O[C@H]2CC[C@]3(C)[C@H]4CC[C@]5(C)[C@H](CC[C@]5(O)[C@@H]4CCC3=C2)C6=COC(=O)C=C6)[C@H](O)[C@H](O)[C@H]1O,0
CCCCN1CCCC[C@H]1C(=O)Nc2c(C)cccc2C,0
CCOC(=O)N1CCC(=C2c3ccc(Cl)cc3CCc4cccnc24)CC1,0
COc1cc(cc(OC)c1O)[C@H]2[C@@H]3[C@H](COC3=O)[C@H](O[C@@H]4O[C@@H]5CO[C@@H](C)O[C@H]5[C@H](O)[C@H]4O)c6cc7OCOc7cc26,0
CC[C@]1(O)CC[C@H]2[C@@H]3CCC4=CCCC[C@@H]4[C@H]3CC[C@]12C,0
CC[C@H]1OC(=O)[C@H](C)[C@@H](O[C@H]2C[C@@](C)(OC)[C@@H](O)[C@H](C)O2)[C@H](C)[C@@H](O[C@@H]3O[C@H](C)C[C@@H]([C@H]3O)N(C)C)[C@](C)(O)C[C@@H](C)C(=O)[C@H](C)[C@@H](O)[C@]1(C)O,0
CCN(CCO)CCCC(C)Nc1ccnc2cc(Cl)ccc12,0
[Cl-].[Cl-].[Mn+2],0
NC12CC3CC(CC(C3)C1)C2,0
COc1ccc(Cc2nccc3cc(OC)c(OC)cc23)cc1OC,0
CN(C)[C@H]1[C@@H]2C[C@H]3C(=C(O)[C@]2(O)C(=O)C(=C1O)C(=O)N)C(=O)c4c(O)ccc(Cl)c4[C@@]3(C)O,0
O=C1CC2(CCCC2)CC(=O)N1CCCCN3CCN(CC3)c4ncccn4,0
C[C@H]1OC=C2C(=C(C(=O)O)C(=O)C(=C2[C@@H]1C)C)O,0
Cc1ccc(cc1)S(=O)(=O)NC(=O)NN2CCCCCC2,0
OC[C@@H](O)[C@@H](O)[C@H](O)[C@H](O)CO,0
CCOc1ccc(NC(=O)C)cc1,0
OCCN1CCN(CCCN2c3ccccc3Sc4ccc(Cl)cc24)CC1,0
CN1N(C(=O)C=C1C)c2ccccc2,0
CCOC(=O)C1=C(COCCN)NC(=C(C1c2ccccc2Cl)C(=O)OC)C,0
CN(C1CCCCC1)C(=O)CCCOc2ccc3nc(O)ccc3c2,0
NC(=O)NO,0
Cc1ccccc1N2CCN(CCc3nnc4CCCCn34)CC2,0
[O-2].[Cu+2],0
CCN(CC)C(=S)SSC(=S)N(CC)CC,0
Cc1c(O)cccc1C(=O)N[C@@H](CSc2ccccc2)[C@H](O)CN3C[C@H]4CCCC[C@H]4C[C@H]3C(=O)NC(C)(C)C,1
CC(=O)OCC(COC(=O)C)OC(=O)C,0
CC[C@H]1CN2CCc3cc(OC)c(OC)cc3[C@@H]2C[C@@H]1C[C@H]4NCCc5cc(OC)c(OC)cc45,0
COP(=O)(OC)OC=C(Cl)Cl,0
Cc1ccc(C)c(OCCCC(C)(C)C(=O)O)c1,0
Clc1ccccc1CN2CCc3sccc3C2,0
CN1C(=C(O)c2ccccc2S1(=O)=O)C(=O)Nc3ccccn3,0
OC(=O)CNCP(=O)(O)O,0
CC1(C)[C@@H](N2[C@@H](CC2=O)S1(=O)=O)C(=O)O,0
[Cl-].[Cl-].C[n+]1ccc(cc1)c2cc[n+](C)cc2,0
Oc1ccc2C[C@H]3N(CC4CC4)CC[C@@]56[C@@H](Oc1c25)C(=O)CC[C@@]36O,0
CC(C)(C)c1ccc(cc1)S(=O)(=O)\C=C\C#N,0
[Cl-].C[n+]1ccccc1\C=N\O,0
CN\C(=N\CCSCc1nc[nH]c1C)\NC#N,0
C1CN2C[C@@H](N=C2S1)c3ccccc3,0
COc1cc(\C=C\C(=O)O)ccc1O,0
NC(=N)N\N=C\c1c(Cl)cccc1Cl,0
CCCC1=CC(=O)NC(=S)N1,0
COc1ccc2cc(CC(=O)O)ccc2c1,0
CC[C@@]1(O)C(=O)OCC2=C1C=C3N(Cc4cc5ccccc5nc34)C2=O,0
CC1(C)[C@@H]2CC[C@@]1(C)C(=O)C2,0
CN1C[C@H](CNC(=O)OCc2ccccc2)C[C@H]3[C@H]1Cc4cn(C)c5cccc3c45,0
CNCCC(Oc1ccc(cc1)C(F)(F)F)c2ccccc2,0
COc1cc(cc(OC)c1OC)C(=O)NC2CCCNC2,0
Nc1nc(N)nc(NC2CC2)n1,0
C[C@]12CC[C@H]3[C@@H](CCc4cc(O)ccc34)[C@@H]1CCC2=O,0
O.O.O.CC(=O)O[C@@]12CO[C@@H]1C[C@H](O)[C@]3(C)[C@@H]2[C@H](OC(=O)c4ccccc4)[C@]5(O)C[C@H](OC(=O)[C@H](O)[C@@H](NC(=O)OC(C)(C)C)c6ccccc6)C(=C([C@@H](O)C3=O)C5(C)C)C,0
NC1=NC(=O)N(C=C1)[C@@H]2O[C@H](CO)[C@@H](O)C2(F)F,0
CC[C@H](C)[C@@H](CO[C@@H](Cc1ccccc1)C(=O)N[C@@H](CCS(=O)(=O)C)C(=O)OC(C)C)NC[C@@H](N)CS,1
NC(=O)c1cnccn1,0
CN1[C@@H]2CC[C@H]1C[C@H](C2)OC(=O)c3c[nH]c4ccccc34,0
Cc1nccn1CC2CCc3c(C2=O)c4ccccc4n3C,0
CC1Cc2ccccc2N1NC(=O)c3ccc(Cl)c(c3)S(=O)(=O)N,0
CC1=CN([C@H]2C[C@H](N=[N+]=[N-])[C@@H](CO)O2)C(=O)NC1=O,0
CC(C)CN(C[C@@H](O)[C@H](Cc1ccccc1)NC(=O)O[C@H]2CCOC2)S(=O)(=O)c3ccc(N)cc3,0
COC(=O)[C@H]1[C@@H](O)CC[C@H]2CN3CCc4c([nH]c5ccccc45)[C@@H]3C[C@H]12,0
CN1CCCCC1C(=O)Nc2c(C)cccc2C,0
COc1cc2nc(nc(N)c2cc1OC)N3CCN(CC3)C(=O)c4occc4,0
CC(C)(C)NCC(O)c1cc(O)cc(O)c1,0
CCOC(=O)[C@H](CCc1ccccc1)N[C@@H](C)C(=O)N2Cc3ccccc3C[C@H]2C(=O)O,0
ClC(Cl)Cl,0
CCN(CC)CCOC(=O)c1ccc(N)cc1,0
OC(=O)CCNC(=O)c1ccccc1,0
Oc1ccc(\C=C\C(=O)OCCc2ccccc2)cc1O,1
C[C@@]12[C@H]3CC[C@H](O3)[C@]1(C)C(=O)OC2=O,0
NNC(=O)c1ccncc1,0
N[C@@H](CCC(=O)N[C@@H](CSSC[C@H](NC(=O)CC[C@H](N)C(=O)O)C(=O)NCC(=O)O)C(=O)NCC(=O)O)C(=O)O,0
C[N+](C)(C)C[C@H](O)CC(=O)[O-],0
Cc1nnc(NS(=O)(=O)c2ccc(N)cc2)s1,0
c1ccc2[nH]c(nc2c1)c3cscn3,0
[Br-].CCCCCCCCCCCCCCCC[n+]1ccccc1,1
OC(CCN1CCCCC1)(C2CCCCC2)c3ccccc3,0
CC1=C(CCN2CCC(CC2)c3noc4cc(F)ccc34)C(=O)N5CCCCC5=N1,0
COS(=O)(=O)C,0
NCC[C@H](O)C(=O)N[C@@H]1C[C@H](N)[C@@H](O[C@H]2O[C@H](CN)[C@@H](O)[C@H](O)[C@H]2O)[C@H](O)[C@H]1O[C@H]3O[C@H](CO)[C@@H](O)[C@H](N)[C@H]3O,0
Nc1cc(nc(N)[n+]1[O-])N2CCCCC2,0
CN(C)CCN(Cc1cccs1)c2ccccn2,0
CN(\C=N\c1ccc(C)cc1C)\C=N\c2ccc(C)cc2C,0
CC(=O)O[C@H]1C(=O)[C@]2(C)[C@@H](O)C[C@H]3OC[C@@]3(OC(=O)C)[C@H]2[C@H](OC(=O)c4ccccc4)[C@]5(O)C[C@H](OC(=O)[C@H](O)[C@@H](NC(=O)c6ccccc6)c7ccccc7)C(=C1C5(C)C)C,0
OC(=O)c1ccccc1C2=C3C=CC(=O)C=C3Oc4cc(O)ccc24,0
CO[C@]1(NC(=O)CSCC#N)[C@H]2SCC(=C(N2C1=O)C(=O)O)CSc3nnnn3C,0
CC(C)(C)NCC(O)c1ccc(O)c(CO)c1,0
CN(C)C(=O)Oc1cc(OC(=O)N(C)C)cc(c1)C(O)CNC(C)(C)C,0
CN1C(=O)N(C)c2nc[nH]c2C1=O.CN3C(=O)N(C)c4nc[nH]c4C3=O.NCCN,0
CCOC(=O)C(C)(C)Oc1ccc(Cl)cc1,0
Clc1ccc2OC(=O)Nc2c1,0
COC(=O)C[C@](O)(CCC(C)(C)O)C(=O)O[C@H]1[C@H]2c3cc4OCOc4cc3CCN5CCC[C@]25C=C1OC,0
C\C(=C/C=C/C(=C/C(=O)O)/C)\C=C\C1=C(C)CCCC1(C)C,0
CC(=O)N1CCN(CC1)c2ccc(OCC3COC(Cn4ccnc4)(O3)c5ccc(Cl)cc5Cl)cc2,0
CCCNC(C)C(=O)Nc1ccccc1C,0
COc1ccc2cc(CCC(=O)C)ccc2c1,0
COc1ccc(cc1)C(=O)N2CCCC2=O,0
N#Cc1ccc(cc1)C(c2ccc(cc2)C#N)n3cncn3,0
CC(O)Cn1c(C)ncc1[N+](=O)[O-],0
C[C@@H](O)[C@H](CO)NC(=O)[C@@H]1CSSC[C@H](NC(=O)[C@H](N)Cc2ccccc2)C(=O)N[C@@H](Cc3ccccc3)C(=O)N[C@H](Cc4c[nH]c5ccccc45)C(=O)N[C@@H](CCCCN)C(=O)N[C@@H]([C@@H](C)O)C(=O)N1,0
CN1C(=O)N(C)c2ncn(CC3OCCO3)c2C1=O,0
O=C1C[C@@H]2OCC=C3CN4CC[C@@]56[C@@H]4C[C@@H]3[C@@H]2[C@@H]5N1c7ccccc67,0
Nc1c(CC(=O)O)cccc1C(=O)c2ccc(Br)cc2,0
OC[C@H]1O[C@@H]2O[C@H]3[C@H](O)[C@@H](O)[C@H](O[C@@H]3CO)O[C@H]4[C@H](O)[C@@H](O)[C@H](O[C@@H]4CO)O[C@H]5[C@H](O)[C@@H](O)C(O[C@@H]5CO)OC6[C@H](O)[C@@H](O)C(O[C@@H]6CO)C7[C@H](O)[C@@H](O)C(O[C@@H]7CO)O[C@H]8[C@H](O)[C@@H](O)[C@H](O[C@@H]8CO)O[C@H]9[C@H](O)[C@@H](O)[C@H](O[C@@H]9CO)O[C@H]1[C@H](O)[C@H]2O,0
CO[C@H]1\C=C\O[C@@]2(C)Oc3c(C)c(O)c4C(=O)C(=C5NC6(CCN(CC(C)C)CC6)N=C5c4c3C2=O)NC(=O)\C(=C/C=C/[C@H](C)[C@H](O)[C@@H](C)[C@@H](O)[C@@H](C)[C@H](OC(=O)C)[C@@H]1C)\C,0
CC(C)NCC(O)c1ccccc1Cl,0
CCC1(CCC(C)C)C(=O)NC(=NC1=O)O,0
CC(N)C12CC3CC(CC(C3)C1)C2,0
COc1ccccc1C(=O)N2CCC(Cc3ccccc3)CC2,0
CN(C)CCCN1c2ccccc2Sc3ccccc13,0
Cc1ccc(cc1)N(CC2=NCCN2)c3cccc(O)c3,0
C[C@@H]1C\C=C\C=C\C=C\C=C\[C@@H](C[C@@H]2O[C@](O)(C[C@@H](O)C[C@H]3O[C@@H]3\C=C\C(=O)O1)C[C@H](O)[C@H]2C(=O)O)O[C@@H]4O[C@H](C)[C@@H](O)[C@H](N)[C@@H]4O,0
CCCCc1oc2ccccc2c1C(=O)c3cc(I)c(OCCN(CC)CC)c(I)c3,0
C[C@H]1C[C@H]2[C@@H]3CCC4=CC(=O)C=C[C@]4(C)[C@@]3(F)[C@@H](O)C[C@]2(C)[C@@]1(O)C(=O)CO,0
CN1C(=O)CN=C(c2ccccc2)c3cc(ccc13)[N+](=O)[O-],0
Brc1ccccc1,0
CCCOc1ccc(cc1N)C(=O)OCCN(CC)CC,0
CC(C)NCC(O)COc1ccc(CC(=O)N)cc1,0
Nc1nc(F)nc2c1ncn2[C@@H]3O[C@H](CO)[C@@H](O)[C@@H]3O,0
NCC(CC(=O)O)c1ccc(Cl)cc1,0
CCCCCCCCc1ccc(O)cc1,1
CCN1CCC[C@H]1CNC(=O)c2cc(ccc2OC)S(=O)(=O)N,0
CC1(C)O[C@@H]2C[C@H]3[C@@H]4C[C@H](F)C5=CC(=O)C=C[C@]5(C)[C@H]4[C@@H](O)C[C@]3(C)[C@@]2(O1)C(=O)CO,0
CN1C(=O)CN=C(c2ccccc2)c3cc(Cl)ccc13,0
COc1cc(NS(=O)(=O)c2ccc(N)cc2)nc(OC)n1,0
CO[C@]12[C@H]3N[C@H]3CN1C4=C([C@H]2COC(=O)N)C(=O)C(=C(C)C4=O)N,0
OC(=O)COC(=O)Cc1ccccc1Nc2c(Cl)cccc2Cl,0
CC(C)c1cccc(C(C)C)c1O,0
CC(=O)O[C@]1(CC[C@H]2[C@@H]3CCC4=CC(=O)CC[C@@H]4[C@H]3CC[C@]12C)C#C,0
CC1(C)O[C@@H]2C[C@H]3[C@@H]4CCC5=CC(=O)C=C[C@]5(C)[C@@]4(F)[C@@H](O)C[C@]3(C)[C@@]2(O1)C(=O)CO,0
OC[C@@H](NC(=O)C(Cl)Cl)[C@H](O)c1ccc(cc1)[N+](=O)[O-],0
CNS(=O)(=O)Cc1ccc2[nH]cc(CCN(C)C)c2c1,0
[Cl-].C[N+](C)(C)CCO,0
Clc1ccc(cc1)C(=O)NCCN2CCOCC2,0
OC(Cc1cccnc1)(P(=O)(O)O)P(=O)(O)O,0
OCCN1CCN(CCCN2c3ccccc3Sc4ccc(cc24)C(F)(F)F)CC1,1
CC(C)Cn1cnc2c(N)nc3ccccc3c12,0
[O-][N+](=O)c1oc(\C=N\N2CC(=O)NC2=O)cc1,0
COc1cccc2C(=O)c3c(O)c4C[C@](O)(C[C@H](O[C@H]5C[C@H](N)[C@H](O)[C@H](C)O5)c4c(O)c3C(=O)c12)C(=O)CO,0
CC[C@H](C)[C@H](N)C1=N[C@@H](CS1)C(=O)N[C@@H](CC(C)C)C(=O)N[C@H](CCC(=O)O)C(=O)N[C@@H]([C@@H](C)CC)C(=O)N[C@H]2CCCCNC(=O)[C@H](CC(=O)N)NC(=O)[C@@H](CC(=O)O)NC(=O)[C@H](Cc3cnc[nH]3)NC(=O)[C@@H](Cc4ccccc4)NC(=O)[C@@H](NC(=O)[C@@H](CCCN)NC2=O)[C@@H](C)CC,1
[Na+].[O-]S(=O)(=O)CCS,0
NC1=NC(=O)N(C=C1)[C@@H]2O[C@H](CO)[C@@H](O)[C@@H]2O,0
CN[C@H]1CC[C@@H](c2ccc(Cl)c(Cl)c2)c3ccccc13,0
COC(=O)[C@@H](N1CCc2sccc2C1)c3ccccc3Cl,0
C[C@](N)(Cc1ccc(O)c(O)c1)C(=O)O,1
Nc1ccc(cc1)S(=O)(=O)N,0
Cc1noc(NS(=O)(=O)c2ccc(N)cc2)c1C,0
CN1CCN(CC1)c2c(F)cc3C(=O)C(=CN(CCF)c3c2F)C(=O)O,0
Cc1ncc([N+](=O)[O-])n1CCO,0
CN[C@H](CC(C)C)C(=O)N[C@@H]1[C@H](O)c2ccc(Oc3cc4cc(Oc5ccc(cc5Cl)[C@@H](O)[C@@H]6NC(=O)[C@H](NC(=O)[C@@H]4NC(=O)[C@H](CC(=O)N)NC1=O)c7ccc(O)c(c7)c8c(O)cc(O)cc8[C@H](NC6=O)C(=O)O)c3O[C@@H]9O[C@H](CO)[C@@H](O)[C@H](O)[C@H]9O[C@H]%10C[C@](C)(N)[C@H](O)[C@H](C)O%10)c(Cl)c2,0
CC[C@H]1OC(=O)[C@H](C)[C@@H](O[C@H]2C[C@@](C)(OC)[C@@H](O)[C@H](C)O2)[C@H](C)[C@@H](O[C@@H]3O[C@H](C)C[C@@H]([C@H]3O)N(C)C)[C@](C)(O)C[C@@H](C)\C(=N/OCOCCOC)\[C@H](C)[C@@H](O)[C@]1(C)O,0
COc1ccc(Cl)cc1C(=O)NCCc2ccc(cc2)S(=O)(=O)NC(=O)NC3CCCCC3,0
COc1ccccc1N,0
C\C(=C/c1ccccc1)\C=C\2/SC(=S)N(CC(=O)O)C2=O,0
CCCCCCCCCc1ccc(O)cc1,0
CO[C@H]1\C=C\O[C@@]2(C)Oc3c(C)c(O)c4c(O)c(NC(=O)\C(=C/C=C/[C@H](C)[C@H](O)[C@@H](C)[C@@H](O)[C@@H](C)[C@H](OC(=O)C)[C@@H]1C)\C)c(\C=N\N5CCN(CC5)C6CCCC6)c(O)c4c3C2=O,0
CS(=O)(=O)c1ccc(cc1)[C@@H](O)[C@@H](CO)NC(=O)C(Cl)Cl,0
CC[C@@H](CO)NC(=O)[C@H]1CN(C)[C@@H]2Cc3c[nH]c4cccc(C2=C1)c34,0
Oc1c(Cl)cc(Cl)cc1Sc2cc(Cl)cc(Cl)c2O,1
COC(=O)C1=C(C)NC(=C(C1c2ccccc2[N+](=O)[O-])C(=O)OCC(C)C)C,0
C[C@@H](O)[C@@H]1[C@H]2[C@@H](C)C(=C(N2C1=O)C(=O)O)S[C@@H]3CN[C@@H](C3)C(=O)N(C)C,0
Cc1ccc(Cl)c(Nc2ccccc2C(=O)O)c1Cl,0
CC(C)Cc1ccc(cc1)C(C)C(=O)O,0
CCN1C=C(C(=O)O)C(=O)c2cnc(nc12)N3CCCC3,0
NNCCc1ccccc1,0
CC(=O)[C@@]1(O)CC[C@H]2[C@@H]3CCC4=CC(=O)CC[C@]4(C)[C@H]3CC[C@]12C,0
NC(=N)c1ccc(OCCCCCOc2ccc(cc2)C(=N)N)cc1,0
CCCN(CCC)C(=O)C(CCC(=O)O)NC(=O)c1ccccc1,0
OC[C@H]1O[C@@H]2O[C@H]3[C@H](O)[C@@H](O)[C@H](O[C@@H]3CO)O[C@H]4[C@H](O)[C@@H](O)[C@H](O[C@@H]4CO)O[C@H]5[C@H](O)[C@@H](O)[C@H](O[C@@H]5CO)O[C@H]6[C@H](O)[C@@H](O)[C@H](O[C@@H]6CO)O[C@H]7[C@H](O)[C@@H](O)[C@H](O[C@@H]7CO)O[C@H]1[C@H](O)[C@H]2O,0
ClC(Cl)(Cl)Cl,0
C[C@]12Cc3cnoc3C=C1CC[C@@H]4[C@@H]2CC[C@@]5(C)[C@H]4CC[C@@]5(O)C#C,0
CC(C)[C@@H](C)\C=C\[C@@H](C)[C@H]1CC[C@H]2\C(=C\C=C/3\C[C@@H](O)CCC3=C)\CCC[C@]12C,0
[Na+].[Na+].[Na+].[O-][V](=O)([O-])[O-],0
CN(C)CCOC(c1ccccc1)c2ccccc2,0
CC(=O)OCC(CCn1cnc2cnc(N)nc12)COC(=O)C,0
NC[C@H]1O[C@H](O[C@@H]2[C@@H](N)C[C@@H](N)[C@H](O[C@H]3O[C@H](CO)[C@@H](O)[C@H](N)[C@H]3O)[C@H]2O)[C@H](O)[C@@H](O)[C@@H]1O,0
CCCCc1nc(Cl)c(CO)n1Cc2ccc(cc2)c3ccccc3c4nnn[nH]4,0
Cl.CCCCN1CCCCC1C(=O)Nc2c(C)cccc2C,0
ClCCN(CCCl)P1(=O)NCCCO1,0
NC(=O)C[S+]([O-])C(c1ccccc1)c2ccccc2,0
O=C1CCc2cc(OCCCCc3nnnn3C4CCCCC4)ccc2N1,0
Oc1ccccc1O,1
COc1ccc2[C@H]3CC[C@@]4(C)[C@@H](CC[C@@]4(O)C#C)[C@@H]3CCc2c1,0
CNCCC=C1c2ccccc2CCc3ccccc13,0
CN1CCN(CC1)C2=Nc3ccccc3Nc4sc(C)cc24,0
CN(C)\N=N\c1[nH]cnc1C(=O)N,0
CN(C)CCCN1c2ccccc2Sc3ccc(Cl)cc13,1
CN1CCN(CCCN2c3ccccc3Sc4ccc(Cl)cc24)CC1,0
Oc1c(Cl)cc(Cl)c(Cl)c1Cc2c(O)c(Cl)cc(Cl)c2Cl,1
CCCCOc1ccc(OCCCN2CCOCC2)cc1,0
COc1ccccc1OCC(O)COC(=O)N,0
CC(=O)Oc1ccc(cc1)C(c2ccc(OC(=O)C)cc2)c3ccccn3,0
Cc1c(C)c2OC(C)(CN3CCN(CC3)c4cc(nc(n4)N5CCCC5)N6CCCC6)CCc2c(C)c1O,0
CC(C)C[C@@H]1N2C(=O)[C@](NC(=O)[C@H]3CN(C)[C@@H]4Cc5c[nH]c6cccc(C4=C3)c56)(O[C@@]2(O)[C@@H]7CCCN7C1=O)C(C)C,0
CC1(C)S[C@@H]2[C@H](NC(=O)Cc3ccccc3)C(=O)N2[C@H]1C(=O)O,0
Fc1ccc(cc1)C(=O)CCCN2CCC(=CC2)N3C(=O)Nc4ccccc34,0
CC1=NS(=O)(=O)c2cc(Cl)ccc2N1,0
Nc1nc(O)c2ncn(COC(CO)CO)c2n1,0
N[C@@H](Cc1cc(I)c(Oc2ccc(O)c(I)c2)c(I)c1)C(=O)O,0
OC1(CCN(CCCC(=O)c2ccc(F)cc2)CC1)c3ccc(Cl)cc3,0
C[C@H](C(=O)O)c1cccc(c1)C(=O)c2ccccc2,0
CCc1cccc2c3CCOC(CC)(CC(=O)O)c3[nH]c12,0
CCN(CC)CCNC(=O)c1cc(ccc1OC)S(=O)(=O)C,0
Cc1cc(C(C#N)c2ccc(Cl)cc2)c(Cl)cc1NC(=O)c3cc(I)cc(I)c3O,1
C[C@H]1O[C@H](C[C@H](O)[C@@H]1O)O[C@H]2[C@@H](O)C[C@H](O[C@H]3[C@@H](O)C[C@H](O[C@H]4CC[C@@]5(C)[C@H](CC[C@@H]6[C@@H]5CC[C@]7(C)[C@H](CC[C@]67O)C8=CC(=O)OC8)C4)O[C@@H]3C)O[C@@H]2C,0
COCc1c(nc(C(C)C)c(\C=C\[C@@H](O)C[C@@H](O)CC(=O)O)c1c2ccc(F)cc2)C(C)C,0
OC(=O)c1ccccc1OC(=O)c2ccccc2O,0
O=C(C1CCCCC1)N2CC3N(CCc4ccccc34)C(=O)C2,0
CN[C@@H]1[C@H](O)[C@H](NC)[C@H]2O[C@]3(O)[C@@H](O[C@H](C)CC3=O)O[C@@H]2[C@H]1O,0
Cc1cc(C)nc(NS(=O)(=O)c2ccc(N)cc2)n1,0
CC(=C)[C@@H]1[C@H]2OC(=O)[C@@H]1[C@]3(O)C[C@H]4O[C@]45C(=O)O[C@H]2[C@]35C,0
Oc1cccc2cccnc12,0
O=C1Oc2ccccc2C=C1,0
CN(CCOc1ccc(CC2SC(=O)NC2=O)cc1)c3ccccn3,0
CC(C(=O)O)c1cccc(Oc2ccccc2)c1,0
Nc1c(Br)cc(Br)cc1CN[C@@H]2CC[C@@H](O)CC2,0
CNC(C)[C@@H]1CC[C@@H](N)[C@@H](O[C@@H]2[C@@H](N)C[C@@H](N)[C@H](O[C@H]3OC[C@](C)(O)[C@H](NC)[C@H]3O)[C@H]2O)O1.CN[C@@H]4[C@@H](O)[C@@H](O[C@H]5[C@H](N)C[C@H](N)[C@@H](O[C@H]6O[C@H](CN)CC[C@H]6N)[C@@H]5O)OC[C@]4(C)O.CN[C@@H]7[C@@H](O)[C@@H](O[C@H]8[C@H](N)C[C@H](N)[C@@H](O[C@H]9O[C@@H](CC[C@H]9N)C(C)N)[C@@H]8O)OC[C@]7(C)O,0
C1CCN2C[C@H]3C[C@H](CN4CCCC[C@@H]34)[C@H]2C1,0
Nc1ccc(cc1)S(=O)(=O)Nc2ncccn2,0
Clc1ccccc1C(=O)N2CCC(Cc3ccccc3)CC2,0
CC(O)COC[C@@H]1OC[C@H]2O[C@@H]3[C@@H](O)[C@H](O)[C@@H](O[C@H]3COCC(C)O)O[C@@H]4[C@@H](O)[C@H](O)[C@@H](O[C@H]4COCC(C)O)O[C@@H]5[C@@H](O)[C@H](O)[C@@H](O[C@H]5COCC(C)O)O[C@@H]6[C@@H](O)[C@H](O)[C@@H](O[C@H]6COCC(C)O)O[C@@H]7[C@@H](O)[C@H](O)[C@@H](O[C@H]7COCC(C)O)O[C@@H]8[C@@H](O)[C@H](O)[C@@H](O[C@H]8COCC(C)O)O[C@@H]9[C@@H](O)[C@H](O)[C@@H](O[C@H]9COCC(C)O)O[C@@H]1[C@H]2O,0
CO[C@H]1[C@H](O)CC(=O)O[C@H](C)C\C=C\C=C\[C@H](O)[C@H](C)C[C@H](CC=O)[C@@H]1O[C@@H]2O[C@H](C)[C@@H](O[C@H]3C[C@@](C)(O)[C@@H](OC(=O)CC(C)C)[C@H](C)O3)[C@@H]([C@H]2O)N(C)C,0
CCCCOc1cc(CC2CNC(=O)N2)ccc1OC,0
CO[C@@H]1C[C@H](C[C@@H](C)[C@@H]2CC(=O)[C@H](C)\C=C(/C)\[C@@H](O)[C@@H](OC)C(=O)[C@H](C)C[C@H](C)\C=C\C=C\C=C(/C)\[C@H](C[C@@H]3CC[C@@H](C)[C@@](O)(O3)C(=O)C(=O)N4CCCC[C@H]4C(=O)O2)OC)CC[C@H]1O,0
CN(C)C=O,0
CC[C@@H]1NC(=O)[C@H]([C@H](O)[C@H](C)C\C=C\C)N(C)C(=O)[C@H](C(C)C)N(C)C(=O)[C@H](CC(C)C)N(C)C(=O)[C@H](CC(C)C)N(C)C(=O)[C@@H](C)NC(=O)[C@H](C)NC(=O)[C@H](CC(C)C)N(C)C(=O)[C@@H](NC(=O)[C@H](CC(C)C)N(C)C(=O)CN(C)C1=O)C(C)C,0
CCN1C=C(C(=O)O)C(=O)c2cc(F)c(nc12)N3CCNCC3,0
CC1(C)S[C@@H]2[C@H](NC(=O)[C@H](N)c3ccc(O)cc3)C(=O)N2[C@H]1C(=O)O,0
CCC[C@@H]1C[C@H](N(C)C1)C(=O)N[C@H]([C@@H](C)O)[C@H]2O[C@H](SC)[C@H](O)[C@@H](O)[C@H]2O,0
CC(C)CCC[C@@H](C)CCC[C@@H](C)CCC[C@]1(C)CCc2c(C)c(O)c(C)c(C)c2O1,0
CCCCC(=O)N(Cc1ccc(cc1)c2ccccc2c3nnn[nH]3)[C@@H](C(C)C)C(=O)O,0
CC(C)(C)c1cc(SC(C)(C)Sc2cc(c(O)c(c2)C(C)(C)C)C(C)(C)C)cc(c1O)C(C)(C)C,0
CC1(COc2ccc(CC3SC(=O)NC3=O)cc2)CCCCC1,1
CC(C)Cc1ccc(cc1)[C@@H](C)C(=O)O,0
Clc1ccc(COC(Cn2ccnc2)c3ccc(Cl)cc3Cl)cc1,1
CCCC(C)C1(CC=C)C(=O)NC(=O)NC1=O,0
COc1cc(CNC(=O)CCCC\C=C\C(C)C)ccc1O,0
CC(C)(C)c1ccc(cc1)C(O)CCCN2CCC(CC2)C(O)(c3ccccc3)c4ccccc4,1
C[C@@H]1CC2=C(CCC(=O)C2)[C@H]3CC[C@@]4(C)[C@@H](CC[C@@]4(O)C#C)[C@H]13,0
N(c1ccccc1)c2ccc(Nc3ccccc3)cc2,0
[Cl-].[Cl-].C[N+](C)(C)CCOC(=O)CCC(=O)OCC[N+](C)(C)C,0
NC1=CC(=CNC1=O)c2ccncc2,0
C[C@H]1C[C@H](C)C(=O)[C@@H](C1)[C@H](O)CC2CC(=O)NC(=O)C2,0
CC1(C)O[C@@H]2C[C@H]3[C@@H]4CCC5=CC(=O)CC[C@]5(C)[C@@]4(F)[C@@H](O)C[C@]3(C)[C@@]2(O1)C(=O)CCl,0
