smiles,value,label
CC(C)[C@H](O)C(=O)N1CCC(CC#N)(CC1)n2cc(C(=O)N)c(Nc3ccnc(F)c3)n2,7.1,0
NC(=O)c1cn(nc1Nc2ccccc2)[C@@]3(CC#N)C[C@H](C3)C#N,6.39,0
NC(=O)c1cn(nc1Nc2ccnc(F)c2)C3(CC#N)CCN(Cc4ccc(cc4)C#N)CC3,8.05,1
Cc1ccc(NC(=O)N2CC(CC#N)(C2)n3cc(C(=O)N)c(Nc4ccccc4)n3)cc1Cl,6.47,0
NC(=O)c1cn(nc1Nc2ccc(F)cc2)C3(CC#N)CCC(CC3)Nc4ccc(F)cc4,,0
CS(=O)(=O)c1ccc(Nc2nn(cc2C(=O)N)C3(CC#N)CCCCC3)cc1,6.71,0
Cc1ccncc1N2CCC(CC#N)(CC2)n3cc(C(=O)N)c(Nc4ccc(F)cc4)n3,6.99,0
COc1ccccc1N2CCC(CC#N)(CC2)n3cc(C(=O)N)c(Nc4ccc(F)cc4)n3,,0
CCS(=O)(=O)N1CC(CC#N)(C1)n2cc(C(=O)N)c(Nc3ccc(cc3)C(=O)N4CCS(=O)(=O)CC4)n2,7.42,0
COC(=O)c1ccccc1CN2CCC(CC#N)(CC2)n3cc(C(=O)N)c(Nc4ccccc4)n3,6.4,0
CC(C)(C)OC(=O)N1CCC(CC#N)(CC1)n2cc(C(=O)N)c(Nc3cc(F)ncn3)n2,7.8,0
NC(=O)c1cn(nc1Nc2ccc(cc2)S(=O)(=O)C(F)F)C3(CC#N)CCC(CC3)Nc4ccc(O)cc4,7.44,0
NC(=O)c1cn(nc1Nc2ccccc2)C3(CC#N)CCN(CC3)C(=O)CO,6.61,0
Cc1cccc(Nc2nn(cc2C(=O)N)C3(CC#N)CCN(CC3)C(=O)OC(C)(C)C)n1,6.0,0
NC(=O)c1cn(nc1Nc2ccccc2)C3(CC#N)CCN(CC3)C(=O)Nc4ccc(cc4)C#N,8.22,1
CC(C)(C)OC(=O)N1CCC(CC#N)(CC1)n2cc(C(=O)N)c(Nc3cccnn3)n2,6.75,0
NC(=O)c1cn(nc1Nc2ccccc2)C3(CC#N)CCN(CC3)C(=O)c4ccncc4,6.5,0
C[C@@H](OC(=O)N1CCC(CC#N)(CC1)n2cc(C(=O)N)c(Nc3ccc(F)cc3)n2)C(F)(F)F,7.52,0
NC(=O)c1cn(nc1Nc2ccnc(F)c2)C3(CC#N)CCC(CC3)NCc4ccc(F)cc4F,8.7,1
NC(=O)c1cn(nc1Nc2ccc(F)cc2)C3(CC#N)CCC(CC3)Nc4cccnc4,6.12,0
NC(=O)c1cn(nc1Nc2ccnc(F)c2)C3(CC#N)CCN(CC3)C(=O)C(C4CCC4)C(F)(F)F,7.43,0
CS(=O)(=O)c1ccc(Nc2nn(cc2C(=O)N)C3(CC#N)CCC4(CC3)OCCO4)cc1,6.69,0
NC(=O)c1cn(nc1Nc2ccc(F)cc2)C3(CC#N)CCN(CC3)c4cc(ccn4)C(F)(F)F,7.12,0
NC(=O)c1cn(nc1Nc2ccnc(F)c2)C3(CC#N)CCC(CC3)N4CCc5ccccc45,,0
Cc1ncccc1N2CCC(CC#N)(CC2)n3cc(C(=O)N)c(Nc4ccc(F)cc4)n3,6.68,0
NC(=O)c1cn(nc1Nc2ccc(F)cc2)C3(CC#N)CCN(Cc4ccc5[nH]ccc5c4)CC3,7.28,0
NC(=O)c1cn(nc1Nc2ccnc(F)c2)C3(CC#N)CCC(CC3)NCc4ccc(F)cc4,8.05,1
NC(=O)c1cn(nc1Nc2ccccc2)C3(CC#N)CCN(CC3)C(=O)OCc4cccc(F)c4,7.06,0
Cc1cc(cnc1F)N2CCC(CC#N)(CC2)n3cc(C(=O)N)c(Nc4ccc(F)cc4)n3,7.64,0
CCOc1cccc(n1)N2CCC(CC#N)(CC2)n3cc(C(=O)N)c(Nc4ccc(F)cc4)n3,6.07,0
CC(C)(C)OC(=O)N1CC(CC#N)(C1)n2cc(C(=O)N)c(Nc3ccccc3)n2,7.24,0
CS(=O)(=O)c1ccc(Nc2nn(cc2C(=O)N)C3(CC#N)CN(C3)C(=O)Nc4cc(F)ccc4F)cc1,6.62,0
CC(C)Oc1ccc(CN2CCC(CC#N)(CC2)n3cc(C(=O)N)c(Nc4ccccc4)n3)cc1,6.09,0
NC(=O)c1cn(nc1Nc2ccc(F)cc2)C3(CC#N)CCN(CC3)c4cncnc4,8.7,1
COCC(=O)N1CCC(CC#N)(CC1)n2cc(C(=O)N)c(Nc3ccccc3)n2,7.03,0
NC(=O)c1cn(nc1Nc2ccnc(F)c2)C3(CC#N)CCN(Cc4occn4)CC3,7.14,0
CC(C)c1ccc(NC(=O)N2CC(CC#N)(C2)n3cc(C(=O)N)c(Nc4ccccc4)n3)cc1,7.1,0
CC(C)(C)OC(=O)N1CCC(CC#N)(CC1)n2cc(C(=O)N)c(Nc3cccc(Br)c3)n2,7.43,0
NC(=O)c1cn(nc1Nc2ccc(F)cc2)C3(CC#N)CCC(CC3)Nc4ccc(cc4)C(F)(F)F,,0
NC(=O)c1cn(nc1Nc2ccc(F)cc2)C3(CC#N)CCC(CC3)Nc4cccc(F)c4,,0
CC(C)(C)OC(=O)N1CCC(CC#N)(CC1)n2cc(C(=O)N)c(Nc3cccnc3)n2,8.4,1
NC(=O)c1cn(nc1Nc2ccc(F)cc2)C3(CC#N)CCC(CC3)NCCF,6.88,0
NC(=O)c1cn(nc1Nc2ccnc(F)c2)C3(CC#N)CCC(CC3)Nc4ccc(Cl)cc4,8.52,1
NC(=O)c1cn(nc1Nc2ccnc(F)c2)C3(CC#N)CCC(CC3)NCc4ccccc4Cl,6.04,0
CC(C)(C)OC(=O)N1CCC(CC#N)(CC1)n2cc(C(=O)N)c(Nc3cccc(c3)c4ccc5ccccc5c4)n2,5.83,0
NC(=O)c1cn(nc1Nc2ccnc(F)c2)C3(CC#N)CCC(CC3)NC4CCCCC4,,0
NC(=O)c1cn(nc1Nc2ccc(Cl)cc2)C3(CC#N)CCC(CC3)N4CC(F)C4,8.7,1
NC(=O)c1cn(nc1Nc2ccnc(F)c2)C3(CC#N)CCC(CC3)Nc4ccccn4,5.88,0
NC(=O)c1cn(nc1Nc2ccnc(F)c2)C3(CC#N)CCC(CC3)NCc4ccccc4O,6.33,0
NC(=O)c1cn(nc1Nc2ccnc(F)c2)C3(CC#N)CCN(CC3)C(=O)CC4CC4,7.34,0
NC(=O)c1cn(nc1Nc2ccc(F)cc2)[C@@]3(CC#N)CC[C@@H](CC3)n4cc(nn4)C5CC5,5.83,0
Cc1onc(CN2CCC(CC#N)(CC2)n3cc(C(=O)N)c(Nc4ccnc(F)c4)n3)c1,6.8,0
NC(=O)c1cn(nc1Nc2ccc(F)cc2)C3(CC#N)CCN(CC3)C(=O)OCC4CC4,7.43,0
CC(C)(C)OC(=O)N1CCC(CC#N)(CC1)n2cc(C(=O)N)c(Nc3ccnc(CO)c3)n2,7.0,0
CCOc1ccc(cn1)N2CCC(CC#N)(CC2)n3cc(C(=O)N)c(Nc4ccc(F)cc4)n3,7.34,0
NC(=O)c1cn(nc1Nc2ccnc(F)c2)C3(CC#N)CCC(CC3)Nc4ccccc4F,9.0,1
CC(C)(C)OC(=O)N1CCC(CC#N)(CC1)n2cc(C(=O)N)c(Nc3cccc(c3)c4ccc(F)cc4)n2,5.96,0
CC(C)(C)OC(=O)N1CCC(CC#N)(CC1)n2cc(C(=O)N)c(Nc3ccc(cc3)C(C)(C)O)n2,8.52,1
NC(=O)c1cn(nc1Nc2ccc(cc2)S(=O)(=O)C(F)(F)F)C3(CC#N)CCN(CC3)C(=O)OCC(F)(F)F,8.4,1
CCCc1ccc(CN2CCC(CC#N)(CC2)n3cc(C(=O)N)c(Nc4ccccc4)n3)cc1,6.05,0
CC(C)(C)OC(=O)N1CCC(CC#N)(C1)n2cc(C(=O)N)c(Nc3ccc(cc3)S(=O)(=O)C)n2,8.7,1
NC(=O)c1cn(nc1Nc2ccc(F)cc2)C3(CC#N)CCN(CC4CC4)CC3,6.04,0
COC(=O)N1CCC(CC#N)(CC1)n2cc(C(=O)N)c(Nc3ccc(cc3)S(=O)(=O)C(F)(F)F)n2,8.7,1
NC(=O)c1cn(nc1Nc2ccc(F)cc2)C3(CC#N)CCN(CC3)c4ccnc5ccccc45,6.31,0
NC(=O)c1cn(nc1Nc2ccccc2)C3(CC#N)CN(C3)C(=O)OCCN4CCOCC4,6.31,0
NC(=O)c1cn(nc1Nc2ccc(F)cc2)C3(CC#N)CCC(CC3)Nc4ccc(Cl)cc4,,0
NC(=O)c1cn(nc1Nc2ccccc2)C3(CC#N)CN(C3)C(=O)Nc4ccc(F)c(F)c4,6.76,0
NC(=O)c1cn(nc1Nc2ccnc(F)c2)C3(CC#N)CCC(CC3)NCc4ccccc4Cl,8.7,1
NC(=O)c1cn(nc1Nc2ccccc2)C3(CC#N)CCN(CC3)C(=O)C4CCCCC4,7.36,0
N[C@@H]1CC[C@](CC#N)(CC1)n2cc(C(=O)N)c(Nc3ccc(cc3)S(=O)(=O)C(F)F)n2,,0
NC(=O)c1cn(nc1Nc2ccc(F)cc2)C3(CC#N)CCN(Cc4ccccc4)CC3,7.89,0
NC(=O)c1cn(nc1Nc2ccccc2)C3(CC#N)CCN(CC3)C(=O)c4cccs4,8.1,1
NC(=O)c1cn(nc1Nc2ccc(OC3CCC3)nc2)C4(CC#N)CCN(CC4)C(=O)OCC(F)F,8.52,1
NC(=O)c1cn(nc1Nc2ccc(F)cc2)C3(CC#N)CCC(CC3)NC4CCCCC4,,0
NC(=O)c1cn(nc1Nc2ccc(F)cc2)C3(CC#N)CCN(CC3)c4ccc(OC(F)F)nc4,7.68,0
Cn1c(cc2ccccc12)C(=O)N3CCC(CC#N)(CC3)n4cc(C(=O)N)c(Nc5ccccc5)n4,6.62,0
CC(F)(F)C(=O)N1CC[C@@](CC#N)([C@H](F)C1)n2cc(C(=O)N)c(Nc3ccc(F)nc3)n2,8.3,1
NC(=O)c1cn(nc1Nc2ccc(nc2)c3cn[nH]c3)C4(CC#N)CCN(CC4)C(=O)OCC(F)(F)F,9.22,1
NC(=O)c1cn(nc1Nc2ccnc(F)c2)C3(CC#N)CCN(Cc4cccc(F)c4)CC3,8.52,1
NC(=O)c1cn(nc1Nc2ccc(F)cc2)C3(CC#N)CCC(CC3)NC4CCOCC4,,0
CC1=NOC(CN2CCC(CC#N)(CC2)n3cc(C(=O)N)c(Nc4ccnc(F)c4)n3)C1,6.24,0
C[C@H]1CN(CC[C@]1(CC#N)n2cc(C(=O)N)c(Nc3ccccc3)n2)C(=O)OC(C)(C)C,7.68,0
NC(=O)c1cn(nc1Nc2ccc(F)cc2)C3(CC#N)CCN(CC3)C(=O)OC4CCCOC4,6.92,0
CC(OC(=O)N1CCC(CC#N)(CC1)n2cc(C(=O)N)c(Nc3ccc(F)cc3)n2)C4CC4,7.15,0
Cn1cnc(c1)S(=O)(=O)N2CCC(CC#N)(CC2)n3cc(C(=O)N)c(Nc4ccccc4)n3,8.05,1
C[C@@H]1C[C@@](CC#N)(CCN1C(=O)OC(C)(C)C)n2cc(C(=O)N)c(Nc3ccccc3)n2,6.21,0
NC(=O)c1cn(nc1Nc2ccccc2)C3(CC#N)CCN(CC3)S(=O)(=O)c4ccc(cc4)C(F)(F)F,8.1,1
NC(=O)c1cn(nc1Nc2ccnc(F)c2)C3(CC#N)CCN(Cc4cscn4)CC3,6.68,0
CC(C)(C)OC(=O)N1CC[C@@](CC#N)([C@H](F)C1)n2cc(C(=O)N)c(Nc3ccc(F)cc3)n2,9.7,1
CC(C)(O)c1ccc(Nc2nn(cc2C(=O)N)C3(CC#N)CCN(CC3)C(=O)OCC(F)(F)F)cn1,9.15,1
Cc1ccc(cc1F)N2CCC(CC#N)(CC2)n3cc(C(=O)N)c(Nc4ccc(F)cc4)n3,6.67,0
COC1CC(CN2CCC(CC#N)(CC2)n3cc(C(=O)N)c(Nc4ccnc(F)c4)n3)C1,,0
NC(=O)c1cn(nc1Nc2ccnc(F)c2)C3(CC#N)CCN(Cc4cn5ccccc5n4)CC3,,0
NC(=O)c1cn(nc1Nc2ccc(F)cc2)C3(CC#N)CCN(Cc4cccnn4)CC3,7.0,0
NC(=O)c1cn(nc1Nc2ccnc(F)c2)C3(CC#N)CCC(CC3)Nc4ccc(F)cc4F,6.3,0
Cc1cccc(C)c1NC(=O)N2CC(CC#N)(C2)n3cc(C(=O)N)c(Nc4ccccc4)n3,6.18,0
CC(C)(O)CC(=O)N1CCC(CC#N)(CC1)n2cc(C(=O)N)c(Nc3ccnc(F)c3)n2,8.1,1
COCCOC(=O)N1CCC(CC#N)(CC1)n2cc(C(=O)N)c(Nc3ccc(F)cc3)n2,7.15,0
CC(C)COC(=O)N1CC(CC#N)(C1)n2cc(C(=O)N)c(Nc3ccccc3)n2,6.53,0
CC(C)Oc1cccc(n1)N2CCC(CC#N)(CC2)n3cc(C(=O)N)c(Nc4ccc(F)cc4)n3,,0
NC(=O)c1cn(nc1Nc2ccnc(F)c2)C3(CC#N)CCC(CC3)Nc4cccc(F)c4,8.7,1
NC(=O)c1cn(nc1Nc2ccc(F)cc2)C3(CC#N)CCN(Cc4cccc5cc[nH]c45)CC3,6.89,0
COC(=O)c1ccc(Nc2nn(cc2C(=O)N)C3(CC#N)CCN(CC3)C(=O)OC(C)(C)C)cc1,8.05,1
Cc1ccc(cn1)N2CCC(CC#N)(CC2)n3cc(C(=O)N)c(Nc4ccc(F)cc4)n3,8.1,1
NC(=O)c1cn(nc1Nc2ccc(F)cc2)C3(CC#N)CCC(CC3)Nc4ccc(F)cc4,8.0,0
CCS(=O)(=O)N1CC(CC#N)(C1)n2cc(C(=O)N)c(Nc3ccccc3)n2,6.39,0
NC(=O)c1cn(nc1Nc2ccccc2)C3(CC#N)CN(C3)C(=O)OCCc4cccc5ccccc45,5.83,0
CCC(=O)N1CC(CC#N)(C1)n2cc(C(=O)N)c(Nc3ccccc3)n2,6.53,0
NC(=O)c1cn(nc1Nc2ccccc2)C3(CC#N)CCN(Cc4cccc5ccccc45)CC3,5.89,0
NC(=O)c1cn(nc1Nc2ccnc(F)c2)C3(CC#N)CCN(Cc4cnn5ccccc45)CC3,6.3,0
NC(=O)c1cn(nc1Nc2ccc(F)cc2)C3(CC#N)CCN(CC3)c4cccnc4F,9.22,1
CNC1CCC(CC#N)(CC1)n2cc(C(=O)N)c(Nc3ccc(F)cc3)n2,6.58,0
NC(=O)c1cn(nc1Nc2ccc(nc2)C3CC3)C4(CC#N)CCN(CC4)C(=O)OCC(F)F,7.96,0
CC(C)(C)OC(=O)N1CCC(CC#N)(CC1)n2cc(C(=O)N)c(Nc3cccc(c3)c4ccc(Cl)cc4)n2,5.83,0
NC(=O)c1cn(nc1Nc2ccnc(F)c2)C3(CC#N)CCN(Cc4ccc(O)cc4)CC3,8.22,1
NC(=O)c1cn(nc1Nc2ccnc(F)c2)C3(CC#N)CCN(CC3)C(=O)OC4CCOC4,7.42,0
CC(C)COC(=O)N1CCC(CC#N)(CC1)n2cc(C(=O)N)c(Nc3ccccc3)n2,6.99,0
CC(C)(C)OC(=O)N1CC[C@](CC#N)([C@H](F)C1)n2cc(C(=O)N)c(Nc3ccc(F)cc3)n2,7.5,0
NC(=O)c1cn(nc1Nc2ccccc2)C3(CC#N)CCN(CC3)C(=O)c4cccc(c4)N5CCOCC5,5.98,0
CC(C)(C)OC(=O)NC1CCC(CC#N)(CC1)n2cc(C(=O)N)c(Nc3ccccc3)n2,6.57,0
Cc1c(Cl)cccc1NC(=O)N2CC(CC#N)(C2)n3cc(C(=O)N)c(Nc4ccccc4)n3,6.6,0
NC(=O)c1cn(nc1Nc2ccc(F)cc2)C3(CC#N)CCC(CC3)NCC4CC4,6.18,0
C[C@@H](O)CC(=O)N1CCC(CC#N)(CC1)n2cc(C(=O)N)c(Nc3ccnc(F)c3)n2,7.33,0
NC(=O)c1cn(nc1Nc2ccc(F)cc2)C3(CC#N)CCC(CC3)Nc4ccc(F)c(F)c4,7.52,0
NC(=O)c1cn(nc1Nc2ccc(F)cc2)C3(CC#N)CCN(CC3)c4ccc(nc4)C(F)(F)F,7.58,0
CC(C)(C)OC(=O)N1CCC(CC#N)(CC1)n2cc(C(=O)N)c(Nc3ccc(nc3)N4CCOCC4)n2,8.52,1
COc1cc(Nc2nn(cc2C(=O)N)C3(CC#N)CCN(CC3)C(=O)OC(C)(C)C)ccn1,6.84,0
NC(=O)c1cn(nc1Nc2ccc(cc2)S(=O)(=O)C(F)F)C3(CC#N)CCC(CC3)Nc4cccnc4,6.45,0
NC(=O)c1cn(nc1Nc2ccnc(F)c2)C3(CC#N)CCC(CC3)N4CC(F)C4,7.96,0
NC(=O)c1cn(nc1Nc2ccnc(F)c2)C3(CC#N)CCN(CC3)C(=O)C4CC(F)(F)C4,7.82,0
CC(C)(C)OC(=O)C1CCC(CC#N)(CC1)n2cc(C(=O)N)c(Nc3ccccc3)n2,7.04,0
CS(=O)(=O)c1ccc(Nc2nn(cc2C(=O)N)[C@@]3(CC#N)C[C@@H](C3)C#N)cc1,6.9,0
Cc1onc(n1)c2ccc(Nc3nn(cc3C(=O)N)C4(CC#N)CCN(CC4)C(=O)OC(C)(C)C)cc2,8.1,1
NC(=O)c1cn(nc1Nc2ccc(F)cc2)C3(CC#N)CCN(CC3)C(=O)OC4CCOCC4,6.99,0
CC(C)NC(=O)N1CCC(CC#N)(CC1)n2cc(C(=O)N)c(Nc3ccccc3)n2,7.23,0
COc1ccc(CN2CCC(CC#N)(CC2)n3cc(C(=O)N)c(Nc4ccnc(F)c4)n3)cc1,7.8,0
NC(=O)c1cn(nc1Nc2ccccc2)C3(CC#N)CCN(Cc4cccc(F)c4)CC3,7.14,0
NC(=O)c1cn(nc1Nc2ccnc(F)c2)C3(CC#N)CCN(Cc4cccc(O)c4)CC3,9.0,1
NC(=O)c1cn(nc1Nc2ccc(F)cc2)C3(CC#N)CCN(Cc4cccnc4)CC3,8.05,1
CC(C)(O)Cc1cccc(n1)N2CCC(CC#N)(CC2)n3cc(C(=O)N)c(Nc4ccc(F)cc4)n3,6.83,0
NC(=O)c1cn(nc1Nc2ccnc(F)c2)C3(CC#N)CCN(Cc4cnccn4)CC3,7.55,0
CC(C)(C)C(=O)N1CC(CC#N)(C1)n2cc(C(=O)N)c(Nc3ccccc3)n2,6.24,0
COCC(C)(C)OC(=O)N1CCC(CC#N)(CC1)n2cc(C(=O)N)c(Nc3ccc(F)cc3)n2,7.13,0
NC(=O)c1cn(nc1Nc2ccccc2)C3(CC#N)CN(C3)C(=O)Nc4cccc(F)c4,7.17,0
CCC(=O)N1CCC(CC#N)(CC1)n2cc(C(=O)N)c(Nc3ccccc3)n2,7.58,0
NC(=O)c1cn(nc1Nc2ccnc(F)c2)C3(CC#N)CCC(CC3)NCc4ccncc4,6.0,0
NC(=O)c1cn(nc1Nc2ccccc2)C3(CC#N)CN(C3)C(=O)Nc4ccc(F)cc4F,7.1,0
NC(=O)c1cn(nc1Nc2ccc(F)cc2)C3(CC#N)CCC(CC3)N4CCC(F)(F)CC4,8.05,1
CC(C)(C)OC(=O)N1CCC(CC#N)(CC1)n2cc(C(=O)N)c(Nc3cc(F)ccn3)n2,6.04,0
NC(=O)c1cn(nc1Nc2ccnc(F)c2)C3(CC#N)CCN(Cc4ccn[nH]4)CC3,7.41,0
CC(C)(C)OC(=O)N1CCC(CC#N)(C1)n2cc(C(=O)N)c(Nc3ccccc3)n2,7.57,0
Cc1cnc(F)c(CN2CCC(CC#N)(CC2)n3cc(C(=O)N)c(Nc4ccc(F)cc4)n3)c1,7.66,0
NC(=O)c1cn(nc1Nc2ccc(F)cc2)C3(CC#N)CCN(CC3)c4cncc(F)c4,8.4,1
Cc1ccnc(c1)N2CCC(CC#N)(CC2)n3cc(C(=O)N)c(Nc4ccc(F)cc4)n3,7.36,0
NC(=O)c1cn(nc1Nc2ccccc2)C3(CC#N)CCN(CC3)C(=O)OCc4ccccc4,7.07,0
NC(=O)c1cn(nc1Nc2ccccc2)C3(CC#N)CCN(CC3)S(=O)(=O)Cc4ccccc4,7.46,0
NC(=O)c1cn(nc1Nc2ccc(F)cc2)C3(CC#N)CCN(CC3)C(=O)OCC4CCC4,6.92,0
NC(=O)c1cn(nc1Nc2ccnc(F)c2)C3(CC#N)CCC(CC3)Nc4ccccn4,6.44,0
NC(=O)c1cn(nc1Nc2ccc(F)cc2)C3(CC#N)CCC(CC3)N4CCC(O)CC4,6.56,0
NC(=O)c1cn(nc1Nc2ccc(F)cc2)C3(CC#N)CCN(Cc4cc5ccccc5[nH]4)CC3,7.19,0
NC(=O)c1cn(nc1Nc2ccccc2)C3(CC#N)CCN(Cc4ccc(Cl)cc4F)CC3,7.36,0
NC(=O)c1cn(nc1Nc2ccnc(F)c2)C3(CC#N)CCN(Cc4cccc5ccnn45)CC3,7.09,0
NC(=O)c1cn(nc1Nc2ccc(F)cc2)C3(CC#N)CCN(CC3)c4cccc(F)n4,8.4,1
NC(=O)c1cn(nc1Nc2ccnc(F)c2)C3(CC#N)CCC(CC3)NCc4ccc(O)cc4,6.12,0
NC(=O)c1cn(nc1Nc2ccccc2)C3(CC#N)CCN(CC3)C(=O)C4CCCO4,6.97,0
NC(=O)c1cn(nc1Nc2ccc(cc2)S(=O)(=O)C(F)F)C3(CC#N)CCC(CC3)NC4CCOCC4,,0
CC(C)(C)OC(=O)N1CCC(CC#N)(CC1)n2cc(C(=O)N)c(Nc3ccc(cc3)C(=O)N4CCS(=O)(=O)CC4)n2,9.0,1
NC(=O)c1cn(nc1Nc2ccccc2)C3(CC#N)CN(C3)C(=O)OCCCc4cccnc4,6.35,0
NC(=O)c1cn(nc1Nc2ccc(F)cc2)C3(CC#N)CCN(CC3)C(=O)OCC4CCOC4,6.91,0
CN(C)CCCOC(=O)N1CC(CC#N)(C1)n2cc(C(=O)N)c(Nc3ccccc3)n2,5.83,0
Cc1ccccc1NC(=O)N2CC(CC#N)(C2)n3cc(C(=O)N)c(Nc4ccccc4)n3,6.79,0
NC(=O)c1cn(nc1Nc2ccc(cc2)S(=O)(=O)C(F)F)C3(CC#N)CCC(CC3)NC4CCOCC4,8.3,1
COc1cc(Nc2nn(cc2C(=O)N)C3(CC#N)CCN(CC3)C(=O)OCC(F)F)ccn1,6.46,0
NC(=O)c1cn(nc1Nc2ccc(cc2)C(F)(F)F)C3(CC#N)CCC(CC3)N4CC(F)C4,8.52,1
NC(=O)c1cn(nc1Nc2ccnc(F)c2)C3(CC#N)CCC(CC3)Nc4ccccc4Cl,6.03,0
CC(C)(C)OC(=O)N1CCC(CC#N)(CC1)n2cc(C(=O)N)c(Nc3ccc(Br)cc3)n2,7.64,0
CCc1ccccc1NC(=O)N2CC(CC#N)(C2)n3cc(C(=O)N)c(Nc4ccccc4)n3,6.52,0
NC(=O)c1cn(nc1Nc2ccccc2)C3(CC#N)CCN(Cc4oc5ccccc5c4)CC3,6.98,0
NC(=O)c1cn(nc1Nc2ccnc(F)c2)C3(CC#N)CCN(Cc4ccccc4)CC3,8.22,1
NC(=O)c1cn(nc1Nc2ccccc2)C3(CC#N)CCN(CC3)C(=O)OC4CCOC4,7.4,0
NC(=O)c1cn(nc1Nc2ccccc2)C3(CC#N)CN(C3)C(=O)Nc4cc(F)ccc4F,6.8,0
Cc1c(CN2CCC(CC#N)(CC2)n3cc(C(=O)N)c(Nc4ccnc(F)c4)n3)cnn1C,6.24,0
Cc1cccc(NC(=O)N2CC(CC#N)(C2)n3cc(C(=O)N)c(Nc4ccccc4)n3)c1,7.11,0
NC(=O)c1cn(nc1Nc2ccnc(F)c2)C3(CC#N)CCC(CC3)NCc4cccnc4,5.98,0
NC(=O)c1cn(nc1Nc2ccccc2)C3(CC#N)CCN(Cc4ccc(cc4)C#N)CC3,6.61,0
Cc1cc(ccn1)N2CCC(CC#N)(CC2)n3cc(C(=O)N)c(Nc4ccc(F)cc4)n3,6.76,0
CS(=O)(=O)c1ccc(Nc2nn(cc2C(=O)N)C3(CC#N)CCN(CC3)C(=O)CC#N)cc1,8.0,0
CC(CO)OC(=O)N1CCC(CC#N)(CC1)n2cc(C(=O)N)c(Nc3ccc(F)cc3)n2,8.1,1
CC(C)(C)OC(=O)N1CCC(CC#N)(CC1)n2cc(C(=O)N)c(Nc3ccncc3)n2,8.0,0
NC(=O)c1cn(nc1Nc2ccc(F)cc2)C3(CC#N)CCN(CC3)c4ccc(F)c(F)c4,7.16,0
NC(=O)c1cn(nc1Nc2ccnc(F)c2)C3(CC#N)CCN(CC3)C(=O)OCC(F)(F)F,8.1,1
NC(=O)c1cn(nc1Nc2ccc(F)cc2)C3(CC#N)CCC(=O)CC3,7.41,0
NC1CCC(CC#N)(CC1)n2cc(C(=O)N)c(Nc3ccnc(F)c3)n2,,0
NC(=O)c1cn(nc1Nc2ccnc(F)c2)C3(CC#N)CCC(CC3)NCc4ccc(F)cc4F,6.66,0
NC(=O)c1cn(nc1Nc2ccnc(F)c2)C3(CC#N)CCC(CC3)N4CCC(O)CC4,,0
CNC(=O)c1cn(nc1Nc2ccccc2)C3(CC#N)CCN(CC3)C(=O)OC(C)(C)C,5.83,0
CN(C1CCC(CC#N)(CC1)n2cc(C(=O)N)c(Nc3ccnc(F)c3)n2)c4ccccc4,8.7,1
NC(=O)c1cn(nc1Nc2ccnc(F)c2)C3(CC#N)CCN(Cc4cccnc4)CC3,8.3,1
NC(=O)c1cn(nc1Nc2ccc(cc2)[S+]([O-])C(F)F)C3(CC#N)CCC(CC3)Nc4ccccc4O,6.75,0
NC(=O)c1cn(nc1Nc2ccccc2)C3(CC#N)CCN(CC3)C(=O)c4ccc(cc4)N5CCOCC5,6.15,0
NC(=O)c1cn(nc1Nc2ccccc2)C3(CC#N)CCN(Cc4cccc(c4)C#N)CC3,6.63,0
CNC(=O)c1ccc(Nc2nn(cc2C(=O)N)C3(CC#N)CCN(CC3)C(=O)OC(C)(C)C)cc1,8.7,1
NC(=O)c1cn(nc1Nc2ccccc2)C3(CC#N)CCN(CC3)S(=O)(=O)c4ccc(cc4)c5ccccc5,7.62,0
NC(=O)c1cn(nc1Nc2ccc(nc2)C3CCC3)C4(CC#N)CCN(CC4)C(=O)OCC(F)F,8.52,1
CC(C)(C)OC(=O)N1CC(CC#N)(C1)n2cc(C(=O)N)c(Nc3ccc(cc3)C(=O)N4CCS(=O)(=O)CC4)n2,8.3,1
C[Si](C)(C)COC(=O)N1CCC(CC#N)(CC1)n2cc(C(=O)N)c(Nc3ccc(F)cc3)n2,6.13,0
NC(=O)c1cn(nc1Nc2ccc(F)cc2)C3(CC#N)CCN(CC3)c4cncc(c4)C#N,7.7,0
Cc1cncc(Nc2nn(cc2C(=O)N)C3(CC#N)CCN(CC3)C(=O)OC(C)(C)C)n1,6.75,0
NC(=O)c1cn(nc1Nc2ccccc2)C3(CC#N)CCN(Cc4ccc(cc4)C(F)(F)F)CC3,6.34,0
NC(=O)c1cn(nc1Nc2ccc(F)cc2)C3(CC#N)CCN(CC3)c4cncc(c4)C(F)(F)F,7.27,0
Cc1cc(ccc1F)N2CCC(CC#N)(CC2)n3cc(C(=O)N)c(Nc4ccc(F)cc4)n3,6.54,0
CC(C)(C)CC(=O)N1CCC(CC#N)(CC1)n2cc(C(=O)N)c(Nc3ccnc(F)c3)n2,7.36,0
NC(=O)c1cn(nc1Nc2ccc(F)cc2)C3(CC#N)CCC(CC3)NCc4ccc(cc4)C#N,5.98,0
NC(=O)c1cn(nc1Nc2ccc(F)cc2)C3(CC#N)CCN(CC3)C(=O)OCC(F)(F)CO,7.96,0
CCc1cccc(C)c1NC(=O)N2CC(CC#N)(C2)n3cc(C(=O)N)c(Nc4ccccc4)n3,5.92,0
NC(=O)c1cn(nc1Nc2ccccc2)C3(CC#N)CCN(CC3)C(=O)OCCN4CCOCC4,6.47,0
NC(=O)c1cn(nc1Nc2ccnc(F)c2)C3(CC#N)CCN(Cc4cncc(F)c4)CC3,8.3,1
Cc1cc(Nc2nn(cc2C(=O)N)C3(CC#N)CCN(CC3)C(=O)OC(C)(C)C)ccn1,6.88,0
CC(C)(C)OC(=O)N1CCC(CC#N)(CC1)n2cc(C(=O)N)c(Nc3ccnc(c3)C(F)(F)F)n2,8.0,0
NC(=O)c1cn(nc1Nc2ccccc2)C3(CC#N)CCN(CC3)C(=O)c4ccccc4,7.03,0
CC(C(=O)N1CCC(CC#N)(CC1)n2cc(C(=O)N)c(Nc3ccnc(F)c3)n2)C(F)(F)F,7.89,0
NC(=O)c1cn(nc1Nc2ccnc(F)c2)C3(CC#N)CCN(Cc4ccc(O)nc4)CC3,8.1,1
NC(=O)c1cn(nc1Nc2ccc(cc2)S(=O)(=O)C(F)F)C3(CC#N)CCC(CC3)NCC(F)(F)F,6.33,0
CC(C)NC(=O)N1CCC(CC#N)(CC1)n2cc(C(=O)N)c(Nc3ccc(cc3)S(=O)(=O)C(F)(F)F)n2,8.7,1
CC(C)(C)C(=O)N1CCC(CC#N)(CC1)n2cc(C(=O)N)c(Nc3ccccc3)n2,7.04,0
NC(=O)c1cn(nc1Nc2ccc(F)cc2)C3(CC#N)CCN(CC3)c4cc(F)ccn4,8.22,1
CC(C)(C)OC(=O)N1CCC(CC#N)(CC1)n2cc(C(=O)N)c(Nc3cccc(c3)c4ccccc4O)n2,6.74,0
NC(=O)c1cn(nc1Nc2ccccc2)C3(CC#N)CN(C3)C(=O)NC4CCCCC4,6.2,0
NC(=O)c1cn(nc1Nc2ccc(F)cc2)C3(CC#N)CCC(CC3)NCC(F)(F)F,7.51,0
COc1ccc(cc1)c2cccc(Nc3nn(cc3C(=O)N)C4(CC#N)CCN(CC4)C(=O)OC(C)(C)C)c2,6.02,0
CC(C)c1ccccc1NC(=O)N2CC(CC#N)(C2)n3cc(C(=O)N)c(Nc4ccccc4)n3,6.37,0
NC(=O)c1cn(nc1Nc2ccnc(F)c2)C3(CC#N)CCC(CC3)Nc4ccc(F)c(F)c4,7.37,0
NC(=O)c1cn(nc1Nc2ccccc2)C3(CC#N)CCN(CC3)C(=O)OCc4ccccn4,6.81,0
Cc1cc(Nc2nn(cc2C(=O)N)C3(CC#N)CCN(CC3)C(=O)OC(C)(C)C)ncn1,6.9,0
NC(=O)c1cn(nc1Nc2ccc(F)cc2)C3(CC#N)CCN(CC3)c4ccc(cc4)C#N,8.52,1
COC1CN(C1)C2CCC(CC#N)(CC2)n3cc(C(=O)N)c(Nc4ccnc(F)c4)n3,8.3,1
NC(=O)c1cn(nc1Nc2cccnc2)C3(CC#N)CCN(CC3)C(=O)OCC(F)(F)F,8.4,1
NC(=O)c1cn(nc1Nc2ccnc(F)c2)C3(CC#N)CCC(CC3)NCC4CCCCC4,6.82,0
NC(=O)c1cn(nc1Nc2cccc(c2)c3cc[nH]n3)C4(CC#N)CCN(CC4)C(=O)OCC(F)(F)F,7.54,0
NC(=O)c1cn(nc1Nc2ccccc2)C3(CC#N)CN(C3)C(=O)c4ccccn4,6.27,0
NC(=O)c1cn(nc1Nc2ccnc(F)c2)C3(CC#N)CCC(CC3)NCc4ccc(F)cc4,5.97,0
CC(C)(C)OC(=O)N1CCC(CC#N)(CC1)n2cc(C(=O)N)c(Nc3ccc(cc3)S(=O)(=O)N)n2,9.0,1
CC(C)(C)OC(=O)N1CCC(CC#N)(CC1)n2cc(C(=O)N)c(Nc3ccccn3)n2,6.33,0
CN1CCN(CCOC(=O)N2CC(CC#N)(C2)n3cc(C(=O)N)c(Nc4ccccc4)n3)CC1,5.93,0
NC(=O)c1cn(nc1Nc2ccccc2)C3(CC#N)CCN(CC3)C(=O)OC4CCCC4,7.3,0
CC(C)(C)OC(=O)N1CCC(CC#N)(CC1)n2cc(C(=O)N)c(Nc3cccc(c3)c4ccc(O)cc4)n2,6.53,0
NC(=O)c1cn(nc1Nc2ccccc2)C3(CC#N)CCN(CC3)C(=O)c4ccccc4Cl,6.94,0
CCOC(=O)C(C)NC(=O)N1CC(CC#N)(C1)n2cc(C(=O)N)c(Nc3ccccc3)n2,6.25,0
NC(=O)c1cn(nc1Nc2ccc(cc2)S(=O)(=O)C(F)F)C3(CC#N)CCC(CC3)NCC(F)F,,0
CC(C)(C)OC(=O)N1CCC(CC#N)(CC1)n2cc(C(=O)N)c(Nc3ccncn3)n2,6.86,0
Cc1ccc(cc1)c2cccc(Nc3nn(cc3C(=O)N)C4(CC#N)CCN(CC4)C(=O)OC(C)(C)C)c2,5.83,0
NC(=O)c1cn(nc1Nc2ccnc(F)c2)C3(CC#N)CCC(CC3)Nc4ccc(F)cc4F,9.1,1
Cc1ncc(CN2CCC(CC#N)(CC2)n3cc(C(=O)N)c(Nc4ccnc(F)c4)n3)s1,7.75,0
Cc1ccc(NC(=O)N2CC(CC#N)(C2)n3cc(C(=O)N)c(Nc4ccccc4)n3)cc1C,6.72,0
CC1(CCC1)C(=O)N2CCC(CC#N)(CC2)n3cc(C(=O)N)c(Nc4ccnc(F)c4)n3,6.94,0
COCCNC1CCC(CC#N)(CC1)n2cc(C(=O)N)c(Nc3ccc(F)cc3)n2,6.09,0
NC(=O)c1cn(nc1Nc2ccccc2)C3(CC#N)CN(C3)C(=O)OCCc4ccccn4,6.07,0
CCCNC(=O)N1CC(CC#N)(C1)n2cc(C(=O)N)c(Nc3ccccc3)n2,6.97,0
NC(=O)c1cn(nc1Nc2ccnc(F)c2)C3(CC#N)CCC(CC3)NCc4ccccn4,5.86,0
NC(=O)c1cn(nc1Nc2ccc(F)cc2)C3(CC#N)CCC(CC3)N4CCc5ccccc45,,0
CN(C)c1ccc(cc1)C(=O)N2CCC(CC#N)(CC2)n3cc(C(=O)N)c(Nc4ccccc4)n3,6.64,0
NC(=O)c1cn(nc1Nc2ccccc2)C3(CC#N)CCN(CC3)C(=O)c4ccc5ccccc5n4,6.78,0
CC(=O)c1cccc(NC(=O)N2CC(CC#N)(C2)n3cc(C(=O)N)c(Nc4ccccc4)n3)c1,7.07,0
COc1cccc(Nc2nn(cc2C(=O)N)C3(CC#N)CCN(CC3)C(=O)OC(C)(C)C)n1,6.73,0
COc1cc(ccn1)N2CCC(CC#N)(CC2)n3cc(C(=O)N)c(Nc4ccc(F)cc4)n3,8.3,1
NC(=O)c1cn(nc1Nc2ccc(F)cc2)C3(CC#N)CCN(Cc4ccon4)CC3,7.47,0
Cc1ccccc1c2cccc(Nc3nn(cc3C(=O)N)C4(CC#N)CCN(CC4)C(=O)OC(C)(C)C)c2,5.83,0
CC(C)S(=O)(=O)c1ccc(Nc2nn(cc2C(=O)N)C3(CC#N)CCC(CC3)N4CCC(F)(F)CC4)cc1,6.11,0
NC(=O)c1cn(nc1Nc2ccc(cc2)S(=O)(=O)C(F)(F)F)C3(CC#N)CCN(CC3)C(=O)Nc4ccc(cc4)C#N,9.3,1
NC(=O)c1cn(nc1Nc2ccc(F)cc2)C3(CC#N)CCN(CC3)c4ccc(OC(F)F)cn4,7.75,0
COc1ccc(cc1)C(=O)N2CCC(CC#N)(CC2)n3cc(C(=O)N)c(Nc4ccccc4)n3,6.86,0
COCCOC(=O)N1CC(CC#N)(C1)n2cc(C(=O)N)c(Nc3ccccc3)n2,6.47,0
CC(O)(C(F)F)C(=O)N1CCC(CC#N)(CC1)n2cc(C(=O)N)c(Nc3ccnc(F)c3)n2,7.42,0
CC(C)(C)OC(=O)N1CC2(C1)CC(CC#N)(C2)n3cc(C(=O)N)c(Nc4ccccc4)n3,5.83,0
NC(=O)c1cn(nc1Nc2ccccc2)[C@@]3(CC#N)CC[C@@H](CC3)C(=O)NCC(F)(F)F,5.83,0
CC(C)c1ccc(CN2CCC(CC#N)(CC2)n3cc(C(=O)N)c(Nc4ccccc4)n3)cc1,5.98,0
NC(=O)c1cn(nc1Nc2ccnc(F)c2)C3(CC#N)CCC(CC3)NCC(F)(F)F,6.1,0
CN(C)C(=O)c1ccc(Nc2nn(cc2C(=O)N)C3(CC#N)CCN(CC3)C(=O)OC(C)(C)C)cc1,8.7,1
CC(C)(CO)OC(=O)N1CCC(CC#N)(CC1)n2cc(C(=O)N)c(Nc3ccc(F)cc3)n2,7.02,0
CC(C)(C)OC(=O)N1CCC(CC#N)(CC1)n2cc(C(=O)N)c(Nc3ccnc(c3)C(=O)N)n2,8.15,1
NC(=O)c1cn(nc1Nc2ccc(cc2)S(=O)(=O)C(F)F)C3(CC#N)CCC(CC3)Nc4ccccc4O,8.22,1
NC(=O)c1cn(nc1Nc2ccccc2)C3(CC#N)CCN(CC3)C(=O)c4ccc(Cl)cc4,6.74,0
NC(=O)c1cn(nc1Nc2ccccc2)C3(CC#N)CCN(Cc4ccc(cc4)c5ccccc5)CC3,7.34,0
CN(CCS(=O)(=O)C)C1CCC(CC#N)(CC1)n2cc(C(=O)N)c(Nc3ccc(F)cc3)n2,7.43,0
CC(C)(C)OC(=O)N1CCC(CC#N)(CC1)n2cc(C(=O)N)c(Nc3ccnc(c3)C#N)n2,8.22,1
NC(=O)c1cn(nc1Nc2ccc(F)cc2)C3(CC#N)CCC(CC3)NC4CCCCC4,7.32,0
NC(=O)c1cn(nc1Nc2ccc(F)cc2)C3(CC#N)CCN(CC3)c4cccc(CF)n4,7.41,0
NC(=O)c1cn(nc1Nc2ccccc2)C3(CC#N)CCN(CC3)S(=O)(=O)c4occc4,8.7,1
NC(=O)c1cn(nc1Nc2ccccc2)C3(CC#N)CN(C3)C(=O)OC4CCCC4,7.12,0
NC(=O)c1cn(nc1Nc2ccc(F)cc2)C3(CC#N)CCC(CC3)NCc4ccccc4,9.7,1
NC(=O)c1cn(nc1Nc2ccnc(F)c2)C3(CC#N)CCN(CC4=CC=CC(=O)N4)CC3,7.17,0
NC(=O)c1cn(nc1Nc2ccc(F)cc2)C3(CC#N)CCC(CC3)N4CCC(O)CC4,,0
NC(=O)c1cn(nc1Nc2ccnc(F)c2)C3(CC#N)CCC(CC3)Nc4ccccc4Cl,8.15,1
NC(=O)c1cn(nc1Nc2ccccc2)C3(CC#N)CCN(CC3)S(=O)(=O)C4CC4,8.52,1
NC(=O)c1cn(nc1Nc2ccc(F)cc2)C3(CC#N)CCC(CC3)N4CC(F)C4,6.67,0
CC(C)(C)COC(=O)N1CC(CC#N)(C1)n2cc(C(=O)N)c(Nc3ccccc3)n2,6.43,0
NC(=O)c1cn(nc1Nc2ccnc(F)c2)C3(CC#N)CCC(CC3)NCC(F)F,6.28,0
NC(=O)c1cn(nc1Nc2ccccc2)C3(CC#N)CCN(CC3)C(=O)c4cc5ccccc5[nH]4,6.75,0
NC(=O)c1cn(nc1Nc2ccnc(F)c2)C3(CC#N)CCN(CC3)C(=O)C4(CC4)C(F)(F)F,7.4,0
NC(=O)c1cn(nc1Nc2ccccc2)C3(CC#N)CCN(CC3)C(=O)c4cccnc4,6.72,0
NC(=O)c1cn(nc1Nc2ccnc(F)c2)C3(CC#N)CCC(CC3)NCc4cccc(O)c4,6.22,0
CS(=O)(=O)N1CC(CC#N)(C1)n2cc(C(=O)N)c(Nc3ccccc3)n2,6.44,0
NC(=O)c1cn(nc1Nc2ccccc2)C3(CC#N)CCN(CC3)C(=O)OCc4cccnc4,7.42,0
CC(C)(C)OC(=O)N1CCC(CC#N)(CC1)n2cc(C(=O)N)c(Nc3ccc(cc3)S(=O)(=O)C(F)(F)F)n2,7.89,0
NC(=O)c1cn(nc1Nc2ccc(F)cc2)C3(CC#N)CCC(CC3)NCCO,6.01,0
NC(=O)c1cn(nc1Nc2ccccc2)C3(CC#N)CCN(CCCC#N)CC3,6.5,0
COC(=O)Cc1ccc(Nc2nn(cc2C(=O)N)C3(CC#N)CCN(CC3)C(=O)OC(C)(C)C)cc1,8.52,1
NC(=O)c1cn(nc1Nc2ccc(F)cc2)[C@@]3(CC#N)CC[C@H](CC3)NCc4ccccc4,8.7,1
Cn1cc(cn1)c2cncc(Nc3nn(cc3C(=O)N)C4(CC#N)CCN(CC4)C(=O)OCC(F)(F)F)c2,7.15,0
CSCCCN1CCC(CC#N)(CC1)n2cc(C(=O)N)c(Nc3ccccc3)n2,6.62,0
NC(=O)c1cn(nc1Nc2ccnc(F)c2)C3(CC#N)CCC(CC3)N4CCC5C=CC=CC45,7.62,0
CCOc1ccccc1NC(=O)N2CC(CC#N)(C2)n3cc(C(=O)N)c(Nc4ccccc4)n3,6.29,0
COCCCOC(=O)N1CC(CC#N)(C1)n2cc(C(=O)N)c(Nc3ccccc3)n2,6.22,0
CS(=O)(=O)c1ccc(Nc2nn(cc2C(=O)N)C3(CC#N)CCOCC3)cc1,6.74,0
NC(=O)c1cn(nc1Nc2ccc(F)cc2)C3(CC#N)CCN(CC3)c4cccc(OCCO)n4,7.33,0
NC(=O)c1cn(nc1Nc2ccnc(F)c2)C3(CC#N)CCN(CC3)C(=O)CC(F)(F)F,8.0,0
NC(=O)c1cn(nc1Nc2ccnc(F)c2)C3(CC#N)CCC(CC3)Nc4ccccc4,9.22,1
NC(=O)c1cn(nc1Nc2ccc(F)cc2)C3(CC#N)CCC(CC3)Nc4cccc(Cl)c4,7.22,0
CC(F)(F)C(=O)N1CCC(CC#N)(CC1)n2cc(C(=O)N)c(Nc3ccnc(F)c3)n2,8.7,1
NC(=O)c1cn(nc1Nc2ccccc2)C3(CC#N)CCN(CC3)C(=O)c4cccc(Cl)c4,7.2,0
NC(=O)c1cn(nc1Nc2ccnc(F)c2)C3(CC#N)CCN(Cc4ccc(F)cn4)CC3,7.01,0
CCc1cccc(NC(=O)N2CC(CC#N)(C2)n3cc(C(=O)N)c(Nc4ccccc4)n3)c1,6.84,0
NC(=O)c1cn(nc1Nc2ccc(F)cc2)C3(CC#N)CCC(CC3)Nc4ccccc4F,6.12,0
Cc1ccc(NC(=O)N2CC(CC#N)(C2)n3cc(C(=O)N)c(Nc4ccccc4)n3)c(C)c1,6.48,0
NC(=O)c1cn(nc1Nc2ccc(F)cc2)C3(CC#N)CCN(CC3)C(=O)O[C@H]4CCOC4,7.33,0
CC(=O)N1CCN(CC1)C2CCC(CC#N)(CC2)n3cc(C(=O)N)c(Nc4ccc(F)cc4)n3,6.65,0
NC(=O)c1cn(nc1Nc2ccc(F)cc2)C3(CC#N)CCN(CC3)C(=O)OC4CCOC4,7.43,0
NC(=O)c1cn(nc1Nc2cncc(F)c2)C3(CC#N)CCN(CC3)C(=O)CC(F)(F)F,7.46,0
NC(=O)c1cn(nc1Nc2ccccc2)C3(CC#N)CN(C3)C(=O)Nc4ccc(F)c(Cl)c4,6.55,0
NC(=O)c1cn(nc1Nc2ccnc(F)c2)C3(CC#N)CCC(CC3)Nc4cc(F)ccc4F,6.45,0
Cc1cccc(N2CCC(CC#N)(CC2)n3cc(C(=O)N)c(Nc4ccc(F)cc4)n3)c1F,6.53,0
NC(=O)c1cn(nc1Nc2ccc(F)cc2)C3(CC#N)CCN(Cc4cccc5[nH]ccc45)CC3,6.55,0
NC(=O)c1cn(nc1Nc2ccccc2)C3(CC#N)CCN(CC3)C(=O)Cc4ccc(cc4)C(F)(F)F,6.44,0
NC(=O)c1cn(nc1Nc2ccnc(F)c2)C3(CC#N)CCN(Cc4ccc5[nH]ccc5c4)CC3,7.51,0
