smiles,value,label
NC(=O)c1cn(nc1Nc2ccccc2)C3(CC#N)CCN(CC3)C(=O)C4CCCO4,6.97,0
NC(=O)c1cn(nc1Nc2ccccc2)C3(CC#N)CCN(CC3)S(=O)(=O)c4occc4,8.7,1
CC(C)S(=O)(=O)N1CCC(CC#N)(CC1)n2cc(C(=O)N)c(Nc3ccccc3)n2,7.89,0
CNC(=O)c1cn(nc1Nc2ccccc2)C3(CC#N)CCN(CC3)C(=O)OC(C)(C)C,5.83,0
NC(=O)c1cn(nc1Nc2ccc(F)cc2)C3(CC#N)CCN(CC3)c4ccc(nc4)C(F)(F)F,7.58,0
COc1ccccc1CN2CCC(CC#N)(CC2)n3cc(C(=O)N)c(Nc4ccnc(F)c4)n3,7.09,0
Cn1c(cc2ccccc12)C(=O)N3CCC(CC#N)(CC3)n4cc(C(=O)N)c(Nc5ccccc5)n4,6.62,0
COCCOC(=O)N1CCC(CC#N)(CC1)n2cc(C(=O)N)c(Nc3ccc(cc3)S(=O)(=O)C(F)(F)F)n2,8.22,1
CNC1CCC(CC#N)(CC1)n2cc(C(=O)N)c(Nc3ccc(F)cc3)n2,6.58,0
NC(=O)c1cn(nc1Nc2ccccc2)C3(CC#N)CCN(CC3)S(=O)(=O)c4ccc(cc4)C(F)(F)F,8.1,1
Cc1cc(cnc1C)N2CCC(CC#N)(CC2)n3cc(C(=O)N)c(Nc4ccc(F)cc4)n3,7.31,0
CC(C)(C)OC(=O)N1CCC(CC#N)(CC1)n2cc(C(=O)N)c(Nc3ccc(C#N)c(F)c3)n2,8.15,1
NC(=O)c1cn(nc1Nc2ccccc2)C3(CC#N)CCN(CC3)C(=O)c4ccc(Cl)cc4,6.74,0
COCC(C)(C)OC(=O)N1CCC(CC#N)(CC1)n2cc(C(=O)N)c(Nc3ccc(F)cc3)n2,7.4,0
Cc1ccccc1c2cccc(Nc3nn(cc3C(=O)N)C4(CC#N)CCN(CC4)C(=O)OC(C)(C)C)c2,5.83,0
C[C@H]1CN(CC[C@]1(CC#N)n2cc(C(=O)N)c(Nc3ccccc3)n2)C(=O)OC(C)(C)C,6.31,0
NC(=O)c1cn(nc1Nc2ccc(F)cc2)C3(CC#N)CCN(CC3)C(=O)OCC4CC4,7.43,0
CC(C)COC(=O)N1CCC(CC#N)(CC1)n2cc(C(=O)N)c(Nc3ccccc3)n2,6.99,0
NC(=O)c1cn(nc1Nc2ccccc2)C3(CC#N)CCN(Cc4c(Cl)cccc4Cl)CC3,6.65,0
NC(=O)c1cn(nc1Nc2ccc(F)cc2)C3(CC#N)CCC(CC3)N4CCC(O)CC4,6.56,0
CC(C)(C)OC(=O)N1CCC(CC#N)(CC1)n2cc(C(=O)N)c(Nc3ccc(Br)cc3)n2,7.64,0
C[Si](C)(C)COC(=O)N1CCC(CC#N)(CC1)n2cc(C(=O)N)c(Nc3ccc(F)cc3)n2,6.13,0
NC(=O)c1cn(nc1Nc2ccc(F)cc2)C3(CC#N)CCN(CC3)C(=O)OCC4CCC4,6.92,0
COc1ccc(CC(=O)N2CCC(CC#N)(CC2)n3cc(C(=O)N)c(Nc4ccccc4)n3)cc1,7.08,0
Cc1cc(Nc2nn(cc2C(=O)N)C3(CC#N)CCN(CC3)C(=O)OC(C)(C)C)ccn1,6.88,0
NC(=O)c1cn(nc1Nc2ccnc(F)c2)C3(CC#N)CCN(Cc4cn[nH]c4)CC3,7.16,0
COc1cc(Nc2nn(cc2C(=O)N)C3(CC#N)CCN(CC3)C(=O)OC(C)(C)C)ccn1,6.84,0
CC(C)(C)OC(=O)N1CCC(CC#N)(CC1)n2cc(C(=O)N)c(Nc3cccc(c3)c4ccccc4F)n2,6.08,0
NC(=O)c1cn(nc1Nc2ccccc2)C3(CC#N)CCN(CC3)C(=O)c4ccccn4,6.43,0
CCOc1ccc(NC(=O)N2CC(CC#N)(C2)n3cc(C(=O)N)c(Nc4ccccc4)n3)cc1,7.16,0
NC(=O)c1cn(nc1Nc2ccccc2)C3(CC#N)CN(C3)C(=O)OCCc4cccc5ccccc45,5.83,0
NC(=O)c1cn(nc1Nc2cccc(c2)c3cc[nH]n3)C4(CC#N)CCN(CC4)C(=O)OCC(F)(F)F,7.54,0
NC(=O)c1cn(nc1Nc2ccc(F)cc2)C3(CC#N)CCN(CC3)C(=O)OCC4(O)CC4,7.7,0
Cc1ncncc1N2CCC(CC#N)(CC2)n3cc(C(=O)N)c(Nc4ccc(F)cc4)n3,6.74,0
NC(=O)c1cn(nc1Nc2ccc(F)cc2)C3(CC#N)CCC(CC3)NCc4ccc(cc4)C#N,5.98,0
CS(=O)(=O)c1ccc(Nc2nn(cc2C(=O)N)C3(CC#N)CCCCC3)cc1,6.71,0
NC(=O)c1cn(nc1Nc2ccnc(F)c2)C3(CC#N)CCN(CC3)C(=O)CC(F)(F)F,8.0,0
NC(=O)C1=CC(N=C1Nc2ccnc(F)c2)C3(CC#N)CCC(CC3)NC4CCOCC4,6.99,0
CC(C)(C)OC(=O)N1CC[C@](CC#N)([C@H](F)C1)n2cc(C(=O)N)c(Nc3ccc(F)cc3)n2,7.5,0
NC(=O)c1cn(nc1Nc2ccccc2)C3(CC#N)CCN(CC4CCCCC4)CC3,6.5,0
CC(C)(CO)OC(=O)N1CCC(CC#N)(CC1)n2cc(C(=O)N)c(Nc3ccc(F)cc3)n2,7.02,0
CC(C)(C)OC(=O)N1CCC(CC#N)(CC1)n2cc(C(=O)N)c(Nc3ccc4C(=O)NCc4c3)n2,8.7,1
NC(=O)c1cn(nc1Nc2ccnc(F)c2)C3(CC#N)CCC(CC3)NCc4ccc(cc4)C#N,6.07,0
CC(C)(C)OC(=O)N1CCC(CC#N)(CC1)n2cc(C(=O)N)c(Nc3ccncc3)n2,8.0,0
Cc1cc(ccc1F)N2CCC(CC#N)(CC2)n3cc(C(=O)N)c(Nc4ccc(F)cc4)n3,6.54,0
CC(F)(F)C(=O)N1CC[C@](CC#N)([C@H](F)C1)n2cc(C(=O)N)c(Nc3ccc(F)nc3)n2,7.17,0
NC(=O)c1cn(nc1Nc2ccnc(F)c2)C3(CC#N)CCC(CC3)Nc4ccc(F)c(F)c4,,0
NC(=O)c1cn(nc1Nc2ccc(F)cc2)C3(CC#N)CCN(CC3)c4cncc(c4)C(F)(F)F,7.27,0
NC(=O)c1cn(nc1Nc2ccccc2)C3(CC#N)CCN(CC3)C(=O)OCc4cccnc4,7.42,0
CC(C)(C)OC(=O)N1CCC(CC#N)(CC1)n2cc(C(=O)N)c(Nc3cc(F)cc(F)c3)n2,7.38,0
COc1cccc(Nc2nn(cc2C(=O)N)C3(CC#N)CCN(CC3)C(=O)OC(C)(C)C)n1,6.73,0
NC(=O)c1cn(nc1Nc2ccc(F)cc2)C3(CC#N)CCN(CC3)c4cccc(n4)C#N,7.05,0
COCC(C)(C)OC(=O)N1CCC(CC#N)(CC1)n2cc(C(=O)N)c(Nc3ccc(F)cc3)n2,7.13,0
CC(C)(C)OC(=O)N1CCC(CC#N)(CC1)n2cc(C(=O)N)c(Nc3cc(F)ccn3)n2,6.04,0
CC(C)(O)CC(=O)N1CCC(CC#N)(CC1)n2cc(C(=O)N)c(Nc3ccnc(F)c3)n2,8.1,1
NC(=O)c1cn(nc1Nc2ccccc2)C3(CC#N)CCN(CC3)C(=O)OC4Cc5ccccc5C4,7.08,0
Cn1cnc(c1)S(=O)(=O)N2CCC(CC#N)(CC2)n3cc(C(=O)N)c(Nc4ccccc4)n3,8.05,1
CC(CF)(CF)C(=O)N1CCC(CC#N)(CC1)n2cc(C(=O)N)c(Nc3ccnc(F)c3)n2,7.32,0
NC(=O)c1cn(nc1Nc2ccnc(F)c2)C3(CC#N)CCC(CC3)NCc4cccc(Cl)c4,7.77,0
CN(C)C(=O)c1ccc(Nc2nn(cc2C(=O)N)C3(CC#N)CCN(CC3)C(=O)OC(C)(C)C)cc1,8.7,1
NC(=O)c1cn(nc1Nc2ccnc(F)c2)C3(CC#N)CCN(Cc4ccnc5[nH]ccc45)CC3,7.14,0
NC(=O)C1=CC(N=C1Nc2ccnc(F)c2)C3(CC#N)CCC(CC3)N4CCC(O)CC4,6.8,0
NC(=O)c1cn(nc1Nc2ccccc2)C3(CC#N)CCCCC3,7.04,0
NC(=O)c1cn(nc1Nc2ccc(F)cc2)C3(CC#N)CCN(CC3)C(=O)OC4CCOC4,7.43,0
CC(C)c1ccc(CN2CCC(CC#N)(CC2)n3cc(C(=O)N)c(Nc4ccccc4)n3)cc1,5.98,0
NC(=O)c1cn(nc1Nc2ccnc(F)c2)C3(CC#N)CCN(Cc4cccnn4)CC3,6.84,0
CC(C)(C)OC(=O)N1CCC(CC#N)(CC1)n2cc(C(=O)N)c(Nc3ccnc(c3)C#N)n2,8.22,1
NC(=O)c1cn(nc1Nc2ccccc2)C3(CC#N)CCN(CC3)S(=O)(=O)Cc4ccccc4,7.46,0
NC(=O)c1cn(nc1Nc2ccnc(F)c2)C3(CC#N)CCC(CC3)Nc4cc(F)ccc4F,6.45,0
CN1CCC(COC(=O)N2CCC(CC#N)(CC2)n3cc(C(=O)N)c(Nc4ccccc4)n3)CC1,6.5,0
NC(=O)c1cn(nc1Nc2cccc(Cn3nnc4ccccc34)c2)C5(CC#N)CCN(CC5)C(=O)OCC(F)(F)F,7.64,0
NC(=O)c1cn(nc1Nc2ccccc2)C3(CC#N)CN(C3)C(=O)OCCc4ccccc4,6.09,0
NC(=O)c1cn(nc1Nc2ccnc(F)c2)C3(CC#N)CCC(CC3)Nc4ccccc4F,9.0,1
NC(=O)c1cn(nc1Nc2ccnc(F)c2)C3(CC#N)CCN(CC3)C(=O)CCC(F)(F)F,8.05,1
CC(C)(C)OC(=O)N1CCC(CC#N)(CC1)n2cc(C(=O)N)c(Nc3ccc(nc3)C(C)(C)O)n2,8.52,1
NC(=O)c1cn(nc1Nc2ccnc(F)c2)C3(CC#N)CCC(CC3)NCc4ccccc4O,6.33,0
NC(=O)c1cn(nc1Nc2ccnc(F)c2)C3(CC#N)CCN(CC3)C(=O)C(C4CCC4)C(F)(F)F,7.43,0
CN(CCS(=O)(=O)C)C1CCC(CC#N)(CC1)n2cc(C(=O)N)c(Nc3ccc(F)cc3)n2,7.43,0
NC(=O)c1cn(nc1Nc2ccc(F)cc2)C3(CC#N)CCC(CC3)NCCO,6.01,0
NC(=O)c1cn(nc1Nc2ccc(F)cc2)C3(CC#N)CCC(CC3)Nc4ccc(Cl)cc4,7.7,0
NC(=O)c1cn(nc1Nc2ccc(F)cc2)C3(CC#N)CCC(CC3)N4CCC4,6.49,0
NC(=O)c1cn(nc1Nc2ccnc(F)c2)C3(CC#N)CCN(CC3)C(=O)CC4CCCO4,7.38,0
CC(=O)c1ccc(Nc2nn(cc2C(=O)N)C3(CC#N)CCN(CC3)C(=O)OC(C)(C)C)cc1,8.52,1
CC(C)(C)OC(=O)N1CCC(CC#N)(CC1)n2cc(C(=O)N)c(Nc3ccc(cc3)S(=O)(=O)N)n2,9.0,1
NC(=O)c1cn(nc1Nc2ccc(F)cc2)C3(CC#N)CCC(CC3)Nc4ccccn4,7.14,0
NC(=O)c1cn(nc1Nc2ccc(cc2)S(=O)(=O)C(F)F)C3(CC#N)CCC(CC3)Nc4ccccc4O,8.22,1
NC(=O)c1cn(nc1Nc2ccccc2)C3(CC#N)CCN(CC3)C(=O)OCc4ccccc4,7.07,0
CC1(COC(=O)N2CCC(CC#N)(CC2)n3cc(C(=O)N)c(Nc4ccc(F)cc4)n3)COC1,6.62,0
Cn1cc(cn1)c2ccc(Nc3nn(cc3C(=O)N)C4(CC#N)CCN(CC4)C(=O)OCC(F)(F)F)cn2,9.3,1
CC1=NOC(CN2CCC(CC#N)(CC2)n3cc(C(=O)N)c(Nc4ccnc(F)c4)n3)C1,6.24,0
NC(=O)c1cn(nc1Nc2ccc(F)cc2)C3(CC#N)CCC(CC3)Nc4ccc(F)cc4,8.0,0
NC(=O)c1cn(nc1Nc2ccc(F)cc2)C3(CC#N)CCN(CC3)C(=O)OCC4CC4(F)F,7.42,0
NC(=O)c1cn(nc1Nc2ccnc(F)c2)C3(CC#N)CCC(CC3)NS(=O)(=O)c4cccc(F)c4,6.47,0
NC(=O)c1cn(nc1Nc2ccnc(F)c2)C3(CC#N)CCN(Cc4ccccc4Cl)CC3,8.15,1
NC(=O)c1cn(nc1Nc2ccc(cc2)C(F)(F)F)C3(CC#N)CCC(CC3)N4CC(F)C4,8.52,1
NC(=O)c1cn(nc1Nc2ccnc(F)c2)C3(CC#N)CCN(Cc4ccc(O)nc4)CC3,8.1,1
NC(=O)c1cn(nc1Nc2ccc(F)cc2)C3(CC#N)CCN(Cc4cnccn4)CC3,7.6,0
NC(=O)c1cn(nc1Nc2ccccc2)C3(CC#N)CN(C3)C(=O)Nc4ccc(F)c(F)c4,6.76,0
CC(C)(C)OC(=O)N1CCC(CC#N)(CC1)n2cc(C(=O)N)c(Nc3ccnc(F)c3)n2,8.3,1
CS(=O)(=O)c1ccc(Nc2nn(cc2C(=O)N)C3(CC#N)CN(C3)C(=O)OC4CCOC4)cc1,6.66,0
NC(=O)c1cn(nc1Nc2ccnc(F)c2)C3(CC#N)CCC(CC3)Nc4ccc(F)cc4F,9.0,1
NC(=O)c1cn(nc1Nc2ccnc(F)c2)C3(CC#N)CCC(CC3)NCc4ccc(F)cc4F,6.66,0
CC(C#N)C1(CCN(CC1)C(=O)OC(C)(C)C)n2cc(C(=O)N)c(Nc3ccc(F)cc3)n2,6.79,0
NC(=O)c1cn(nc1Nc2ccccc2)C3(CC#N)CCN(CC3)C(=O)c4cccnc4,6.72,0
N[C@@H]1CC[C@@](CC#N)(CC1)n2cc(C(=O)N)c(Nc3ccc(cc3)S(=O)(=O)C(F)F)n2,7.48,0
CCCNC(=O)N1CC(CC#N)(C1)n2cc(C(=O)N)c(Nc3ccccc3)n2,6.97,0
NC(=O)c1cn(nc1Nc2ccccc2)C3(CC#N)CCN(CC3)C(=O)C(c4ccccc4)c5ccccc5,6.15,0
NC(=O)c1cn(nc1Nc2ccccc2)C3(CC#N)CCOCC3,6.88,0
NC(=O)c1cn(nc1Nc2ccccc2)C3(CC#N)CCN(CC3)C(=O)c4ccccc4c5ccccc5,5.83,0
CCc1cccc(NC(=O)N2CC(CC#N)(C2)n3cc(C(=O)N)c(Nc4ccccc4)n3)c1,6.84,0
NC(=O)c1cn(nc1Nc2ccc(F)cc2)C3(CC#N)CCN(Cc4cccc5[nH]ccc45)CC3,6.55,0
Cn1ccc(n1)c2ccc(Nc3nn(cc3C(=O)N)C4(CC#N)CCN(CC4)C(=O)OC(C)(C)C)cc2,6.86,0
NC(=O)c1cn(nc1Nc2ccnc(F)c2)C3(CC#N)CCC(CC3)NCc4ccccc4F,6.51,0
NC(=O)c1cn(nc1Nc2ccc(F)cc2)C3(CC#N)CCC(CC3)Nc4cccc(F)c4,7.75,0
NC(=O)c1cn(nc1Nc2ccc(F)cc2)C3(CC#N)CCN(Cc4cccnc4)CC3,8.05,1
NC(=O)c1cn(nc1Nc2ccc(cc2)S(=O)(=O)C(F)F)C3(CC#N)CCC(CC3)Nc4cccnc4,8.22,1
Cc1cnc(F)c(CN2CCC(CC#N)(CC2)n3cc(C(=O)N)c(Nc4ccc(F)cc4)n3)c1,7.66,0
Cc1cncc(Nc2nn(cc2C(=O)N)C3(CC#N)CCN(CC3)C(=O)OC(C)(C)C)n1,6.75,0
NC(=O)c1cn(nc1Nc2ccc(F)cc2)C3(CC#N)CCN(CC3)c4cncc5ccccc45,6.38,0
COc1ccc(CN2CCC(CC#N)(CC2)n3cc(C(=O)N)c(Nc4ccnc(F)c4)n3)cc1,7.8,0
N[C@@H]1CC[C@](CC#N)(CC1)n2cc(C(=O)N)c(Nc3ccc(cc3)S(=O)(=O)C(F)F)n2,,0
NC(=O)c1cn(nc1Nc2ccnc(F)c2)C3(CC#N)CCC(CC3)NCc4cccc(F)c4,8.05,1
CN1CCC(CC1)OC(=O)N2CCC(CC#N)(CC2)n3cc(C(=O)N)c(Nc4ccccc4)n3,6.1,0
NC(=O)c1cn(nc1Nc2ccnc(F)c2)C3(CC#N)CCN(CC3)C(=O)O[C@H]4CCOC4,7.66,0
NC(=O)c1cn(nc1Nc2ccccc2)C3(CC#N)CCN(Cc4c(F)cccc4F)CC3,7.89,0
NC(=O)c1cn(nc1Nc2ccccc2)C3(CC#N)CCN(CC3)C(=O)\C=C\c4cccnc4,6.8,0
NC(=O)c1cn(nc1Nc2ccnc(F)c2)C3(CC#N)CCC(CC3)NCc4ccccc4F,8.7,1
NC(=O)c1cn(nc1Nc2ccc(F)cc2)C3(CC#N)CCN(CC4CCCCC4)CC3,6.68,0
Cc1cc(C)cc(NC(=O)N2CC(CC#N)(C2)n3cc(C(=O)N)c(Nc4ccccc4)n3)c1,6.49,0
NC(=O)c1cn(nc1Nc2ccc(F)cc2)C3(CC#N)CCN(CC3)c4cccnc4,8.22,1
NC(=O)c1cn(nc1Nc2ccccc2)C3(CC#N)CN(C3)C(=O)OCCc4ccccn4,6.07,0
NC(=O)c1cn(nc1Nc2ccnc(F)c2)C3(CC#N)CCC(CC3)NCc4ccc(F)cc4F,8.7,1
NC(=O)c1cn(nc1Nc2ccc(F)cc2)C3(CC#N)CCN(CC3)C(=O)O[C@H]4CCOC4,7.33,0
CCCCNC(=O)N1CC(CC#N)(C1)n2cc(C(=O)N)c(Nc3ccc(cc3)S(=O)(=O)C)n2,6.49,0
NC(=O)c1cn(nc1Nc2ccccc2)C3(CC#N)CCN(Cc4ccc(Cl)cc4F)CC3,7.36,0
NC(=O)c1cn(nc1Nc2ccnc(F)c2)C3(CC#N)CCC(CC3)NCc4cccnc4,5.98,0
NC(=O)c1cn(nc1Nc2ccnc(F)c2)C3(CC#N)CCN(Cc4nc5ccccc5[nH]4)CC3,6.19,0
CC(C(=O)N1CCC(CC#N)(CC1)n2cc(C(=O)N)c(Nc3ccnc(F)c3)n2)C(F)(F)F,7.89,0
NC(=O)c1cn(nc1Nc2ccnc(F)c2)C3(CC#N)CCN(Cc4cccc(F)c4)CC3,8.52,1
CC1(CCC1)C(=O)N2CCC(CC#N)(CC2)n3cc(C(=O)N)c(Nc4ccnc(F)c4)n3,6.94,0
CC(C)Oc1cccc(n1)N2CCC(CC#N)(CC2)n3cc(C(=O)N)c(Nc4ccc(F)cc4)n3,,0
CC(O)c1ccc(Nc2nn(cc2C(=O)N)C3(CC#N)CCN(CC3)C(=O)OC(C)(C)C)cn1,8.7,1
NC(=O)c1cn(nc1Nc2ccnc(F)c2)C3(CC#N)CCC(CC3)Nc4ccc(F)cc4,,0
NC(=O)c1cn(nc1Nc2ccc(F)cc2)C3(CC#N)CCN(Cc4ccnc5[nH]ccc45)CC3,7.06,0
NC(=O)c1cn(nc1Nc2ccc(F)cc2)C3(CC#N)CCC(CC3)NCc4ccccc4,9.7,1
NC(=O)c1cn(nc1Nc2ccc(F)cc2)C3(CC#N)CCN(CC3)c4cc(F)ccn4,8.22,1
NC(=O)c1cn(nc1Nc2ccnc(F)c2)C3(CC#N)CCN(Cc4cn5ccccc5n4)CC3,,0
CCC(=O)N1CCC(CC#N)(CC1)n2cc(C(=O)N)c(Nc3ccccc3)n2,7.58,0
CC(C)(C)OC(=O)N1CCC(CC#N)(CC1)n2cc(C(=O)N)c(Nc3cccc(c3)c4ccc(F)cc4)n2,5.96,0
NC(=O)c1cn(nc1Nc2ccc(F)cc2)C3(CC#N)CCC(CC3)NCC(F)(F)F,7.51,0
NC(=O)c1cn(nc1Nc2ccc(F)cc2)C3(CC#N)CCC(=O)CC3,7.41,0
NC(=O)c1cn(nc1Nc2ccc(F)cc2)C3(CC#N)CCN(CC3)C(=O)OC4COC4,7.36,0
CC(C)(O)C(=O)N1CCC(CC#N)(CC1)n2cc(C(=O)N)c(Nc3ccnc(F)c3)n2,6.63,0
NC(=O)c1cn(nc1Nc2ccc(F)cc2)C3(CC#N)CCN(CC3)c4ccc(F)c(F)c4,7.16,0
NC(=O)c1cn(nc1Nc2ccnc(F)c2)C3(CC#N)CCC(CC3)Nc4ccc(F)c(F)c4,7.37,0
CC(C)(C)OC(=O)N1CCC(CC#N)(CC1)n2cc(C(=O)N)c(Nc3cccc(c3)c4ccccc4O)n2,6.74,0
Cc1cccc(NC(=O)N2CC(CC#N)(C2)n3cc(C(=O)N)c(Nc4ccccc4)n3)c1,7.11,0
NC(=O)c1cn(nc1Nc2ccccc2)C3(CC#N)CN(C3)C(=O)OC4CCOCC4,6.59,0
CCCc1ccc(CN2CCC(CC#N)(CC2)n3cc(C(=O)N)c(Nc4ccccc4)n3)cc1,6.05,0
C[C@H]1C[C@@](CC#N)(CCN1C(=O)OC(C)(C)C)n2cc(C(=O)N)c(Nc3ccccc3)n2,7.68,0
Cc1ccc(Cl)cc1NC(=O)N2CC(CC#N)(C2)n3cc(C(=O)N)c(Nc4ccccc4)n3,6.83,0
NC(=O)c1cn(nc1Nc2ccnc(F)c2)C3(CC#N)CCN(Cc4cccc(F)n4)CC3,7.08,0
CC(C)[C@@H](O)C(=O)N1CCC(CC#N)(CC1)n2cc(C(=O)N)c(Nc3ccnc(F)c3)n2,6.86,0
NC(=O)c1cn(nc1Nc2ccc(F)cc2)C3(CC#N)CCN(Cc4ccc5cc[nH]c5c4)CC3,7.34,0
CC(C)(O)C1CC(CN2CCC(CC#N)(CC2)n3cc(C(=O)N)c(Nc4ccnc(F)c4)n3)C1,,0
NC(=O)c1cn(nc1Nc2ccc(F)cc2)C3(CC#N)CCN(CC3)c4cccc(CF)n4,7.41,0
C[C@@H](O)CC(=O)N1CCC(CC#N)(CC1)n2cc(C(=O)N)c(Nc3ccnc(F)c3)n2,7.33,0
CC(CO)OC(=O)N1CCC(CC#N)(CC1)n2cc(C(=O)N)c(Nc3ccc(F)cc3)n2,8.1,1
NC(=O)c1cn(nc1Nc2ccnc(F)c2)C3(CC#N)CCC(CC3)NC4CCCCC4,,0
COc1ccc(cc1OC)C(=O)N2CCC(CC#N)(CC2)n3cc(C(=O)N)c(Nc4ccccc4)n3,6.35,0
NC(=O)c1cn(nc1Nc2ccccc2)C3(CC#N)CCN(CC3)C(=O)c4cccc(c4)N5CCOCC5,5.98,0
NC(=O)c1cn(nc1Nc2ccc(F)cc2)C3(CC#N)CCN(CC3)C(=O)OCCC(F)(F)F,7.01,0
NC(=O)c1cn(nc1Nc2ccc(F)cc2)C3(CC#N)CCN(CC3)c4cccc(F)n4,8.4,1
NC(=O)c1cn(nc1Nc2ccc(F)cc2)C3(CC#N)CCN(CC3)c4ccncc4,7.11,0
NC(=O)c1cn(nc1Nc2ccc(F)cc2)C3(CC#N)CCC(CC3)NCC(F)F,7.89,0
CC(C)NC(=O)N1CC(CC#N)(C1)n2cc(C(=O)N)c(Nc3ccccc3)n2,6.73,0
CC(C)(C)OC(=O)N1CCC(CC#N)(CC1)n2cc(C(=O)N)c(Nc3cccc(c3)c4ccc5ccccc5c4)n2,5.83,0
CC1(COC(=O)N2CCC(CC#N)(CC2)n3cc(C(=O)N)c(Nc4ccc(F)cc4)n3)CC1,7.14,0
NC(=O)c1cn(nc1Nc2ccccc2)C3(CC#N)CCN(CC3)C(=O)CN4CCCC4=O,6.71,0
NC(=O)c1cn(nc1Nc2ccc(F)cc2)C3(CC#N)CCC(CC3)NCC4CC4,6.18,0
NC(=O)c1cn(nc1Nc2ccc(cc2)S(=O)(=O)C(F)F)C3(CC#N)CCC(CC3)N4CC(F)C4,9.0,1
NC(=O)c1cn(nc1Nc2ccc(nc2)c3cn[nH]c3)C4(CC#N)CCN(CC4)C(=O)OCC(F)(F)F,9.22,1
CC(C)(C)OC(=O)N1CCC(CC#N)(CC1)n2cc(C(=O)N)c(Nc3ccnc(CO)c3)n2,7.0,0
CCOc1ccccc1NC(=O)N2CC(CC#N)(C2)n3cc(C(=O)N)c(Nc4ccccc4)n3,6.29,0
CCn1ccnc1CN2CCC(CC#N)(CC2)n3cc(C(=O)N)c(Nc4ccnc(F)c4)n3,6.35,0
CC(C)(C)OC(=O)NC1CCC(CC#N)(CC1)n2cc(C(=O)N)c(Nc3ccccc3)n2,6.57,0
CC(C)(C)OC(=O)N1CCC(CC#N)(CC1)n2cc(C(=O)N)c(Nc3ccc(cc3)S(=O)(=O)C(F)F)n2,9.22,1
CC(C)(C)OC(=O)N1CCC(CC#N)(CC1)n2cc(C(=O)N)c(Nc3cc(F)ncn3)n2,7.8,0
NC(=O)c1cn(nc1Nc2ccccc2)C3(CC#N)CN(C3)C(=O)Nc4ccc(cc4)C#N,7.68,0
NC(=O)c1cn(nc1Nc2ccnc(c2)C3CC3)C4(CC#N)CCN(CC4)C(=O)OCC(F)F,6.7,0
NC(=O)c1cn(nc1Nc2ccnc(F)c2)C3(CC#N)CCC(CC3)NCc4cccc(F)c4,5.99,0
NC(=O)c1cn(nc1Nc2ccccc2)C3(CC#N)CCN(CC3)C(=O)c4cc5ccccc5[nH]4,6.75,0
NC(=O)c1cn(nc1Nc2ccccc2)C3(CC#N)CCN(CC#Cc4ccccc4)CC3,6.13,0
NC(=O)c1cn(nc1Nc2ccnc(F)c2)[C@]3(CC#N)CCN(C[C@@H]3F)C(=O)OCC(F)F,10.0,1
NC(=O)c1cn(nc1Nc2ccccc2)C3(CC#N)CN(C3)C(=O)OCCN4CCOCC4,6.31,0
Cc1ncccc1N2CCC(CC#N)(CC2)n3cc(C(=O)N)c(Nc4ccc(F)cc4)n3,6.68,0
CC(C)(C)OC(=O)N1CCC(CC#N)(CC1)n2cc(C(=O)N)c(Nc3ccc(F)cc3)n2,7.68,0
NC(=O)c1cn(nc1Nc2ccc(F)cc2)C3(CC#N)CCN(CC3)c4ccc(F)nc4,7.92,0
Cc1onc(CN2CCC(CC#N)(CC2)n3cc(C(=O)N)c(Nc4ccnc(F)c4)n3)c1,6.8,0
CC(C)(C)OC(=O)N1CC[C@@](CC#N)([C@@H](F)C1)n2cc(C(=O)N)c(Nc3ccc(F)cc3)n2,7.08,0
COc1ccc(cc1OC)N2CCC(CC#N)(CC2)n3cc(C(=O)N)c(Nc4ccc(F)cc4)n3,6.81,0
CC(C)(C)OC(=O)C1CCC(CC#N)(CC1)n2cc(C(=O)N)c(Nc3ccccc3)n2,7.04,0
CC(F)(F)C(=O)N1CC[C@@](CC#N)([C@H](F)C1)n2cc(C(=O)N)c(Nc3ccc(F)nc3)n2,8.3,1
NC(=O)c1cn(nc1Nc2ccnc(F)c2)C3(CC#N)CCN(Cc4ccccc4C#N)CC3,7.89,0
NC1CCC(CC#N)(CC1)n2cc(C(=O)N)c(Nc3ccnc(F)c3)n2,,0
COCCCOC(=O)N1CC(CC#N)(C1)n2cc(C(=O)N)c(Nc3ccccc3)n2,6.22,0
NC(=O)c1cn(nc1Nc2ccc(cc2)S(=O)(=O)C(F)(F)F)C3(CC#N)CCN(CC3)C(=O)OCC(F)(F)F,8.4,1
NC(=O)c1cn(nc1Nc2ccc(F)cc2)C3(CC#N)CCN(CC3)c4ccncn4,8.3,1
NC(=O)c1cn(nc1Nc2ccccc2)C3(CC#N)CCN(CC3)C(=O)Nc4ccc(cc4)C#N,8.22,1
COCC(=O)N1CCC(CC#N)(CC1)n2cc(C(=O)N)c(Nc3ccccc3)n2,7.03,0
NC(=O)c1cn(nc1Nc2ccc(F)cc2)C3(CC#N)CCN(CC3)C(=O)OCC4CCOCC4,6.84,0
Cc1cccc(n1)N2CCC(CC#N)(CC2)n3cc(C(=O)N)c(Nc4ccc(F)cc4)n3,6.99,0
CNC(=O)c1ccc(Nc2nn(cc2C(=O)N)C3(CC#N)CCN(CC3)C(=O)OC(C)(C)C)cc1,8.7,1
NC(=O)c1cn(nc1Nc2ccc(F)cc2)C3(CC#N)CCN(Cc4ccccc4)CC3,7.89,0
NC(=O)c1cn(nc1Nc2ccnc(F)c2)C3(CC#N)CCC(CC3)Nc4ccc(F)cc4,8.05,1
CN1CC(CC#N)(C1)n2cc(C(=O)N)c(Nc3ccccc3)n2,5.83,0
C[C@@H](OC(=O)N1CCC(CC#N)(CC1)n2cc(C(=O)N)c(Nc3ccnc(F)c3)n2)C4CC4,7.92,0
CN1CCC(COC(=O)N2CC(CC#N)(C2)n3cc(C(=O)N)c(Nc4ccccc4)n3)CC1,5.83,0
NC(=O)c1cn(nc1Nc2ccccc2)C3(CC#N)CN(C3)S(=O)(=O)c4ccccc4,6.33,0
CC(F)(F)C(=O)N1CC[C@@](CC#N)([C@@H](F)C1)n2cc(C(=O)N)c(Nc3ccc(F)nc3)n2,7.89,0
COc1cncc(c1)N2CCC(CC#N)(CC2)n3cc(C(=O)N)c(Nc4ccc(F)cc4)n3,7.77,0
NC(=O)c1cn(nc1Nc2ccnc(F)c2)C3(CC#N)CCN(Cc4ccccc4F)CC3,8.7,1
Cc1c(CN2CCC(CC#N)(CC2)n3cc(C(=O)N)c(Nc4ccnc(F)c4)n3)cnn1C,6.24,0
CC(C)(C)OC(=O)N1CCC(CC#N)(CC1)n2cc(C(=O)N)c(Nc3cccc(c3)c4ccc(O)cc4)n2,6.53,0
COc1ccc(cc1)S(=O)(=O)N2CCC(CC#N)(CC2)n3cc(C(=O)N)c(Nc4ccccc4)n3,8.52,1
Cn1cc(cn1)C(=O)N2CCC(CC#N)(CC2)n3cc(C(=O)N)c(Nc4ccnc(F)c4)n3,7.2,0
NC(=O)c1cn(nc1Nc2ccccc2)C3(CC#N)CCN(Cc4ccc5OCOc5c4)CC3,7.11,0
Cn1cc(cn1)c2cccc(Nc3nn(cc3C(=O)N)C4(CC#N)CCN(CC4)C(=O)OCC(F)(F)F)c2,7.68,0
CCCCC(=O)N1CCC(CC#N)(CC1)n2cc(C(=O)N)c(Nc3ccccc3)n2,7.16,0
NC(=O)c1cn(nc1Nc2ccccc2)C3(CC#N)CCN(CC3)C(=O)OC4CCCCC4,6.5,0
NC(=O)c1cn(nc1Nc2ccnc(F)c2)C3(CC#N)CCC(CC3)NCc4ccncc4,6.0,0
NC(=O)c1cn(nc1Nc2ccc(cc2)[S+]([O-])C(F)F)C3(CC#N)CCC(CC3)Nc4ccccc4O,6.75,0
CC(C)(C)OC(=O)N1CCC(CC#N)(CC1)n2cc(C(=O)N)c(Nc3cccc(Cn4nnc5ccccc45)c3)n2,7.75,0
COc1ccccc1N2CCC(CC#N)(CC2)n3cc(C(=O)N)c(Nc4ccc(F)cc4)n3,,0
NC(=O)c1cn(nc1Nc2ccc(F)cc2)C3(CC#N)CCN(Cc4cc(F)ccn4)CC3,7.8,0
CC(C)c1ccc(NC(=O)N2CC(CC#N)(C2)n3cc(C(=O)N)c(Nc4ccccc4)n3)cc1,7.1,0
NC(=O)c1cn(nc1Nc2ccnc(F)c2)C3(CC#N)CCC(CC3)Nc4cccc(F)c4,6.39,0
NC(=O)c1cn(nc1Nc2ccc(F)cc2)C3(CC#N)CCSCC3,6.95,0
COCCOC(=O)N1CC(CC#N)(C1)n2cc(C(=O)N)c(Nc3ccccc3)n2,6.47,0
CC(=O)c1cccc(NC(=O)N2CC(CC#N)(C2)n3cc(C(=O)N)c(Nc4ccccc4)n3)c1,7.07,0
NC(=O)c1cn(nc1Nc2ccnc(F)c2)C3(CC#N)CCC(CC3)Nc4cccc(Cl)c4,8.4,1
NC(=O)c1cn(nc1Nc2ccc(cc2)S(=O)(=O)C(F)F)C3(CC#N)CCC(CC3)NCC(F)F,8.52,1
CN(C)CC(=O)N1CCC(CC#N)(CC1)n2cc(C(=O)N)c(Nc3ccccc3)n2,6.5,0
NC(=O)c1cn(nc1Nc2ccc(F)cc2)C3(CC#N)CCN(CC4CC4)CC3,6.04,0
CC(C)(C)OC(=O)N1CCC(CC#N)(CC1)n2cc(C(=O)N)c(Nc3ccc(cc3)C(=O)N4CCOCC4)n2,9.15,1
NC(=O)c1cn(nc1Nc2ccc(F)cc2)C3(CC#N)CCC(CC3)Nc4cccc(Cl)c4,7.22,0
CC(C)(C)OC(=O)N1CCC(CC#N)(CC1)n2cc(C(=O)N)c(Nc3cccnc3)n2,8.4,1
NC(=O)c1cn(nc1Nc2ccc(F)cc2)C3(CC#N)CCN(Cc4ccc5[nH]ccc5c4)CC3,7.28,0
CC(C)(C)OC(=O)N1CCC(CC#N)(CC1)n2cc(C(=O)N)c(Nc3cnccn3)n2,6.68,0
NC(=O)c1cn(nc1Nc2ccc(F)cc2)C3(CC#N)CCN(CCF)CC3,7.23,0
NC(=O)c1cn(nc1Nc2ccnc(F)c2)C3(CC#N)CCC(CC3)NCc4ccc(Cl)cc4,8.7,1
CC(C)(C)OC(=O)N1CCC(CC#N)(CC1)n2cc(C(=O)N)c(Nc3ccc(CC(=O)O)cc3)n2,8.0,0
COc1cccc(c1)S(=O)(=O)N2CCC(CC#N)(CC2)n3cc(C(=O)N)c(Nc4ccccc4)n3,8.52,1
NC(=O)c1cn(nc1Nc2ccc(F)cc2)C3(CC#N)CCN(CC3)C(=O)OC4CCOCC4,6.99,0
NC(=O)c1cn(nc1Nc2ccccc2)C3(CC#N)CCN(CC3)C(=O)C4CCCCC4,7.36,0
NC(=O)c1cn(nc1Nc2ccnc(F)c2)C3(CC#N)CCN(CC3)C(=O)OC4CCOCC4,7.02,0
NC(=O)c1cn(nc1Nc2ccnc(F)c2)C3(CC#N)CCN(Cc4cccc(O)c4)CC3,9.0,1
COCCOC(=O)N1CCC(CC#N)(CC1)n2cc(C(=O)N)c(Nc3ccccc3)n2,7.15,0
Cc1ccccc1NC(=O)N2CC(CC#N)(C2)n3cc(C(=O)N)c(Nc4ccccc4)n3,6.79,0
CS(=O)(=O)c1ccc(Nc2nn(cc2C(=O)N)C3(CC#N)CCN(CC3)C(=O)CC#N)cc1,8.0,0
NC(=O)c1cn(nc1Nc2ccc(F)cc2)C3(CC#N)CCN(CC3)C(=O)OC4CCCOC4,6.92,0
CC(C)(C)OC(=O)N1CCC(CC#N)(CC1)n2cc(C(=O)N)c(Nc3cccc(c3)c4ccc(Cl)cc4)n2,5.83,0
NC(=O)c1cn(nc1Nc2ccnc(F)c2)C3(CC#N)CCC(CC3)Nc4ccc(Cl)cc4,8.52,1
NC(=O)c1cn(nc1Nc2ccc(F)cc2)C3(CC#N)CCC(CC3)Nc4cc(F)ccc4F,8.22,1
NC(=O)c1cn(nc1Nc2ccc(cc2)S(=O)(=O)C(F)F)C3(CC#N)CCC(CC3)N4CC(F)C4,6.49,0
NC(=O)c1cn(nc1Nc2ccc(F)cc2)C3(CC#N)CCC(CC3)N4CCC(O)CC4,,0
NC(=O)c1cn(nc1Nc2ccccc2)C3(CC#N)CCN(Cc4ccc(cc4)C#N)CC3,6.61,0
CCOC(=O)COC(=O)N1CC(CC#N)(C1)n2cc(C(=O)N)c(Nc3ccccc3)n2,6.32,0
NC(=O)c1cn(nc1Nc2ccnc(F)c2)C3(CC#N)CCN(Cc4cccnc4)CC3,8.3,1
NC(=O)c1cn(nc1Nc2ccnc(F)c2)C3(CC#N)CCC(CC3)NCC(F)(F)F,,0
C\C=C\C(=O)N1CCC(CC#N)(CC1)n2cc(C(=O)N)c(Nc3ccccc3)n2,7.19,0
NC(=O)c1cn(nc1Nc2ccnc(F)c2)C3(CC#N)CCC(CC3)Nc4ccccn4,6.44,0
CC(C)(C)OC(=O)N1CC2(C1)CC(CC#N)(C2)n3cc(C(=O)N)c(Nc4ccccc4)n3,5.83,0
NC(=O)c1cn(nc1Nc2ccnc(F)c2)C3(CC#N)CCN(Cc4cccc5ccnn45)CC3,7.09,0
NC(=O)c1cn(nc1Nc2ccccc2)C3(CC#N)CCN(CC3)C(=O)OCCN4CCOCC4,6.47,0
CC(C)(C)OC(=O)N1CCC(CC#N)(CC1)n2cc(C(=O)N)c(Nc3cccnn3)n2,6.75,0
COC(=O)N1CCC(CC#N)(CC1)n2cc(C(=O)N)c(Nc3ccc(cc3)S(=O)(=O)C)n2,7.8,0
NC(=O)c1cn(nc1Nc2ccc(F)cc2)C3(CC#N)CCN(CC3)c4cc(ccn4)C(F)(F)F,7.12,0
COC1CN(C1)C2CCC(CC#N)(CC2)n3cc(C(=O)N)c(Nc4ccnc(F)c4)n3,,0
COC(=O)c1ccc(Nc2nn(cc2C(=O)N)C3(CC#N)CCN(CC3)C(=O)OC(C)(C)C)cc1,8.05,1
NC(=O)c1cn(nc1Nc2ccnc(F)c2)C3(CC#N)CCN(Cc4occn4)CC3,7.14,0
NC(=O)c1cn(nc1Nc2ccc(cc2)[S+]([O-])C(F)F)C3(CC#N)CCC(CC3)Nc4cccc(O)c4,9.1,1
NC(=O)c1cn(nc1Nc2ccnc(F)c2)C3(CC#N)CCN(CC3)C(=O)Cn4ccnc4,6.81,0
COc1cc(ccn1)N2CCC(CC#N)(CC2)n3cc(C(=O)N)c(Nc4ccc(F)cc4)n3,8.3,1
NC(=O)c1cn(nc1Nc2ccccc2)C3(CC#N)CCN(CC3)C(=O)Cc4ccc(cc4)C(F)(F)F,6.44,0
Cc1onc(c1)C(=O)N2CCC(CC#N)(CC2)n3cc(C(=O)N)c(Nc4ccccc4)n3,6.71,0
NC(=O)c1cn(nc1Nc2ccc(F)cc2)C3(CC#N)CCN(CC3)c4ccc(cc4)C(O)C(F)(F)F,7.43,0
NC(=O)c1cn(nc1Nc2ccc(F)cc2)C3(CC#N)CCC(CC3)Nc4ccccc4F,8.15,1
NC(=O)c1cn(nc1Nc2ccc(cc2)S(=O)(=O)C(F)(F)F)C3(CC#N)CCN(CC3)C(=O)OC4COC4,8.52,1
NC(=O)c1cn(nc1Nc2ccccc2)C3(CC#N)CCN(CC3)S(=O)(=O)c4ccccc4,9.0,1
NC(=O)c1cn(nc1Nc2ccccc2)C3(CC#N)CCN(CC3)S(=O)(=O)C4CC4,8.52,1
CC(C)(C)OC(=O)N1CC(CC#N)(C1)n2cc(C(=O)N)c(Nc3ccc(cc3)C(=O)N4CCS(=O)(=O)CC4)n2,8.3,1
COC(=O)c1cccc(n1)N2CCC(CC#N)(CC2)n3cc(C(=O)N)c(Nc4ccc(F)cc4)n3,6.55,0
Cc1cccc(N2CCC(CC#N)(CC2)n3cc(C(=O)N)c(Nc4ccc(F)cc4)n3)c1F,6.53,0
C[C@@H]1C[C@@](CC#N)(CCN1C(=O)OC(C)(C)C)n2cc(C(=O)N)c(Nc3ccccc3)n2,6.21,0
CCS(=O)(=O)N1CC(CC#N)(C1)n2cc(C(=O)N)c(Nc3ccccc3)n2,6.39,0
NC(=O)c1cn(nc1Nc2cncc(F)c2)C3(CC#N)CCN(CC3)C(=O)OCC(F)(F)F,7.68,0
COC(=O)c1ccccc1CN2CCC(CC#N)(CC2)n3cc(C(=O)N)c(Nc4ccccc4)n3,6.4,0
Cc1ccnc(c1)N2CCC(CC#N)(CC2)n3cc(C(=O)N)c(Nc4ccc(F)cc4)n3,7.36,0
NC(=O)c1cn(nc1Nc2ccc(F)cc2)C3(CC#N)CCN(CC3)c4cncc(F)c4,8.4,1
NC(=O)c1cn(nc1Nc2ccccc2)C3(CC#N)CN(C3)S(=O)(=O)c4occc4,6.61,0
NC(=O)c1cn(nc1Nc2ccccc2)[C@@]3(CC#N)C[C@H](C3)C#N,6.39,0
CCOC(=O)C(C)NC(=O)N1CC(CC#N)(C1)n2cc(C(=O)N)c(Nc3ccccc3)n2,6.25,0
NC(=O)c1cn(nc1Nc2ccc(cc2)S(=O)(=O)C(F)F)C3(CC#N)CCC(CC3)NC4CCOCC4,8.3,1
Cc1ccc(NC(=O)N2CC(CC#N)(C2)n3cc(C(=O)N)c(Nc4ccccc4)n3)cc1Cl,6.47,0
CC(C)(C)OC(=O)N1CCC(CC#N)(CC1)n2cc(C(=O)N)c(Nc3cc(Cl)nc(Cl)c3)n2,7.48,0
NC(=O)c1cn(nc1Nc2ccccc2)C3(CC#N)CCN(Cc4ccc(cc4)C(F)(F)F)CC3,6.34,0
NC(=O)c1cn(nc1Nc2ccc(F)cc2)C3(CC#N)CCC(CC3)NCCF,6.88,0
NC(=O)c1cn(nc1Nc2ccc(F)cc2)C3(CC#N)CCN(CC3)c4cccc(F)c4,7.62,0
NC(=O)c1cn(nc1Nc2ccc(nc2)C3CCC3)C4(CC#N)CCN(CC4)C(=O)OCC(F)F,8.52,1
NC(=O)c1cn(nc1Nc2ccnc(F)c2)C3(CC#N)CCN(CC3)C(=O)C4(CC4)C(F)(F)F,7.4,0
COCC(=O)N1CCC(CC#N)(CC1)n2cc(C(=O)N)c(Nc3ccnc(F)c3)n2,7.02,0
CC(C)NC(=O)N1CCC(CC#N)(CC1)n2cc(C(=O)N)c(Nc3ccc(cc3)S(=O)(=O)C(F)(F)F)n2,8.7,1
NC(=O)c1cn(nc1Nc2ccc(F)cc2)C3(CC#N)CCN(CC3)c4cncnc4,8.7,1
NC(=O)c1cn(nc1Nc2ccccc2)C3(CC#N)CN(C3)C(=O)OCc4ccncc4,6.45,0
NC(=O)c1cn(nc1Nc2ccnc(F)c2)C3(CC#N)CCC(CC3)NC4CCCCC4,6.62,0
NC(=O)c1cn(nc1Nc2ccnc(F)c2)C3(CC#N)CCC(CC3)N4CCC5C=CC=CC45,7.62,0
NC(=O)c1cn(nc1Nc2ccc(F)cc2)C3(CC#N)CCN(Cc4cc5ccccc5[nH]4)CC3,7.19,0
NC(=O)c1cn(nc1Nc2ccccc2)C3(CC#N)CCN(CC3)C(=O)c4ccncc4,6.5,0
NC(=O)c1cn(nc1Nc2ccccc2)C3(CC#N)CCN(CC3)S(=O)(=O)C(F)(F)F,8.22,1
NC(=O)c1cn(nc1Nc2ccc(F)cc2)C3(CC#N)CCN(CC3)C(=O)OCC(F)(F)F,7.82,0
Cc1ccc(F)cc1N2CCC(CC#N)(CC2)n3cc(C(=O)N)c(Nc4ccc(F)cc4)n3,,0
NC(=O)c1cn(nc1Nc2ccccc2)C3(CC#N)CCN(CC3)C(=O)OC4CCCC4,7.3,0
CS(=O)(=O)N1CC(CC#N)(C1)n2cc(C(=O)N)c(Nc3ccccc3)n2,6.44,0
COc1cccc(CN2CCC(CC#N)(CC2)n3cc(C(=O)N)c(Nc4ccnc(F)c4)n3)c1,7.7,0
COc1ccc2cc(CN3CCC(CC#N)(CC3)n4cc(C(=O)N)c(Nc5ccccc5)n4)ccc2c1,6.53,0
NC(=O)c1cn(nc1Nc2ccnc(F)c2)C3(CC#N)CCN(CC3)C(=O)OCC(F)F,8.3,1
CC(C)(C)OC(=O)N1CCC(CC#N)(CC1)n2cc(C(=O)N)c(Nc3cncc(F)c3)n2,7.8,0
Cc1ccc(NC(=O)N2CC(CC#N)(C2)n3cc(C(=O)N)c(Nc4ccc(cc4)S(=O)(=O)C)n3)cc1,6.76,0
NC(=O)c1cn(nc1Nc2ccc(cc2)S(=O)(=O)C(F)F)C3(CC#N)CCC(CC3)NCC(F)F,,0
NC(=O)c1cn(nc1Nc2ccc(F)cc2)C3(CC#N)CCC(CC3)Nc4ccc(Cl)cc4,,0
NC(=O)c1cn(nc1Nc2ccc(F)cc2)C3(CC#N)CCC(CC3)N4Cc5ccccc5C4,7.08,0
CS(=O)(=O)CC(=O)N1CCC(CC#N)(CC1)n2cc(C(=O)N)c(Nc3ccnc(F)c3)n2,7.66,0
NC(=O)c1cn(nc1Nc2ccccc2)C3(CC#N)CCN(Cc4ccc(cc4)c5ccccc5)CC3,7.34,0
