smiles,label
NC(CO)(CO)CO,0
N=C(Nc1ccccc1)Nc2ccccc2,0
C[C@]1(O)CC[C@H]2[C@@H]3CCC4=CC(=O)CC[C@]4(C)[C@H]3CC[C@]12C,0
O=C1CCc2cc(OCCCCc3nnnn3C4CCCCC4)ccc2N1,0
COC(=O)c1ccc(O)cc1,0
CN1C(=C(O)c2ccccc2S1(=O)=O)C(=O)Nc3ccccn3,0
CC(=O)[C@H]1CC[C@H]2[C@@H]3CCC4=CC(=O)CC[C@]4(C)[C@H]3CC[C@]12C,0
CC1=CN([C@@H]2O[C@H](CO)C=C2)C(=O)NC1=O,0
CC1(C)O[C@@H]2C[C@H]3[C@@H]4C[C@H](F)C5=CC(=O)C=C[C@]5(C)[C@H]4[C@@H](O)C[C@]3(C)[C@@]2(O1)C(=O)CO,0
C=CCc1ccc2OCOc2c1,0
CC(C)[C@@H]1N2C(=O)[C@](NC(=O)[C@H]3CN(C)[C@@H]4Cc5c[nH]c6cccc(C4=C3)c56)(O[C@@]2(O)[C@@H]7CCCN7C1=O)C(C)C,0
[Cl-].C[n+]1ccccc1\C=N\O,0
CC1(C)O[C@@H]2C[C@H]3[C@@H]4CCC5=CC(=O)C=C[C@]5(C)[C@@]4(F)[C@@H](O)C[C@]3(C)[C@@]2(O1)C(=O)CO,0
C\C=C\1/[C@@H]2CC3=C(C=CC(=O)N3)[C@]1(N)CC(=C2)C,0
Clc1ccc(cc1)C(=O)NCCN2CCOCC2,0
Cc1cc(c(O)c(C)c1CC2=NCCN2)C(C)(C)C,0
CC[C@H](C)[C@H](N)C1=N[C@@H](CS1)C(=O)N[C@@H](CC(C)C)C(=O)N[C@H](CCC(=O)O)C(=O)N[C@@H]([C@@H](C)CC)C(=O)N[C@H]2CCCCNC(=O)[C@H](CC(=O)N)NC(=O)[C@@H](CC(=O)O)NC(=O)[C@H](Cc3cnc[nH]3)NC(=O)[C@@H](Cc4ccccc4)NC(=O)[C@@H](NC(=O)[C@@H](CCCN)NC2=O)[C@@H](C)CC,1
Cc1c(OCC(F)(F)F)ccnc1C[S+]([O-])c2nc3ccccc3[nH]2,0
CC(C)[C@@H](C)\C=C\[C@@H](C)[C@H]1CC[C@H]2\C(=C\C=C/3\C[C@@H](O)CCC3=C)\CCC[C@]12C,0
OC(=O)C1CCn2c1ccc2C(=O)c3ccccc3,0
CC(=N)S,0
CN(C)c1nc(nc(n1)N(C)C)N(C)C,0
NS(=O)(=O)c1cc(ccc1Cl)C2(O)NC(=O)c3ccccc23,0
CN[C@H]1[C@H](O)[C@@H](O)[C@H](CO)O[C@H]1O[C@H]2[C@H](O[C@H]3[C@H](O)[C@@H](O)[C@H](N=C(N)N)[C@@H](O)[C@@H]3N=C(N)N)O[C@@H](C)[C@]2(O)C=O,0
NNC(=O)c1ccncc1,0
OC(CCN1CCCCC1)(C2CCCCC2)c3ccccc3,0
CC(C)(C)NCC(O)c1ccc(O)c(CO)c1,0
COc1cc2O[C@H]3OC=C[C@H]3c2c4OC(=O)C5=C(CCC5=O)c14,0
COCCc1ccc(OCC(O)CNC(C)C)cc1,0
CNC1=Nc2ccc(Cl)cc2C(=[N+]([O-])C1)c3ccccc3,0
CCCCCCCCCc1ccc(O)cc1,0
Nc1nc(F)nc2c1ncn2[C@@H]3O[C@H](CO)[C@@H](O)[C@@H]3O,0
CCCN(CCC)S(=O)(=O)c1ccc(cc1)C(=O)O,0
[I-].[I-].[I-].CC[N+](CC)(CC)CCOc1cccc(OCC[N+](CC)(CC)CC)c1OCC[N+](CC)(CC)CC,0
CN[C@H]1CC[C@@H](c2ccc(Cl)c(Cl)c2)c3ccccc13,0
CN1C(=O)N(C)c2ncn(CC3OCCO3)c2C1=O,0
CC1(COc2ccc(CC3SC(=O)NC3=O)cc2)CCCCC1,1
CCN(CCO)CCCC(C)Nc1ccnc2cc(Cl)ccc12,0
CN(C)CC[C@@H](c1ccc(Cl)cc1)c2ccccn2,0
OC(=O)Cc1ccc(cc1)c2ccccc2,0
[Cl-].[Cl-].C[n+]1ccc(cc1)c2cc[n+](C)cc2,0
CC[C@]1(O)C[C@@H]2CN(CCc3c([nH]c4ccccc34)[C@@](C2)(C(=O)OC)c5cc6c(cc5OC)N(C)[C@H]7[C@](O)([C@H](OC(=O)C)[C@]8(CC)C=CCN9CC[C@]67[C@H]89)C(=O)OC)C1,0
CCC1(CCC(C)C)C(=O)NC(=NC1=O)O,0
CCOC(=O)N1C=CN(C)C1=S,0
CC(C)(Oc1ccc(cc1)C2CCCc3ccccc23)C(=O)O,0
CC[C@H](C)C(=O)O[C@H]1CCC=C2C=C[C@H](C)[C@H](CC[C@@H]3C[C@@H](O)CC(=O)O3)[C@@H]12,0
CC(C)(CO)C(O)C(=O)NCCCO,0
C[S+]([O-])c1ccc(\C=C/2\C(=C(CC(=O)O)c3cc(F)ccc23)C)cc1,0
O=C1CC[C@H](N2C(=O)c3ccccc3C2=O)C(=O)N1,0
COc1c(N2CCNC(C)C2)c(F)cc3C(=O)C(=CN(C4CC4)c13)C(=O)O,0
OCCOCCN1CCN(CC1)C2=Nc3ccccc3Sc4ccccc24,0
Clc1cccc(Cl)c1NC2=NCCN2,0
CCc1c2CN3C(=O)C4=C(C=C3c2nc5ccc(OC(=O)N6CCC(CC6)N7CCCCC7)cc15)[C@@](O)(CC)C(=O)OC4,0
Brc1c(NC2=NCCN2)ccc3nccnc13,0
C[C@@H]1[C@H]2[C@H](O)[C@H]3[C@H](N(C)C)C(=C(C(=O)N)C(=O)[C@@]3(O)C(=C2C(=O)c4c(O)cccc14)O)O,0
O=C1C=C(Oc2c1ccc3ccccc23)c4ccccc4,0
[Cl-].CN(C)c1ccc(cc1)C(=C2C=CC(=[N+](C)C)C=C2)c3ccc(cc3)N(C)C,1
COc1ccc2c(c1)c(CC(=O)O)c(C)n2C(=O)c3ccc(Cl)cc3,0
O.O.O.CC(=O)O[C@@]12CO[C@@H]1C[C@H](O)[C@]3(C)[C@@H]2[C@H](OC(=O)c4ccccc4)[C@]5(O)C[C@H](OC(=O)[C@H](O)[C@@H](NC(=O)OC(C)(C)C)c6ccccc6)C(=C([C@@H](O)C3=O)C5(C)C)C,0
Nc1ccc(cc1)S(=O)(=O)Nc2ncccn2,0
CN1C[C@@H](C=C2[C@H]1Cc3c[nH]c4cccc2c34)C(=O)N[C@]5(C)O[C@@]6(O)[C@@H]7CCCN7C(=O)[C@H](Cc8ccccc8)N6C5=O,0
[O-2].[Cu+2],0
NC1=C(F)C=NC(=O)N1,0
CC(C)(S)[C@@H](N)C(=O)O,0
NC1CCN(C1)c2nc3N(C=C(C(=O)O)C(=O)c3cc2F)c4ccc(F)cc4F,0
S(Sc1nc2ccccc2s1)c3nc4ccccc4s3,0
CNS(=O)(=O)Cc1ccc2[nH]cc(CCN(C)C)c2c1,0
Cc1ccnc2N(C3CC3)c4ncccc4C(=O)Nc12,0
N[C@@H](Cc1ccc(F)cc1)C(=O)O,0
O=C1Oc2ccccc2C=C1,0
CC(=O)O[C@H]1CC[C@@H]2[C@H]3CC[C@@]4(C)[C@@H](CC[C@@]4(OC(=O)C)C#C)[C@@H]3CCC2=C1,0
CCCNC(=O)NS(=O)(=O)c1ccc(Cl)cc1,0
OCCN1CCN(CCCN2c3ccccc3Sc4ccc(cc24)C(F)(F)F)CC1,1
OC(COc1cccc2OC(=CC(=O)c12)C(=O)O)COc3cccc4OC(=CC(=O)c34)C(=O)O,0
CN1C(=O)COc2c1cc(Cl)cc2C(=O)NC3CN4CCC3CC4,0
CC1(C)[C@@H](N2[C@@H](CC2=O)S1(=O)=O)C(=O)O,0
C\C(=C/c1ccccc1)\C=C\2/SC(=S)N(CC(=O)O)C2=O,0
CC(C)[C@H]1NC(=O)[C@@H](NC(=O)C2=C(N)C(=O)C(=C3Oc4c(C)ccc(C(=O)N[C@H]5[C@@H](C)OC(=O)[C@H](C(C)C)N(C)C(=O)CN(C)C(=O)[C@@H]6CCCN6C(=O)[C@H](NC5=O)C(C)C)c4N=C23)C)[C@@H](C)OC(=O)[C@H](C(C)C)N(C)C(=O)CN(C)C(=O)[C@@H]7CCCN7C1=O,0
CSc1ccc(\C=C/2\C(=C(CC(=O)O)c3cc(F)ccc23)C)cc1,1
Cc1c(C)c2OC(C)(CN3CCN(CC3)c4cc(nc(n4)N5CCCC5)N6CCCC6)CCc2c(C)c1O,0
OC(=O)CC(O)(CC(=O)O)C(=O)O,0
CC(C)C(=O)Nc1ccc(c(c1)C(F)(F)F)[N+](=O)[O-],0
COc1cc2nc(nc(N)c2cc1OC)N3CCN(CC3)C(=O)C4CCCO4,0
CC1(C)O[C@@H]2C[C@H]3[C@@H]4C[C@H](F)C5=CC(=O)CC[C@]5(C)[C@H]4[C@@H](O)C[C@]3(C)[C@@]2(O1)C(=O)CO,0
CN1C(=O)CN=C(c2ccccc2)c3cc(ccc13)[N+](=O)[O-],0
CN1C(=O)OC(C)(C)C1=O,0
CCCN(CCC)C(=O)C(CCC(=O)O)NC(=O)c1ccccc1,0
COc1cc(\C=C\C(=O)O)ccc1O,0
c1ccc2c(c1)cc3ccc4cccc5ccc2c3c45,0
Oc1c(Cl)cc(Cl)cc1Sc2cc(Cl)cc(Cl)c2O,1
C[N+](C)(C)CCOP(=O)([O-])OC[C@H](O)CO,0
NC1=NC(=O)N(C=C1)[C@@H]2O[C@H](CO)[C@@H](O)C2(F)F,0
CCOC(=O)C1=C(C)NC(=C(C1c2cccc(Cl)c2Cl)C(=O)OC)C,0
Clc1ccccc1C(c2ccccc2)(c3ccccc3)n4ccnc4,1
CCOC(=O)c1ccc(N)cc1,0
COc1cc(\C=C/C)ccc1O,0
C[C@@H]1C[C@H]2[C@@H]3CCC4=CC(=O)C=C[C@]4(C)[C@@]3(F)[C@@H](O)C[C@]2(C)[C@H]1C(=O)CO,0
CC[C@@H](CO)NCCN[C@@H](CC)CO,0
COc1cc2nc(nc(N)c2cc1OC)N3CCN(CC3)C(=O)C4COc5ccccc5O4,0
N[C@@H]1[C@H]2CN(C[C@@H]12)c3nc4N(C=C(C(=O)O)C(=O)c4cc3F)c5ccc(F)cc5F,0
OC(=O)c1ccccc1,0
OCCO,0
CC(C)OC(=O)C(C)(C)Oc1ccc(cc1)C(=O)c2ccc(Cl)cc2,0
CC1CCC(CC1)NC(=O)N(CCCl)N=O,0
Cc1ccc(cc1)C(=O)c2ccc(CC(=O)O)n2C,0
CC(C)(C)c1ccc(cc1)S(=O)(=O)\C=C\C#N,0
CO[C@H]1\C=C\O[C@@]2(C)Oc3c(C)c(O)c4c(O)c(NC(=O)\C(=C/C=C/[C@H](C)[C@H](O)[C@@H](C)[C@@H](O)[C@@H](C)[C@H](OC(=O)C)[C@@H]1C)\C)c(\C=N\N5CCN(C)CC5)c(O)c4c3C2=O,0
CN1C(=O)N(C)c2ncn(CC(O)CO)c2C1=O,0
C[C@@]12[C@H]3CC[C@H](O3)[C@]1(C)C(=O)OC2=O,0
CO[C@H]1[C@H](O)CC(=O)O[C@H](C)C\C=C\C=C\[C@H](O)[C@H](C)C[C@H](CC=O)[C@@H]1O[C@@H]2O[C@H](C)[C@@H](O[C@H]3C[C@@](C)(O)[C@@H](OC(=O)CC(C)C)[C@H](C)O3)[C@@H]([C@H]2O)N(C)C,0
CC(C)CC(N(C)C)C1(CCC1)c2ccc(Cl)cc2,0
OC[C@H]1O[C@@H]2O[C@H]3[C@H](O)[C@@H](O)[C@H](O[C@@H]3CO)O[C@H]4[C@H](O)[C@@H](O)[C@H](O[C@@H]4CO)O[C@H]5[C@H](O)[C@@H](O)[C@H](O[C@@H]5CO)O[C@H]6[C@H](O)[C@@H](O)[C@H](O[C@@H]6CO)O[C@H]7[C@H](O)[C@@H](O)[C@H](O[C@@H]7CO)O[C@H]8[C@H](O)[C@@H](O)[C@H](O[C@@H]8CO)O[C@H]1[C@H](O)[C@H]2O,0
CC(=O)O[C@@]1(CC[C@H]2[C@@H]3C=C(Cl)C4=CC(=O)CC[C@]4(C)[C@H]3CC[C@]12C)C(=O)C,0
CCO,0
CC1Nc2cc(Cl)c(cc2C(=O)N1c3ccccc3C)S(=O)(=O)N,0
N.CO[C@H]1C[C@@H](O[C@H]2C[C@@H](O[C@H]2[C@]3(C)CC[C@@H](O3)[C@]4(C)CC[C@]5(C[C@H](O)[C@@H](C)[C@H](O5)[C@@H](C)[C@@H]6O[C@](O)(CC(=O)O)[C@@H](C)[C@H](OC)[C@H]6OC)O4)[C@H]7O[C@](C)(O)[C@H](C)C[C@@H]7C)O[C@@H](C)[C@@H]1OC,0
CC(C)NC(=O)NS(=O)(=O)c1cnccc1Nc2cccc(C)c2,0
CCOC(=O)[C@H](CCc1ccccc1)N[C@@H](C)C(=O)N2Cc3ccccc3C[C@H]2C(=O)O,0
CC(C)Cc1ccc(cc1)C(C)C(=O)O,0
CC[C@H](C)[C@H]1O[C@@]2(C[C@@H]3C[C@@H](C\C=C(/C)\[C@@H](O[C@H]4C[C@H](OC)[C@@H](O[C@H]5C[C@H](OC)[C@@H](O)[C@H](C)O5)[C@H](C)O4)[C@@H](C)\C=C\C=C\6/CO[C@@H]7[C@H](O)C(=C[C@@H](C(=O)O3)[C@]67O)C)O2)C=C[C@@H]1C.CO[C@H]8C[C@H](O[C@H]9[C@H](C)O[C@H](C[C@@H]9OC)O[C@H]%10[C@@H](C)\C=C\C=C\%11/CO[C@@H]%12[C@H](O)C(=C[C@@H](C(=O)O[C@H]%13C[C@@H](C\C=C\%10/C)O[C@@]%14(C%13)O[C@H](C(C)C)[C@@H](C)C=C%14)[C@]%11%12O)C)O[C@@H](C)[C@@H]8O,0
Oc1c(Br)cc(Br)cc1C(=O)Nc2ccc(Br)cc2,1
CC(=O)Nc1cccc(O)c1,0
NC(=N)N\N=C\c1c(Cl)cccc1Cl,0
CCN1C=C(C(=O)O)C(=O)c2cc(F)c(nc12)N3CCNCC3,0
COC(=O)[C@H]1[C@@H](O)CC[C@H]2CN3CCc4c([nH]c5ccccc45)[C@@H]3C[C@H]12,0
O.O.O.O.O.O.[Cl-].[Cl-].[Sr+2],0
Cc1c(O)cccc1C(=O)N[C@@H](CSc2ccccc2)[C@H](O)CN3C[C@H]4CCCC[C@H]4C[C@H]3C(=O)NC(C)(C)C,1
CC(C)CN(C[C@@H](O)[C@H](Cc1ccccc1)NC(=O)O[C@H]2CCOC2)S(=O)(=O)c3ccc(N)cc3,0
CC[C@]12CC[C@H]3[C@@H](CCC4=CC(=O)CC[C@H]34)[C@@H]1CCC2(O)C#C,0
CN(C)CCOC(c1ccccc1)c2ccccc2.CN3C(=O)N(C)c4nc(Cl)[nH]c4C3=O,0
NC(=O)NC(=O)Cc1ccccc1,0
Cc1nccn1CC2CCc3c(C2=O)c4ccccc4n3C,0
CC#C[C@]1(O)CC[C@H]2[C@@H]3CCC4=CC(=O)CCC4=C3[C@H](C[C@]12C)c5ccc(cc5)N(C)C,0
CC(=O)OC[C@H]1O[C@H]([C@H](OC(=O)C)[C@@H]1OC(=O)C)N2N=CC(=O)NC2=O,0
OC[C@H]1O[C@H](C[C@@H]1O)N2C=C(F)C(=O)NC2=O,0
Oc1ccc2C[C@H]3N(CC4CC4)CC[C@@]56[C@@H](Oc1c25)C(=O)CC[C@@]36O,0
CN(C)CCC=C1c2ccccc2CCc3ccccc13,0
OC(=O)CCCc1ccc(cc1)N(CCCl)CCCl,0
CN(CCOc1ccc(CC2SC(=O)NC2=O)cc1)c3ccccn3,0
Oc1ccc(cc1)C2=COc3cc(O)cc(O)c3C2=O,0
CC(=O)Nc1nnc(s1)S(=O)(=O)N,0
COC(=O)c1ccccc1O,0
Clc1ccc2N(C3CCN(CCCN4C(=O)Nc5ccccc45)CC3)C(=O)Nc2c1,0
CC[C@H]([C@H]1CC[C@H](C)[C@@H](O1)[C@@H](C)[C@H](O)[C@H](C)C(=O)[C@H](CC)[C@H]2O[C@@]3(O[C@@]4(CC[C@](C)(O4)[C@H]5CC[C@](O)(CC)[C@H](C)O5)[C@H](O)C=C3)[C@H](C)C[C@@H]2C)C(=O)O,0
C[C@H](Cc1ccccc1)N(C)CC#C,0
N(c1ccccc1)c2ccc(Nc3ccccc3)cc2,0
Oc1cccc(O)c1O,1
CN1C[C@@H]2C[C@H]1CN2c3cc4N(C=C(C(=O)O)C(=O)c4cc3F)C5CC5,0
C[C@]12CC[C@H]3[C@@H](CC[C@H]4CC(=O)CC[C@]34C)[C@@H]1CC[C@@H]2O,0
NS(=O)(=O)c1cc2c(NCNS2(=O)=O)cc1Cl,0
CC(C(=O)O)c1cccc(Oc2ccccc2)c1,0
NCCCCCC(=O)O,0
Fc1ccc(cc1)C(=O)CCCN2CCC(=CC2)N3C(=O)Nc4ccccc34,0
NN,0
CC(C(=O)O)c1ccc(CC2CCCC2=O)cc1,0
CC[C@H]1OC(=O)[C@H](C)[C@@H](O[C@H]2C[C@@](C)(OC)[C@@H](O)[C@H](C)O2)[C@H](C)[C@@H](O[C@@H]3O[C@H](C)C[C@@H]([C@H]3OC(=O)CC)N(C)C)[C@](C)(O)C[C@@H](C)C(=O)[C@H](C)[C@@H](O)[C@]1(C)O,0
Cc1cn[nH]c1,0
CC[C@H]1CN2CCc3cc(OC)c(OC)cc3[C@@H]2C[C@@H]1C[C@H]4NCCc5cc(OC)c(OC)cc45,0
CO[C@H]1C[C@@H](O[C@H]2C[C@@H](O[C@H]2[C@]3(C)CC[C@@H](O3)[C@]4(C)CC[C@]5(C[C@H](O)[C@@H](C)[C@H](O5)[C@@H](C)[C@@H]6O[C@](O)(CC(=O)O)[C@@H](C)[C@H](OC)[C@H]6OC)O4)[C@H]7O[C@](C)(O)[C@H](C)C[C@@H]7C)O[C@@H](C)[C@@H]1OC,0
Brc1ccccc1,0
CCC[C@@H]1C[C@H](N(C)C1)C(=O)N[C@H]([C@H](C)Cl)[C@H]2O[C@H](SC)[C@H](O)[C@@H](O)[C@H]2O,0
CO\N=C(/C(=O)N[C@H]1[C@H]2SCC(=C(N2C1=O)C(=O)O)COC(=O)C)\c3csc(N)n3,0
OC(=O)CCCc1cccs1,0
NS(=O)(=O)c1cc(C(=O)O)c(NCc2occc2)cc1Cl,0
CC12CCC(CC1)C(C)(C)O2,0
CCN1C[C@]2(COC)[C@H](O)C[C@@H](OC)[C@@]34[C@@H]5C[C@]6(O)[C@@H](OC)[C@H](O)[C@](OC(=O)C)([C@@H]([C@H](OC)[C@H]23)[C@@H]14)[C@H]5[C@H]6OC(=O)c7ccccc7,0
COc1cccc(c1)C2(O)CCCCC2CN(C)C,0
CC1(C)S[C@@H]2[C@H](NC(=O)[C@H](N)c3ccccc3)C(=O)N2[C@H]1C(=O)O,0
C[C@]12CC[C@H]3[C@@H](CCc4cc(O)ccc34)[C@@H]1C[C@@H](O)[C@@H]2O,0
C[C@]12CC[C@H]3[C@@H](CCC4=CC(=O)CC[C@H]34)[C@@H]1CC[C@@H]2O,0
COc1cccc2C(=O)c3c(O)c4C[C@](O)(C[C@H](O[C@H]5C[C@H](N)[C@H](O)[C@H](C)O5)c4c(O)c3C(=O)c12)C(=O)C,0
CC[C@@]1(O)C(=O)OCC2=C1C=C3N(Cc4cc5ccccc5nc34)C2=O,0
Cc1nnc2CN=C(c3ccccc3)c4cc(Cl)ccc4n12,0
OCCN(CCO)c1nc(N2CCCCC2)c3nc(nc(N4CCCCC4)c3n1)N(CCO)CCO,0
C[C@H]1C[C@H]2[C@@H]3CCC4=CC(=O)C=C[C@]4(C)[C@@]3(F)[C@@H](O)C[C@]2(C)[C@@]1(O)C(=O)CO,0
C[C@@H](O)[C@H](CO)NC(=O)[C@@H]1CSSC[C@H](NC(=O)[C@H](N)Cc2ccccc2)C(=O)N[C@@H](Cc3ccccc3)C(=O)N[C@H](Cc4c[nH]c5ccccc45)C(=O)N[C@@H](CCCCN)C(=O)N[C@@H]([C@@H](C)O)C(=O)N1,0
CN1CCN(CC1)C2=Nc3ccccc3Nc4sc(C)cc24,0
[O-][N+](=O)c1ccc2NC(=O)CN=C(c3ccccc3)c2c1,0
COc1ccc(CN(CCN(C)C)c2ccccn2)cc1,0
Oc1ccccc1,0
CC1CN(CCN1)c2cc3N(C=C(C(=O)O)C(=O)c3c(C)c2F)C4CC4,0
CN1[C@@H]2CC[C@H]1C[C@H](C2)OC(=O)c3c[nH]c4ccccc34,0
CC(CCc1ccccc1)NCC(O)c2ccc(O)c(c2)C(=O)N,0
CC1(C)O[C@@H]2C[C@H]3[C@@H]4C[C@H](F)C5=CC(=O)C=C[C@]5(C)[C@@]4(F)[C@@H](O)C[C@]3(C)[C@@]2(O1)C(=O)CO,0
CCC[C@@H]1C[C@H](N(C)C1)C(=O)N[C@H]([C@@H](C)O)[C@H]2O[C@H](SC)[C@H](O)[C@@H](O)[C@H]2O,0
[Br-].C[N+]1(C)[C@H]2C[C@@H](C[C@H]1[C@H]3O[C@@H]23)OC(=O)[C@H](CO)c4ccccc4,0
COc1ccc2C[C@H]3[C@H]4CCCC[C@@]4(CCN3C)c2c1,0
COC(=O)CCc1ccc(OCC(O)CNC(C)C)cc1,0
COc1cc(N)[nH]c2nc(c3ccc(F)cc3)c(c4ccncc4)c12,0
CCOC(=O)[C@H](CCc1ccccc1)N[C@@H](C)C(=O)N2CCC[C@H]2C(=O)O,0
Clc1ccccc1CN2CCc3sccc3C2,0
CCN(CC)CCNC(=O)c1cc(Cl)c(N)cc1OC,0
CC[C@@H](CO)NC(=O)[C@H]1CN(C)[C@@H]2Cc3c[nH]c4cccc(C2=C1)c34,0
CCN(C(=O)\C=C\C)c1ccccc1C,0
COc1cccc2C(=O)c3c(O)c4C[C@](O)(C[C@H](O[C@H]5C[C@H](N)[C@H](O)[C@H](C)O5)c4c(O)c3C(=O)c12)C(=O)CO,0
C[C@@H]1O[C@H](C[C@H](N)[C@@H]1O)O[C@H]2C[C@@](O)(Cc3c(O)c4C(=O)c5ccccc5C(=O)c4c(O)c23)C(=O)C,0
CC(C)[C@@]1(NC(=O)[C@@H]2C[C@H]3[C@@H](Cc4c[nH]c5cccc3c45)N(C)C2)O[C@@]6(O)[C@@H]7CCCN7C(=O)[C@H](Cc8ccccc8)N6C1=O.CS(=O)(=O)O,0
CN[C@@H]1[C@H](O)[C@H](NC)[C@H]2O[C@]3(O)[C@@H](O[C@H](C)CC3=O)O[C@@H]2[C@H]1O,0
O.C[C@@](Cc1ccc(O)c(O)c1)(NN)C(=O)O,0
CCCCNc1ccc(cc1)C(=O)OCCN(C)C,0
Nc1c(CC(=O)O)cccc1C(=O)c2ccc(Br)cc2,0
CC(C)NCC(O)COc1cccc2ccccc12,0
C[C@](O)(CS(=O)(=O)c1ccc(F)cc1)C(=O)Nc2ccc(C#N)c(c2)C(F)(F)F,0
C[C@]12CC(=O)[C@H]3[C@@H](CCC4=CC(=O)C=C[C@]34C)[C@@H]1CC[C@]2(O)C(=O)CO,0
CC1(C)S[C@@H]2[C@H](NC(=O)Cc3ccccc3)C(=O)N2[C@H]1C(=O)O,0
Nc1nc(N)nc(NC2CC2)n1,0
N[C@@H](CCC(=O)N[C@@H](CSSC[C@H](NC(=O)CC[C@H](N)C(=O)O)C(=O)NCC(=O)O)C(=O)NCC(=O)O)C(=O)O,0
NC(=O)c1cccnc1,0
Clc1ccc2Oc3ccccc3N=C(N4CCNCC4)c2c1,0
Cc1ccc(Cl)c(Nc2ccccc2C(=O)O)c1Cl,0
CCC1=C[C@@H]2CN(C1)Cc3c([nH]c4ccccc34)[C@@](C2)(C(=O)OC)c5cc6c(cc5OC)N(C)[C@H]7[C@](O)([C@H](OC(=O)C)[C@]8(CC)C=CCN9CC[C@]67[C@H]89)C(=O)OC,0
NC[C@H]1O[C@H](O[C@@H]2[C@@H](N)C[C@@H](N)[C@H](O[C@H]3O[C@H](CO)[C@@H](O)[C@H](N)[C@H]3O)[C@H]2O)[C@H](O)[C@@H](O)[C@@H]1O,0
C[C@]12CC[C@H]3[C@@H](CCC4=CC(=O)CC[C@H]34)[C@@H]1CC[C@@]2(O)C#C,0
C[C@H]1COc2c(N3CCN(C)CC3)c(F)cc4C(=O)C(=CN1c24)C(=O)O,0
COc1cc(CNC(=O)CCCC\C=C\C(C)C)ccc1O,0
OC(=O)CNCP(=O)(O)O,0
OC(=O)COC(=O)Cc1ccccc1Nc2c(Cl)cccc2Cl,0
CCC1=C(C)CN(C(=O)NCCc2ccc(cc2)S(=O)(=O)NC(=O)N[C@@H]3CC[C@@H](C)CC3)C1=O,0
CN(C)[C@H]1[C@@H]2C[C@H]3C(=C(O)[C@]2(O)C(=O)C(=C1O)C(=O)N)C(=O)c4c(O)ccc(Cl)c4[C@@]3(C)O,0
COc1ccccc1OCC(O)COC(=O)N,0
CC1=CC(=O)N(O)C(=C1)C2CCCCC2,0
CN(N=O)C(=O)N[C@H]1C(O)O[C@H](CO)[C@@H](O)[C@@H]1O,0
[Br-].CN(C)C(=O)Oc1cccc(c1)[N+](C)(C)C,0
COc1cc2nc(nc(N)c2cc1OC)N3CCN(CC3)C(=O)c4occc4,0
OC(=O)C1=CN(c2ccc(F)cc2)c3cc(N4CCNCC4)c(F)cc3C1=O,0
CCC(C)CCCC(=O)N[C@@H](CCN)C(=O)N[C@@H]([C@@H](C)O)C(=O)N[C@@H](CCN)C(=O)N[C@H]1CCNC(=O)[C@@H](NC(=O)[C@H](CCN)NC(=O)[C@H](CCN)NC(=O)[C@H](CC(C)C)NC(=O)[C@@H](CC(C)C)NC(=O)[C@H](CCN)NC1=O)[C@H](C)O,1
COc1ccc(cc1)C2C(=O)c3ccccc3C2=O,0
N[C@@H](CN1C=CC(=O)C(=C1)O)C(=O)O,0
COc1ccccc1N,0
O=C1N=CN=C2NNC=C12,0
C[C@]1(Cn2ccnn2)[C@@H](N3[C@@H](CC3=O)S1(=O)=O)C(=O)O,0
CCN1CCCC1CNC(=O)c2cc(ccc2OC)S(=O)(=O)N,0
CC1=C(C=C(C#N)C(=O)N1)c2ccncc2,0
NNc1ccccc1,0
CCCCc1nc(Cl)c(CO)n1Cc2ccc(cc2)c3ccccc3c4nnn[nH]4,0
CN1CCN(Cc2ccc(cc2)C(=O)Nc3ccc(C)c(Nc4nccc(n4)c5cccnc5)c3)CC1,0
OC(CCCN1CCCCC1)(c2ccccc2)c3ccccc3,0
[O-][N+](=O)c1ccc2NC(=O)CN=C(c3ccccc3Cl)c2c1,0
Cc1onc(c2ccccc2Cl)c1C(=O)N[C@H]3[C@H]4SC(C)(C)[C@@H](N4C3=O)C(=O)O,0
COc1ccc(cc1)C(CN(C)C)C2(O)CCCCC2,0
C(\C=C\c1ccccc1)N2CCN(CC2)C(c3ccccc3)c4ccccc4,0
CC(C)(c1ccc(O)cc1)c2ccc(O)cc2,0
CN([C@H]1CC[C@@]2(CCCO2)C[C@@H]1N3CCCC3)C(=O)Cc4ccc(Cl)c(Cl)c4,0
COc1ccc2c(c1)c(CC(=O)OCC(=O)O)c(C)n2C(=O)c3ccc(Cl)cc3,0
OC(=O)CCNC(=O)c1ccccc1,0
COS(=O)(=O)C,0
CC(=O)N1CCN(CC1)c2ccc(OCC3COC(Cn4ccnc4)(O3)c5ccc(Cl)cc5Cl)cc2,0
CCCSc1ccc2nc(NC(=O)OC)[nH]c2c1,0
C[C@H](CCC(=O)O)[C@H]1CC[C@H]2[C@@H]3[C@H](O)C[C@@H]4C[C@H](O)CC[C@]4(C)[C@H]3C[C@H](O)[C@]12C,0
CCN(CC)N=O,0
C[C@H]1C[C@H]2[C@@H]3CC[C@](O)(C(=O)CO)[C@@]3(C)C[C@H](O)[C@@H]2[C@@]4(C)C=CC(=O)C=C14,0
Clc1ccc2C(=C3CCNCC3)c4ncccc4CCc2c1,0
CC1(C)O[C@@H]2C[C@H]3[C@@H]4CCC5=CC(=O)CC[C@]5(C)[C@@]4(F)[C@@H](O)C[C@]3(C)[C@@]2(O1)C(=O)CCl,0
CN(C1CCCCC1)C(=O)CCCOc2ccc3nc(O)ccc3c2,0
C[C@]12CCC(=O)C=C1CC[C@@H]3[C@@H]2CC[C@@]4(C)[C@H]3CC[C@@]4(O)C#C,0
CN(CCOc1ccc(C[C@H](Nc2ccccc2C(=O)c3ccccc3)C(=O)O)cc1)c4ccccn4,1
Cc1cc(C)nc(NS(=O)(=O)c2ccc(N)cc2)n1,0
C[C@H]1OC=C2C(=C(C(=O)O)C(=O)C(=C2[C@@H]1C)C)O,0
CC(C)C[C@H](NC(=O)[C@@H](O)[C@H](N)Cc1ccccc1)C(=O)O,0
COP(=O)(OC)OC=C(Cl)Cl,0
NC(=O)N1C(=O)\C(=C(/O)\c2cccs2)\c3cc(Cl)ccc13,0
CC(C)CCC[C@@H](C)CCC[C@@H](C)CCC[C@]1(C)CCc2c(C)c(O)c(C)c(C)c2O1,0
Nc1c2CCCCc2nc3ccccc13,0
CC(=O)[C@H]1[C@@H](C[C@H]2[C@@H]3CC=C4C[C@@H](O)CC[C@]4(C)[C@H]3CC[C@]12C)C#N,0
Br.CN1[C@@H]2CC[C@H]1C[C@H](C2)OC(=O)C(O)c3ccccc3,0
CC(=O)OCC(=O)[C@@]12OC(C)(C)O[C@@H]1C[C@H]3[C@@H]4C[C@H](F)C5=CC(=O)C=C[C@]5(C)[C@@]4(F)[C@@H](O)C[C@]23C,0
CO[C@H]1[C@@H](C[C@@H]2CN3CCc4c([nH]c5cc(OC)ccc45)[C@H]3C[C@@H]2[C@@H]1C(=O)OC)OC(=O)c6cc(OC)c(OC)c(OC)c6,0
Sc1ncnc2nc[nH]c12,0
O=C1Nc2ccccc2c3ccccc13,0
COc1ccnc(C[S+]([O-])c2nc3cc(OC(F)F)ccc3[nH]2)c1OC,0
OCCNCCNc1ccc(NCCNCCO)c2C(=O)c3c(O)ccc(O)c3C(=O)c12,1
[O-][N+](=O)c1oc(\C=N\N2CCOC2=O)cc1,0
CC[C@]1(O)C[C@H]2CN(CCc3c([nH]c4ccccc34)[C@@](C2)(C(=O)OC)c5cc6c(cc5OC)N(C=O)[C@H]7[C@](O)([C@H](OC(=O)C)[C@]8(CC)C=CCN9CC[C@]67[C@H]89)C(=O)OC)C1,0
[Cl-].[Cl-].[Mn+2],0
CN1CCCC(CN2c3ccccc3Sc4ccccc24)C1,0
Oc1ccc2C[C@H]3N(CC=C)CC[C@@]45[C@@H](Oc1c24)\C(=N\N=C\6/CC[C@@]7(O)[C@H]8Cc9ccc(O)c%10O[C@@H]6[C@]7(CCN8CC=C)c9%10)\CC[C@@]35O,0
COc1ccccc1OCC(O)CO,0
CC(=O)OCC(CCn1cnc2cnc(N)nc12)COC(=O)C,0
COc1ccc(cc1)C(=O)N2CCCC2=O,0
O=C1C[C@@H]2OCC=C3CN4CC[C@@]56[C@@H]4C[C@@H]3[C@@H]2[C@@H]5N1c7ccccc67,0
CC(C)(C)NCC(O)c1cc(Cl)c(N)c(Cl)c1,0
Cc1onc(O)c1CC(N)C(=O)O,0
COc1ccc2CN(C)CC[C@@]34C=C[C@H](O)C[C@@H]3Oc1c24,0
CCOC(=O)N,0
CC(C)[C@H](NC(=O)N(C)Cc1csc(n1)C(C)C)C(=O)N[C@H](C[C@H](O)[C@H](Cc2ccccc2)NC(=O)OCc3cncs3)Cc4ccccc4,0
ClCCN(N=O)C(=O)NC1CCCCC1,0
CN(C)CCC=C1c2ccccc2COc3ccccc13,0
CC(C)n1c(\C=C\C(O)CC(O)CC(=O)O)c(c2ccc(F)cc2)c3ccccc13,0
CC(C)(C)NCC(O)COc1cccc2C[C@@H](O)[C@@H](O)Cc12,0
OC(=O)c1cccnc1Nc2cccc(c2)C(F)(F)F,0
N#Cc1ccc(cc1)C(c2ccc(cc2)C#N)n3cncn3,0
OC(=O)P(=O)(O)O,0
NC(=N)NC(=O)c1nc(Cl)c(N)nc1N,0
CN(C)CCCN1c2ccccc2Sc3ccc(Cl)cc13,1
CC(C)NC[C@H](O)COc1cccc2ccccc12,0
CN1C(=C(O)c2ccccc2S1(=O)=O)C(=O)Nc3ncc(C)s3,0
COc1ccc2cc(CC(=O)O)ccc2c1,0
Cc1cc(O)cc(C)c1Cl,0
CCN(CC)CC#CCOC(=O)C(O)(C1CCCCC1)c2ccccc2,0
NCCCC[C@H](N[C@@H](CCc1ccccc1)C(=O)O)C(=O)N2CCC[C@H]2C(=O)O,0
Cc1onc(NS(=O)(=O)c2ccc(N)cc2)c1,0
Nc1ccc(cc1)S(=O)(=O)Nc2nccs2,0
CN1C(=O)N(C)c2[nH]cnc2C1=O,0
OC1N=C(c2ccccc2Cl)c3cc(Cl)ccc3NC1=O,0
CN(Cc1cc(Br)cc(Br)c1N)C2CCCCC2,0
OC[C@H]1O[C@H](C[C@@H]1O)N2C=C(I)C(=O)NC2=O,0
N[C@@H](Cc1cc(I)c(Oc2ccc(O)c(I)c2)c(I)c1)C(=O)O,0
COc1cc(ccc1Cc2cn(C)c3ccc(NC(=O)OC4CCCC4)cc23)C(=O)NS(=O)(=O)c5ccccc5C,1
CCCOc1ccc(cc1N)C(=O)OCCN(CC)CC,0
COc1ccc2cc(CCC(=O)C)ccc2c1,0
COc1ccc2[nH]c(nc2c1)[S+]([O-])Cc3ncc(C)c(OC)c3C,0
NC(=O)C1CCN(CCCN2c3ccccc3Sc4ccc(Cl)cc24)CC1,0
CCN1C=C(C(=O)O)C(=O)c2cnc(nc12)N3CCCC3,0
COc1cc(cc(OC)c1OC)[C@H]2[C@@H]3[C@H](COC3=O)[C@@H](O)c4cc5OCOc5cc24,0
CCOc1nc2cccc(C(=O)O)c2n1Cc3ccc(cc3)c4ccccc4c5nnn[nH]5,1
CC(N)Cc1c[nH]c2ccc(OCc3cccs3)cc12,0
COC(=O)Nc1nc2ccc(cc2[nH]1)C(=O)c3cccs3,0
[Br-].CCC(C)C(C(=O)OCC[N+](C)(CC)CC)c1ccccc1,0
COc1c(C)c2COC(=O)c2c(O)c1C\C=C(/C)\CCC(=O)OCCN3CCOCC3,0
C[C@H]1C[C@H](C)C(=O)[C@@H](C1)[C@H](O)CC2CC(=O)NC(=O)C2,0
COc1cc(CC=C)ccc1O,0
CN(C)CCCN1c2ccccc2Sc3ccccc13,0
CC(O)CO,0
CN1C[C@H](CNC(=O)OCc2ccccc2)C[C@H]3[C@H]1Cc4cn(C)c5cccc3c45,0
OC[C@H]1O[C@H]([C@H](O)[C@@H]1O)N2N=CC(=O)NC2=O,0
CC1=C(Oc2c(cccc2C1=O)C(=O)OCCN3CCCCC3)c4ccccc4,0
OC(=O)c1cc(ccc1O)c2ccc(F)cc2F,0
CCN(CC)CCOC(=O)C1(CCCCC1)C2CCCCC2,0
CCN(CC)CCOCCC1=CCC2CC1C2(C)C,0
C1CN2C[C@@H](N=C2S1)c3ccccc3,0
OC1=NC(=O)C(N1)(c2ccccc2)c3ccccc3,0
COc1ncnc(NS(=O)(=O)c2ccc(N)cc2)c1OC,0
Oc1ccc(cc1[N+](=O)[O-])[As](=O)(O)O,0
CC(=O)[C@@]1(O)CC[C@H]2[C@@H]3CCC4=CC(=O)CC[C@]4(C)[C@H]3CC[C@]12C,0
CCOC(=O)[C@H](CCc1ccccc1)N[C@@H](C)C(=O)N2[C@H]3CCC[C@H]3C[C@H]2C(=O)O,0
OC(=O)c1cccnc1,0
CCC(C)N1N=CN(C1=O)c2ccc(cc2)N3CCN(CC3)c4ccc(OCC5COC(Cn6cncn6)(O5)c7ccc(Cl)cc7Cl)cc4,0
ClC(=C)Cl,0
CC(C)NCC(O)c1ccccc1Cl,0
CC[C@@H](CO)NC(=O)[C@H]1CN(C)[C@@H]2Cc3cn(C)c4cccc(C2=C1)c34,0
CC(=O)O[C@]1(CC[C@H]2[C@@H]3CCC4=CC(=O)CC[C@@H]4[C@H]3CC[C@]12C)C#C,0
COc1ccc(C[C@H](N)C(=O)N[C@@H]2[C@@H](CO)O[C@H]([C@@H]2O)n3cnc4c(ncnc34)N(C)C)cc1,0
[Cl-].COc1ccc2cc3c4cc5OCOc5cc4CC[n+]3cc2c1OC,0
NC(=O)N1c2ccccc2CCc3ccccc13,0
C\C(=C/C=C/C(=C/C(=O)O)/C)\C=C\C1=C(C)CCCC1(C)C,0
[Br-].CCCCCCCCCCCCCCCC[n+]1ccccc1,1
C[C@]1(O)CC[C@H]2[C@@H]3CC[C@H]4CC(=O)\C(=C/O)\C[C@]4(C)[C@H]3CC[C@]12C,0
O=C1C=C(Oc2c1cccc2c3ccccc3)N4CCOCC4,0
Cc1ccc(cc1)c2cc(nn2c3ccc(cc3)S(=O)(=O)N)C(F)(F)F,0
C[C@H](C(=O)O)c1ccc2oc(nc2c1)c3ccc(F)cc3,0
CC(C)(C)NC(=O)[C@H]1CC[C@H]2[C@@H]3CC[C@H]4NC(=O)C=C[C@]4(C)[C@H]3CC[C@]12C,0
CC(C(=O)O)c1ccc(c(F)c1)c2ccccc2,0
CC(C)CCC[C@@H](C)[C@H]1CC[C@H]2\C(=C\C=C/3\C[C@@H](O)C[C@H](O)C3=C)\CCC[C@]12C,0
CN1CCN2C(C1)c3ccccc3Cc4ccccc24,0
COc1ccc2[nH]cc(CCNC(=O)C)c2c1,0
CC(O)(P(=O)(O)O)P(=O)(O)O,0
CN(C)[C@H]1[C@@H]2[C@@H](O)[C@H]3C(=C(O)[C@]2(O)C(=O)C(=C1O)C(=O)N)C(=O)c4c(O)cccc4[C@@]3(C)O,0
OC(=O)CCc1oc(c2ccccc2)c(n1)c3ccccc3,0
C[C@]12CCC(=O)C=C1CC[C@H]3[C@@H]4CC[C@](O)(C(=O)CO)[C@@]4(C)C[C@H](O)[C@H]23,0
CC(C)c1cccc(C(C)C)c1O,0
NC(=O)c1ccccc1O,0
Cc1c(C)c2OC(C)(COc3ccc(CC4SC(=O)NC4=O)cc3)CCc2c(C)c1O,0
C[C@]12C[C@H](O)[C@H]3[C@@H](CCC4=CC(=O)C=C[C@]34C)[C@@H]1CC[C@]2(O)C(=O)CO,0
COCc1c(nc(C(C)C)c(\C=C\[C@@H](O)C[C@@H](O)CC(=O)O)c1c2ccc(F)cc2)C(C)C,0
Cc1noc(NS(=O)(=O)c2ccc(N)cc2)c1C,0
C[C@H](C(=O)O)c1cccc(c1)C(=O)c2ccccc2,0
NC1=NC(=O)N(C=N1)[C@@H]2O[C@H](CO)[C@@H](O)[C@H]2O,0
CN(C)CCN(Cc1cccs1)c2ccccn2,0
COc1ccc2[C@H]3CC[C@@]4(C)[C@@H](CC[C@@]4(O)C#C)[C@@H]3CCc2c1,0
CCN1CCC[C@H]1CNC(=O)c2cc(ccc2OC)S(=O)(=O)N,0
Fc1ccc(cc1)[C@@H]2CCNC[C@H]2COc3ccc4OCOc4c3,0
NC(=N)NC(=O)Cc1c(Cl)cccc1Cl,0
C[C@@H]1OC(=O)C[C@H](O)C[C@H](O)C[C@H](O)CC[C@@H](O)[C@H](O)C[C@]2(O)C[C@H](O)[C@H]([C@H](C[C@@H](O[C@H]3O[C@@H](C)[C@H](O)[C@@H](N)[C@H]3O)\C=C\C=C\C=C\C=C\CC\C=C\C=C\[C@H](C)[C@@H](O)[C@H]1C)O2)C(=O)O,0
Cc1nnc(NS(=O)(=O)c2ccc(N)cc2)s1,0
CCN[C@@H](C)Cc1cccc(c1)C(F)(F)F,0
OC[C@H]1O[C@@H]2O[C@H]3[C@H](O)[C@@H](O)[C@H](O[C@@H]3CO)O[C@H]4[C@H](O)[C@@H](O)[C@H](O[C@@H]4CO)O[C@H]5[C@H](O)[C@@H](O)[C@H](O[C@@H]5CO)O[C@H]6[C@H](O)[C@@H](O)[C@H](O[C@@H]6CO)O[C@H]7[C@H](O)[C@@H](O)[C@H](O[C@@H]7CO)O[C@H]1[C@H](O)[C@H]2O,0
CC(N)COc1c(C)cccc1C,0
CCN(C(=O)C)c1cccc(c1)c2ccnc3c(cnn23)C#N,0
CC(=O)O[C@@]1(CC[C@H]2[C@@H]3C=C(Cl)C4=CC(=O)[C@@H]5C[C@@H]5[C@]4(C)[C@H]3CC[C@]12C)C(=O)C,0
CN(C)C(=N)NC(=N)N,0
FC1=CN(C2CCCO2)C(=O)NC1=O,0
CCc1ccc(cc1)C(=O)C(C)CN2CCCCC2,0
Oc1c(Cl)cc(Cl)c(Cl)c1Cc2c(O)c(Cl)cc(Cl)c2Cl,1
OCC(=O)O,0
C[C@]12C[C@H](O)[C@@]3(F)[C@@H](CCC4=CC(=O)C=C[C@]34C)[C@@H]1C[C@@H](O)[C@]2(O)C(=O)CO,0
CC(NC(C)(C)C)C(=O)c1cccc(Cl)c1,0
COC(=O)C1=C(C)NC(=C(C1c2ccccc2[N+](=O)[O-])C(=O)OC)C,0
Clc1cc(Cl)c(OCC#CI)cc1Cl,0
CC(C)N1CCN(CC1)c2ccc(OC[C@H]3CO[C@@](Cn4cncn4)(O3)c5ccc(Cl)cc5Cl)cc2,0
CC(C)Cc1ccc(cc1)[C@@H](C)C(=O)O,0
CCCC(CCC)C(=O)O,0
CCC1(C(=O)NCNC1=O)c2ccccc2,0
Clc1ccc(COC(Cn2ccnc2)c3ccc(Cl)cc3Cl)cc1,1
CC(C)(C(=O)c1cccnc1)c2cccnc2,0
CCC(C)(C)C(=O)O[C@H]1C[C@@H](C)C=C2C=C[C@H](C)[C@H](CC[C@@H]3C[C@@H](O)CC(=O)O3)[C@@H]12,0
Oc1ccc(C=C(C#N)C#N)cc1O,0
OC(=O)COc1ccc(C(=O)c2cccs2)c(Cl)c1Cl,0
COc1ccc(\C=C\C(=O)Nc2ccccc2C(=O)O)cc1OC,0
CN[C@H](CC(C)C)C(=O)N[C@@H]1[C@H](O)c2ccc(Oc3cc4cc(Oc5ccc(cc5Cl)[C@@H](O)[C@@H]6NC(=O)[C@H](NC(=O)[C@@H]4NC(=O)[C@H](CC(=O)N)NC1=O)c7ccc(O)c(c7)c8c(O)cc(O)cc8[C@H](NC6=O)C(=O)O)c3O[C@@H]9O[C@H](CO)[C@@H](O)[C@H](O)[C@H]9O[C@H]%10C[C@](C)(N)[C@H](O)[C@H](C)O%10)c(Cl)c2,0
CN(C)\N=N\c1[nH]cnc1C(=O)N,0
CC(CCc1ccc(O)cc1)NCCc2ccc(O)c(O)c2,1
Clc1ccc(CSC(Cn2ccnc2)c3ccc(Cl)cc3Cl)cc1,0
C[N+](C)(C)C[C@H](O)CC(=O)[O-],0
COc1ccc(Cl)cc1C(=O)NCCc2ccc(cc2)S(=O)(=O)NC(=O)NC3CCCCC3,0
S=C=Nc1cccc2ccccc12,0
CCCC(=O)Nc1ccc(OCC(O)CNC(C)C)c(c1)C(=O)C,0
CCOc1ccc(NC(=O)C)cc1,0
OC(=O)CCCC[C@@H]1CCSS1,0
OC[C@@H](O)[C@@H](O)[C@H](O)[C@H](O)CO,0
CO[C@@H]1C[C@H](C[C@@H](C)[C@@H]2CC(=O)[C@H](C)\C=C(/C)\[C@@H](O)[C@@H](OC)C(=O)[C@H](C)C[C@H](C)\C=C\C=C\C=C(/C)\[C@H](C[C@@H]3CC[C@@H](C)[C@@](O)(O3)C(=O)C(=O)N4CCCC[C@H]4C(=O)O2)OC)CC[C@H]1O,0
OC(=O)C(Cl)(Cl)Cl,0
[Cl-].C[N+](C)(C)CCO,0
CC(C)NCC(O)COc1cccc2[nH]ccc12,0
CC(C)C[C@@H]1N2C(=O)[C@](NC(=O)[C@H]3CN(C)[C@@H]4Cc5c(Br)[nH]c6cccc(C4=C3)c56)(O[C@@]2(O)[C@@H]7CCCN7C1=O)C(C)C,0
CCN1CCN(CC1)c2cc3N(C=C(C(=O)O)C(=O)c3cc2F)C4CC4,0
COc1cc(cc(OC)c1O)[C@H]2[C@@H]3[C@H](COC3=O)[C@H](O[C@@H]4O[C@@H]5CO[C@@H](C)O[C@H]5[C@H](O)[C@H]4O)c6cc7OCOc7cc26,0
OC(=O)c1ccccc1C2=C3C=CC(=O)C=C3Oc4cc(O)ccc24,0
CCCCN1CCCC[C@H]1C(=O)Nc2c(C)cccc2C,0
COC(=O)C[C@](O)(CCC(C)(C)O)C(=O)O[C@H]1[C@H]2c3cc4OCOc4cc3CCN5CCC[C@]25C=C1OC,0
Cc1ccnc(NS(=O)(=O)c2ccc(N)cc2)n1,0
CC(CN1c2ccccc2Sc3ccccc13)N(C)C,0
