smiles,label
CS(=O)(=O)c1ccc(cc1)[C@@H](O)[C@@H](CO)NC(=O)C(Cl)Cl,0
CNCCC(Oc1ccc(cc1)C(F)(F)F)c2ccccc2,0
Oc1ccc(cc1[N+](=O)[O-])[As](=O)(O)O,0
Oc1ccc2C[C@H]3N(CC=C)CC[C@@]45[C@@H](Oc1c24)\C(=N\N=C\6/CC[C@@]7(O)[C@H]8Cc9ccc(O)c%10O[C@@H]6[C@]7(CCN8CC=C)c9%10)\CC[C@@]35O,0
OC[C@@H](NC(=O)C(Cl)Cl)[C@H](O)c1ccc(cc1)[N+](=O)[O-],0
CCN(CC)CCNC(=O)c1cc(Cl)c(N)cc1OC,0
COc1cc(cc(OC)c1OC)[C@H]2[C@@H]3[C@H](COC3=O)[C@@H](O)c4cc5OCOc5cc24,0
N=C(Nc1ccccc1)Nc2ccccc2,0
CC(=O)S[C@@H]1CC2=CC(=O)CC[C@]2(C)[C@H]3CC[C@@]4(C)[C@@H](CC[C@@]45CCC(=O)O5)[C@H]13,0
Cc1c(O)cccc1C(=O)N[C@@H](CSc2ccccc2)[C@H](O)CN3C[C@H]4CCCC[C@H]4C[C@H]3C(=O)NC(C)(C)C,1
COc1cc(OC)c(C(=O)CCCN2CCCC2)c(OC)c1,0
CO[C@]1(NC(=O)CSCC#N)[C@H]2SCC(=C(N2C1=O)C(=O)O)CSc3nnnn3C,0
CCCN(CCC)C(=O)C(CCC(=O)O)NC(=O)c1ccccc1,0
C[C@]12CCC(=O)C=C1CC[C@@H]3[C@@H]2CC[C@@]4(C)[C@H]3CC[C@@]4(O)C#C,0
CCN1C[C@]2(COC)[C@H](O)C[C@@H](OC)[C@@]34[C@@H]5C[C@]6(O)[C@@H](OC)[C@H](O)[C@](OC(=O)C)([C@@H]([C@H](OC)[C@H]23)[C@@H]14)[C@H]5[C@H]6OC(=O)c7ccccc7,0
OC(=O)C1CCn2c1ccc2C(=O)c3ccccc3,0
N1c2ccccc2Sc3ccccc13,0
CC1(C)O[C@@H]2C[C@H]3[C@@H]4CCC5=CC(=O)C=C[C@]5(C)[C@@]4(F)[C@@H](O)C[C@]3(C)[C@@]2(O1)C(=O)CO,0
S=C=Nc1cccc2ccccc12,0
CCOC(=O)N1CCC(=C2c3ccc(Cl)cc3CCc4cccnc24)CC1,0
CCC1=C[C@@H]2CN(C1)Cc3c([nH]c4ccccc34)[C@@](C2)(C(=O)OC)c5cc6c(cc5OC)N(C)[C@H]7[C@](O)([C@H](OC(=O)C)[C@]8(CC)C=CCN9CC[C@]67[C@H]89)C(=O)OC,0
OC(=O)COc1ccc(C(=O)c2cccs2)c(Cl)c1Cl,0
COc1ccc2CN(C)CC[C@@]34C=C[C@H](O)C[C@@H]3Oc1c24,0
CCN(CCO)CCCC(C)Nc1ccnc2cc(Cl)ccc12,0
NC[C@H]1O[C@H](O[C@@H]2[C@@H](N)C[C@@H](N)[C@H](O[C@H]3O[C@H](CO)[C@@H](O)[C@H](N)[C@H]3O)[C@H]2O)[C@H](O)[C@@H](O)[C@@H]1O,0
CCOC(=O)[C@H](CCc1ccccc1)N[C@@H](C)C(=O)N2CCC[C@H]2C(=O)O,0
CCCOc1ccc(cc1N)C(=O)OCCN(CC)CC,0
[I-].[I-].[I-].CC[N+](CC)(CC)CCOc1cccc(OCC[N+](CC)(CC)CC)c1OCC[N+](CC)(CC)CC,0
CCC1(C)CC(=O)NC1=O,0
CN(C)CCCN1c2ccccc2Sc3ccc(Cl)cc13,1
C[C@](O)(CS(=O)(=O)c1ccc(F)cc1)C(=O)Nc2ccc(C#N)c(c2)C(F)(F)F,0
NC(=O)c1ccccc1O,0
C[C@](N)(Cc1ccc(O)cc1)C(=O)O,0
C[C@H](Cc1ccccc1)N(C)CC#C,0
OC(=O)CNCP(=O)(O)O,0
C[C@]12CCC(=O)C=C1CC[C@H]3[C@@H]4CC[C@](O)(C(=O)CO)[C@@]4(C)C[C@H](O)[C@H]23,0
CC(=O)O[C@H]1C(=O)[C@]2(C)[C@@H](O)C[C@H]3OC[C@@]3(OC(=O)C)[C@H]2[C@H](OC(=O)c4ccccc4)[C@]5(O)C[C@H](OC(=O)[C@H](O)[C@@H](NC(=O)c6ccccc6)c7ccccc7)C(=C1C5(C)C)C,0
COc1ccccc1C(=O)N2CCC(Cc3ccccc3)CC2,0
OC(=O)c1ccccc1,0
Oc1c(cc(cc1[N+](=O)[O-])[N+](=O)[O-])C(=O)N\N=C\c2oc(cc2)[N+](=O)[O-],0
CCCN1C[C@H](CSC)C[C@H]2[C@H]1Cc3c[nH]c4cccc2c34,0
CC(C(=O)O)c1ccc2oc(nc2c1)c3ccc(Cl)cc3,0
CCC1=C(C)CN(C(=O)NCCc2ccc(cc2)S(=O)(=O)NC(=O)N[C@@H]3CC[C@@H](C)CC3)C1=O,0
CC(=O)OCC(CCn1cnc2cnc(N)nc12)COC(=O)C,0
CCN(CC)C(=S)SSC(=S)N(CC)CC,0
CN\C(=N\CCSCc1nc[nH]c1C)\NC#N,0
COC(=O)c1ccc(O)cc1,0
COc1ccc(cc1)C(CN(C)C)C2(O)CCCCC2,0
N[C@@H](Cc1cc(I)c(Oc2ccc(O)c(I)c2)c(I)c1)C(=O)O,0
CN(C)CCCN1c2ccccc2CCc3ccc(Cl)cc13,0
CC(C)NC(=O)NS(=O)(=O)c1cnccc1Nc2cccc(C)c2,0
CC(C)Cn1cnc2c(N)nc3ccccc3c12,0
CC(C)CCC[C@@H](C)CCC[C@@H](C)CCC[C@]1(C)CCc2c(C)c(O)c(C)c(C)c2O1,0
CCN1C=C(C(=O)O)C(=O)c2cc(F)c(nc12)N3CCNCC3,0
CN(\C=N\c1ccc(C)cc1C)\C=N\c2ccc(C)cc2C,0
CC\C(=C(/c1ccccc1)\c2ccc(OCCN(C)C)cc2)\c3ccccc3,1
COc1ccc(C[C@H]2NC[C@H](O)[C@H]2OC(=O)C)cc1,0
C[C@]12CC[C@H]3[C@@H](CCC4=CC(=O)CC[C@]34C)[C@@H]1CC[C@@H]2O,0
Cc1ncc([N+](=O)[O-])n1CCO,0
CN(C)C(=N)NC(=N)N,0
CCN(CC)CCNC(=O)c1cc(ccc1OC)S(=O)(=O)C,0
COc1ccc2c(c1)c(CC(=O)OCC(=O)O)c(C)n2C(=O)c3ccc(Cl)cc3,0
[Br-].CCC(C)C(C(=O)OCC[N+](C)(CC)CC)c1ccccc1,0
CC(=N)S,0
CCCCC(=O)N(Cc1ccc(cc1)c2ccccc2c3nnn[nH]3)[C@@H](C(C)C)C(=O)O,0
NC[C@@H]1CC[C@H](CC1)C(=O)O,0
CCCNCC(O)COc1ccccc1C(=O)CCc2ccccc2,0
Clc1ccccc1C(c2ccccc2)(c3ccccc3)n4ccnc4,1
Oc1c(I)cc(I)c2cccnc12,1
CN1C(=O)N(C)c2ncn(C)c2C1=O,0
CC(C)(C)c1cc(SC(C)(C)Sc2cc(c(O)c(c2)C(C)(C)C)C(C)(C)C)cc(c1O)C(C)(C)C,0
[Cl-].[Cl-].[Zn+2],1
NNc1nncc2ccccc12,0
Cc1nnc(NS(=O)(=O)c2ccc(N)cc2)s1,0
c1ccc2[nH]c(nc2c1)c3cscn3,0
COc1cccc2C(=O)c3c(O)c4C[C@](O)(C[C@H](O[C@H]5C[C@H](N)[C@@H](O)[C@H](C)O5)c4c(O)c3C(=O)c12)C(=O)CO,0
CN1C(=O)N(C)c2[nH]cnc2C1=O,0
C1CCN2C[C@H]3C[C@H](CN4CCCC[C@@H]34)[C@H]2C1,0
CC1Nc2cc(Cl)c(cc2C(=O)N1c3ccccc3C)S(=O)(=O)N,0
COC(=O)Nc1nc2cc(ccc2[nH]1)[S+]([O-])c3ccccc3,0
CC(C(=O)O)c1ccc(CC2CCCC2=O)cc1,0
CC(C)[C@@H]1N2C(=O)[C@](NC(=O)[C@H]3CN(C)[C@@H]4Cc5c[nH]c6cccc(C4=C3)c56)(O[C@@]2(O)[C@@H]7CCCN7C1=O)C(C)C,0
Cc1ccc(cc1)C(=O)c2ccc(CC(=O)O)n2C,0
Nc1nc(O)c2ncn(CCC(CO)CO)c2n1,0
C[N+](C)(C)CCOP(=O)([O-])OC[C@H](O)CO,0
CC(C)N1CCN(CC1)c2ccc(OC[C@H]3CO[C@@](Cn4cncn4)(O3)c5ccc(Cl)cc5Cl)cc2,0
COc1ncnc(NS(=O)(=O)c2ccc(N)cc2)c1OC,0
CN1CCN(CC1)C2=Nc3cc(Cl)ccc3Nc4ccccc24,0
[O-][N+](=O)c1oc(\C=N\N2CCOC2=O)cc1,0
COc1cc(NS(=O)(=O)c2ccc(N)cc2)nc(OC)n1,0
COC(=O)C1=C(C)NC(=C(C1c2ccccc2[N+](=O)[O-])C(=O)OCC(C)C)C,0
CO[C@H]1[C@H](O)CC(=O)O[C@H](C)C\C=C\C=C\[C@H](O)[C@H](C)C[C@H](CC=O)[C@@H]1O[C@@H]2O[C@H](C)[C@@H](O[C@H]3C[C@@](C)(O)[C@@H](OC(=O)CC(C)C)[C@H](C)O3)[C@@H]([C@H]2O)N(C)C,0
OCCN1CCN(CCCN2c3ccccc3Sc4ccc(cc24)C(F)(F)F)CC1,1
CN(C1CCCCC1)C(=O)CCCOc2ccc3nc(O)ccc3c2,0
CN(C(=S)Oc1ccc2ccccc2c1)c3cccc(C)c3,0
CCCN(CCC)S(=O)(=O)c1ccc(cc1)C(=O)O,0
CC1=CC(=O)Oc2c(C)c3oc(C)cc3cc12,0
CC(=O)OCC(=O)[C@@]1(O)CC[C@H]2[C@@H]3CCC4=CC(=O)CC[C@]4(C)[C@H]3C(=O)C[C@]12C,0
CC1=C(C=C(C#N)C(=O)N1)c2ccncc2,0
CCCCc1oc2ccccc2c1C(=O)c3cc(I)c(OCCN(CC)CC)c(I)c3,0
CC[C@@]1(O)C(=O)OCC2=C1C=C3N(Cc4cc5ccccc5nc34)C2=O,0
COc1cccc(c1)C2(O)CCCCC2CN(C)C,0
CN(Cc1cc(Br)cc(Br)c1N)C2CCCCC2,0
CC(C)NC[C@H](O)COc1cccc2ccccc12,0
Oc1ccc(\C=C\C(=O)OCCc2ccccc2)cc1O,1
Cc1ccccc1C(=O)N2CCC(Cc3ccccc3)CC2,0
COC(=O)C[C@](O)(CCC(C)(C)O)C(=O)O[C@H]1[C@H]2c3cc4OCOc4cc3CCN5CCC[C@]25C=C1OC,0
COc1ccc2C[C@H]3[C@H]4CCCC[C@@]4(CCN3C)c2c1,0
Oc1ccccc1,0
NC1=NC(=O)N(C=C1)[C@@H]2O[C@H](CO)[C@@H](O)[C@@H]2O,0
CC(=O)OCC(=O)[C@@]1(O)CC[C@H]2[C@@H]3CCC4=CC(=O)CC[C@]4(C)[C@@]3(F)[C@@H](O)C[C@]12C,0
Oc1ccc(cc1)C2=COc3cc(O)cc(O)c3C2=O,0
COc1cc2OC[C@H]3Oc4c5C[C@@H](Oc5ccc4C(=O)[C@H]3c2cc1OC)C(=C)C,0
COc1ccc(CN(CCN(C)C)c2ccccn2)cc1,0
OC(=O)CCNC(=O)c1ccc(cc1)\N=N\c2ccc(O)c(c2)C(=O)O,0
CN1C(=O)CN=C(c2ccccc2)c3cc(Cl)ccc13,0
CN1CCN(CC1)C2=Nc3ccccc3Nc4sc(C)cc24,0
Cc1c(C)c2OC(C)(COc3ccc(CC4SC(=O)NC4=O)cc3)CCc2c(C)c1O,0
COc1cc(\C=C\C(=O)O)ccc1O,0
CN(Cc1cnc2nc(N)nc(N)c2n1)c3ccc(cc3)C(=O)N[C@@H](CCC(=O)O)C(=O)O,0
CC(C)[C@@H](C)\C=C\[C@@H](C)[C@H]1CC[C@H]2\C(=C\C=C/3\C[C@@H](O)CCC3=C)\CCC[C@]12C,0
CNC(=C[N+](=O)[O-])NCCSCc1oc(CN(C)C)cc1,0
CCc1c2CN3C(=O)C4=C(C=C3c2nc5ccc(OC(=O)N6CCC(CC6)N7CCCCC7)cc15)[C@@](O)(CC)C(=O)OC4,0
O=C1CCc2cc(OCCCCc3nnnn3C4CCCCC4)ccc2N1,0
OC[C@H]1O[C@H]([C@H](O)[C@@H]1O)N2N=CC(=O)NC2=O,0
[Cl-].CC(C)(C)CC(C)(C)c1ccc(OCCOCC[N+](C)(C)Cc2ccccc2)cc1,0
COc1ccccc1OCC(O)CO,0
O=C(C1CCCCC1)N2CC3N(CCc4ccccc34)C(=O)C2,0
CCCCCCCCN[C@H](C)[C@@H](O)c1ccc(SC(C)C)cc1,1
CCN(CC)C(=O)N[C@@H]1CN(C)[C@@H]2Cc3c[nH]c4cccc(C2=C1)c34,0
O=C1Oc2ccccc2C=C1,0
Cc1cccc(Nc2cc(Cl)nc(SCC(=O)O)n2)c1C,0
CC(C(=O)O)c1ccc(c(F)c1)c2ccccc2,0
CN1CCN(CCCN2c3ccccc3Sc4ccc(Cl)cc24)CC1,0
Nc1ccc2C(=O)NC(=O)c3cccc1c23,0
Oc1c(Cl)cc(Cl)c(Cl)c1Cc2c(O)c(Cl)cc(Cl)c2Cl,1
NC1=NC(=O)N(C=C1)[C@@H]2O[C@H](CO)[C@@H](O)C2(F)F,0
CN(C)[C@H]1[C@@H]2[C@@H](O)[C@H]3C(=C(O)[C@]2(O)C(=O)C(=C1O)C(=O)N)C(=O)c4c(O)cccc4[C@@]3(C)O,0
NC(=N)NCCN1CCCCCCC1,0
CN(C)CCOC(c1ccccc1)c2ccccc2C,0
C1CN2C[C@@H](N=C2S1)c3ccccc3,0
NC1=NC(=O)C(O1)c2ccccc2,0
[Cl-].COc1cc2CC[N+](C)(C)[C@@H]3Cc4ccc(O)c(Oc5cc6[C@H](Cc7ccc(Oc(c1O)c23)cc7)N(C)CCc6cc5OC)c4,0
OC(CCCN1CCCCC1)(c2ccccc2)c3ccccc3,0
COc1ccnc(C[S+]([O-])c2nc3cc(OC(F)F)ccc3[nH]2)c1OC,0
CN(C)\N=N\c1[nH]cnc1C(=O)N,0
CC1(C)O[C@@H]2C[C@H]3[C@@H]4C[C@H](F)C5=CC(=O)C=C[C@]5(C)[C@H]4[C@@H](O)C[C@]3(C)[C@@]2(O1)C(=O)CO,0
Clc1ccc2C(=C3CCNCC3)c4ncccc4CCc2c1,0
CN1CCN2C(C1)c3ccccc3Cc4ccccc24,0
CC(C)(C)NCC(O)c1cc(O)cc(O)c1,0
COc1ccc(cc1)C2C(=O)c3ccccc3C2=O,0
Nc1nc(Cl)nc2c1ncn2[C@H]3C[C@H](O)[C@@H](CO)O3,0
OC(CCN1CCCCC1)(C2CCCCC2)c3ccccc3,0
CC(=O)OCC(=O)[C@@]12OC(C)(C)O[C@@H]1C[C@H]3[C@@H]4C[C@H](F)C5=CC(=O)C=C[C@]5(C)[C@@]4(F)[C@@H](O)C[C@]23C,0
CC[C@H]([C@H]1CC[C@H](C)[C@@H](O1)[C@@H](C)[C@H](O)[C@H](C)C(=O)[C@H](CC)[C@H]2O[C@@]3(O[C@@]4(CC[C@](C)(O4)[C@H]5CC[C@](O)(CC)[C@H](C)O5)[C@H](O)C=C3)[C@H](C)C[C@@H]2C)C(=O)O,0
CC(C)(C)NC(=O)[C@@H]1C[C@@H]2CCCC[C@@H]2CN1C[C@@H](O)[C@H](Cc3ccccc3)NC(=O)[C@H](CC(=O)N)NC(=O)c4ccc5ccccc5n4,0
COc1ccc2cc(CC(=O)O)ccc2c1,0
CCOc1nc2cccc(C(=O)O)c2n1Cc3ccc(cc3)c4ccccc4c5nnn[nH]5,1
CCCC[C@@H](CC)COC(=O)c1ccccc1C(=O)OC[C@@H](CC)CCCC,0
Fc1ccc(cc1)C(=O)CCCN2CCC(=CC2)N3C(=O)Nc4ccccc34,0
Clc1ccccc1CN2CCc3sccc3C2,0
NNCCc1ccccc1,0
CC(C)NCC(O)COc1cccc2ccccc12,0
C(\C=C\c1ccccc1)N2CCN(CC2)C(c3ccccc3)c4ccccc4,0
CCC(C)N1N=CN(C1=O)c2ccc(cc2)N3CCN(CC3)c4ccc(OCC5COC(Cn6cncn6)(O5)c7ccc(Cl)cc7Cl)cc4,0
CCC(C)(C)C(=O)O[C@H]1C[C@@H](C)C=C2C=C[C@H](C)[C@H](CC[C@@H]3C[C@@H](O)CC(=O)O3)[C@@H]12,0
C[C@H](C(=O)O)c1ccc2oc(nc2c1)c3ccc(F)cc3,0
C(c1ccccc1)n2ccnc2,0
CCN(CC)CC(=O)Nc1c(C)cccc1C,0
Oc1ccc(cc1)c2sc3cc(O)ccc3c2C(=O)c4ccc(OCCN5CCCCC5)cc4,0
CC(CCc1ccc(O)cc1)NCCc2ccc(O)c(O)c2,1
CO[C@@H]1C[C@H](C[C@@H](C)[C@@H]2CC(=O)[C@H](C)\C=C(/C)\[C@@H](O)[C@@H](OC)C(=O)[C@H](C)C[C@H](C)\C=C\C=C\C=C(/C)\[C@H](C[C@@H]3CC[C@@H](C)[C@@](O)(O3)C(=O)C(=O)N4CCCC[C@H]4C(=O)O2)OC)CC[C@H]1O,0
CCN(CC)CCNC(=O)c1ccc(N)cc1,0
C[C@@H]1C[C@H]2[C@@H]3CCC4=CC(=O)C=C[C@]4(C)[C@@]3(F)[C@@H](O)C[C@]2(C)[C@H]1C(=O)CO,0
C[C@@H]1O[C@H](C[C@H](N)[C@@H]1O)O[C@H]2C[C@@](O)(Cc3c(O)c4C(=O)c5ccccc5C(=O)c4c(O)c23)C(=O)C,0
CCCCCCNC(=O)N1C=C(F)C(=O)NC1=O,0
NC1CCN(C1)c2nc3N(C=C(C(=O)O)C(=O)c3cc2F)c4ccc(F)cc4F,0
CC[C@@]1(O)C[C@H](O[C@H]2C[C@@H]([C@H](O[C@H]3C[C@H](O)[C@H](O[C@H]4CCC(=O)[C@H](C)O4)[C@H](C)O3)[C@H](C)O2)N(C)C)c5c(O)c6C(=O)c7c(O)cccc7C(=O)c6cc5[C@H]1C(=O)OC,0
CCN(CC)CCCC(C)Nc1c2ccc(Cl)cc2nc3ccc(OC)cc13,0
CC[C@@]1(O)C(=O)OCC2=C1C=C3N(Cc4cc5c(CN(C)C)c(O)ccc5nc34)C2=O,0
Cc1ccc2cc3c(ccc4ccccc34)c5CCc1c25,0
NC[C@H]1O[C@H](O[C@@H]2[C@@H](N)C[C@@H](N)[C@H](O[C@H]3O[C@H](CO)[C@@H](O)[C@H](N)[C@H]3O)[C@H]2O)[C@H](N)C[C@@H]1O,0
CCN1C=C(C(=O)O)C(=O)c2cc(F)c(N3CCNC(C)C3)c(F)c12,0
CCOC(=O)N1C=CN(C)C1=S,0
CO[C@@H]1C[C@@H](CC[C@H]1O)\C=C(/C)\[C@H]2OC(=O)[C@@H]3CCCCN3C(=O)C(=O)[C@]4(O)O[C@H]([C@H](C[C@@H](C)C\C(=C\[C@@H](CC=C)C(=O)C[C@H](O)[C@H]2C)\C)OC)[C@H](C[C@H]4C)OC,0
COc1cc(CC=C)ccc1O,0
NC(=O)N1c2ccccc2CCc3ccccc13,0
CCN1CCC[C@H]1CNC(=O)c2cc(ccc2OC)S(=O)(=O)N,0
NCCCCCC(=O)O,0
Oc1c(Br)cc(Br)cc1C(=O)Nc2ccc(Br)cc2,1
CC(C)CC(N(C)C)C1(CCC1)c2ccc(Cl)cc2,0
CCOC(=O)C(C)(C)Oc1ccc(Cl)cc1,0
CNC1(CCCCC1=O)c2ccccc2Cl,0
O=C1CC[C@H](N2C(=O)c3ccccc3C2=O)C(=O)N1,0
CC(O)(P(=O)(O)O)P(=O)(O)O,0
Cc1noc(NS(=O)(=O)c2ccc(N)cc2)c1C,0
CCN(CC)CCOC(=O)C1(CCCCC1)C2CCCCC2,0
CCOC(=O)C1=C(COCCN)NC(=C(C1c2ccccc2Cl)C(=O)OC)C,0
NC(=O)c1cnccn1,0
CN1C(=O)OC(C)(C)C1=O,0
CNC(C)[C@@H]1CC[C@@H](N)[C@@H](O[C@@H]2[C@@H](N)C[C@@H](N)[C@H](O[C@H]3OC[C@](C)(O)[C@H](NC)[C@H]3O)[C@H]2O)O1.CN[C@@H]4[C@@H](O)[C@@H](O[C@H]5[C@H](N)C[C@H](N)[C@@H](O[C@H]6O[C@H](CN)CC[C@H]6N)[C@@H]5O)OC[C@]4(C)O.CN[C@@H]7[C@@H](O)[C@@H](O[C@H]8[C@H](N)C[C@H](N)[C@@H](O[C@H]9O[C@@H](CC[C@H]9N)C(C)N)[C@@H]8O)OC[C@]7(C)O,0
Oc1ccc2C[C@H]3N(CC=C)CC[C@@]45[C@@H](Oc1c24)C(=O)CC[C@@]35O,0
OC(=O)P(=O)(O)O,0
CCC(=O)O[C@@]1([C@@H](C)C[C@H]2[C@@H]3CCC4=CC(=O)C=C[C@]4(C)[C@@]3(F)[C@@H](O)C[C@]12C)C(=O)CCl,0
[O-][N+](=O)c1ccc2NC(=O)CN=C(c3ccccc3)c2c1,0
CC(C)(C)NCC(O)c1cc(Cl)c(N)c(Cl)c1,0
CCOC(=O)C1=C(C)NC(=C(C1c2cccc(c2)[N+](=O)[O-])C(=O)OC)C,0
CO[C@H]1\C=C\O[C@@]2(C)Oc3c(C)c(O)c4c(O)c(NC(=O)\C(=C/C=C/[C@H](C)[C@H](O)[C@@H](C)[C@@H](O)[C@@H](C)[C@H](OC(=O)C)[C@@H]1C)\C)c(\C=N\N5CCN(CC5)C6CCCC6)c(O)c4c3C2=O,0
CC1=C(N2[C@H](SC1)[C@H](NC(=O)[C@H](N)c3ccccc3)C2=O)C(=O)O,0
C[C@H](C(=O)O)c1cccc(c1)C(=O)c2ccccc2,0
CCCCOC(=O)c1ccc(N)cc1,0
ClCCNP1(=O)OCCCN1CCCl,0
C=CCc1ccc2OCOc2c1,0
OC(=O)COC(=O)Cc1ccccc1Nc2c(Cl)cccc2Cl,0
C[S+](C)[O-],0
CCC1(CCC(C)C)C(=O)NC(=NC1=O)O,0
COc1ccccc1OCC(O)COC(=O)N,0
CN(C)[C@H]1[C@@H]2C[C@H]3C(=C(O)[C@]2(O)C(=O)C(=C1O)C(=O)N)C(=O)c4c(O)ccc(Cl)c4[C@@]3(C)O,0
CN1C(=O)N(C)c2ncn(CC3OCCO3)c2C1=O,0
CC(C)(C)NC(=O)[C@@H]1CN(Cc2cccnc2)CCN1C[C@@H](O)C[C@@H](Cc3ccccc3)C(=O)N[C@@H]4[C@H](O)Cc5ccccc45,0
[Br-].CCCCCCCCCCCCCCCC[n+]1ccccc1,1
COC(=O)Nc1nc2ccc(cc2[nH]1)C(=O)c3ccccc3,0
CC(N)Cc1c[nH]c2ccc(OCc3cccs3)cc12,0
ClCCN(CCCl)P1(=O)NCCCO1,0
CC(C)OC(=O)C(C)(C)Oc1ccc(cc1)C(=O)c2ccc(Cl)cc2,0
CN[C@H]1CC[C@@H](c2ccc(Cl)c(Cl)c2)c3ccccc13,0
COCCc1ccc(OCC(O)CNC(C)C)cc1,0
CC(C)NCC(O)c1ccccc1Cl,0
OC(COc1cccc2OC(=CC(=O)c12)C(=O)O)COc3cccc4OC(=CC(=O)c34)C(=O)O,0
OC(=O)c1cc(ccc1O)\N=N\c2ccc(cc2)S(=O)(=O)Nc3ccccn3,0
CCN(CC)N=O,0
C[C@H](CS)C(=O)N1CCC[C@H]1C(=O)O,0
CS(=O)(=O)c1ccc(cc1)C2=C(C(=O)OC2)c3ccccc3,0
CO[C@H]1\C=C\O[C@@]2(C)Oc3c(C)c(O)c4C(=O)C(=C5NC6(CCN(CC(C)C)CC6)N=C5c4c3C2=O)NC(=O)\C(=C/C=C/[C@H](C)[C@H](O)[C@@H](C)[C@@H](O)[C@@H](C)[C@H](OC(=O)C)[C@@H]1C)\C,0
CC(=O)Oc1ccccc1C(=O)O,0
NC(CO)(CO)CO,0
CCOC(=O)[C@H](CCc1ccccc1)N[C@@H](C)C(=O)N2[C@H]3CCC[C@H]3C[C@H]2C(=O)O,0
CS(=O)(=O)OCCCCOS(=O)(=O)C,0
Cc1ccc(C)c(OCCCC(C)(C)C(=O)O)c1,0
NC(=N)NCCCCNC(=N)N.OS(=O)(=O)O,0
Nc1ccc(C(=O)O)c(O)c1,0
NC1=CC(=CNC1=O)c2ccncc2,0
CC1(C)O[C@@H]2C[C@H]3[C@@H]4CCC5=CC(=O)CC[C@]5(C)[C@@]4(F)[C@@H](O)C[C@]3(C)[C@@]2(O1)C(=O)CCl,0
CN1C(=O)N(CCCCC(=O)C)C(=O)c2c1ncn2C,0
Clc1ccc2Oc3ccccc3N=C(N4CCNCC4)c2c1,0
Cc1ccc(cc1)N(CC2=NCCN2)c3cccc(O)c3,0
C[C@]1(O)CC[C@H]2[C@@H]3CCC4=CC(=O)CC[C@]4(C)[C@H]3CC[C@]12C,0
COc1ccc2cc(CCC(=O)C)ccc2c1,0
CN1CCN(Cc2ccc(cc2)C(=O)Nc3ccc(C)c(Nc4nccc(n4)c5cccnc5)c3)CC1,0
COc1ccccc1N,0
Cc1[nH]cnc1CN2CCc3c(C2=O)c4ccccc4n3C,0
Cc1cc(O)cc(C)c1Cl,0
NC1=NC(=O)N(C=N1)[C@@H]2O[C@H](CO)[C@@H](O)[C@H]2O,0
CC[C@@H]1NC(=O)[C@H]([C@H](O)[C@H](C)C\C=C\C)N(C)C(=O)[C@H](C(C)C)N(C)C(=O)[C@H](CC(C)C)N(C)C(=O)[C@H](CC(C)C)N(C)C(=O)[C@@H](C)NC(=O)[C@H](C)NC(=O)[C@H](CC(C)C)N(C)C(=O)[C@@H](NC(=O)[C@H](CC(C)C)N(C)C(=O)CN(C)C1=O)C(C)C,0
C[C@H]1C[C@H]2[C@@H]3CC[C@](O)(C(=O)C)[C@@]3(C)C[C@H](O)[C@]2(F)[C@@]4(C)C=CC(=O)C=C14,0
O=C1C[C@@H]2OCC=C3CN4CC[C@@]56[C@@H]4C[C@@H]3[C@@H]2[C@@H]5N1c7ccccc67,0
C[C@@H]1OC(=O)C[C@H](O)C[C@H](O)CC[C@@H](O)[C@H](O)C[C@H](O)C[C@]2(O)C[C@H](O)[C@H]([C@H](C[C@@H](O[C@@H]3O[C@H](C)[C@@H](O)[C@H](N)[C@@H]3O)\C=C\C=C\C=C\C=C\C=C\C=C\C=C\[C@H](C)[C@@H](O)[C@H]1C)O2)C(=O)O,0
CC(O)CO,0
CC(C)(CO)C(O)C(=O)NCCCO,0
CCOC(=O)c1ncn2c1CN(C)C(=O)c3cc(F)ccc23,0
NC(=O)N1C(=O)\C(=C(/O)\c2cccs2)\c3cc(Cl)ccc13,0
C[C@]12CC[C@H]3[C@@H](CC[C@H]4CC(=O)CC[C@]34C)[C@@H]1CC[C@@H]2O,0
COC(=O)[C@@H](N1CCc2sccc2C1)c3ccccc3Cl,0
C[C@H]1COc2c(N3CCN(C)CC3)c(F)cc4C(=O)C(=CN1c24)C(=O)O,0
CC1Cc2ccccc2N1NC(=O)c3ccc(Cl)c(c3)S(=O)(=O)N,0
COc1cc(\C=C/C)ccc1O,0
CCC[C@@H]1C[C@H](N(C)C1)C(=O)N[C@H]([C@H](C)Cl)[C@H]2O[C@H](SC)[C@H](O)[C@@H](O)[C@H]2O,0
COc1cc(cc(OC)c1O)[C@H]2[C@@H]3[C@H](COC3=O)[C@H](O[C@@H]4O[C@@H]5CO[C@@H](C)O[C@H]5[C@H](O)[C@H]4O)c6cc7OCOc7cc26,0
[Br-].CC(=O)O[C@H]1C[C@@H]2CC[C@@H]3[C@H](CC[C@@]4(C)[C@H]3C[C@@H]([C@@H]4OC(=O)C)[N+]5(C)CCCCC5)[C@@]2(C)C[C@@H]1N6CCCCC6,0
CN1CCC(=C2c3ccccc3C=Cc4ccccc24)CC1,0
C[C@H]1O[C@H]([C@H](O)[C@@H]1O)N2C=C(F)C(=O)NC2=O,0
Clc1cc2Oc3cc(Cl)c(Cl)cc3Oc2cc1Cl,0
CN1C(=C(O)c2ccccc2S1(=O)=O)C(=O)Nc3ncc(C)s3,0
CC(=O)OCC(COC(=O)C)OC(=O)C,0
Nn1nnc2ccccc12,0
OC[C@@H]1CC[C@@H](O1)n2cnc3C(=O)NC=Nc23,0
[Cl-].[Cl-].C[n+]1ccc(cc1)c2cc[n+](C)cc2,0
Cc1cnc(cn1)C(=O)NCCc2ccc(cc2)S(=O)(=O)NC(=O)NC3CCCCC3,0
OC1=C(CC2=C(O)c3ccccc3OC2=O)C(=O)Oc4ccccc14,0
C[C@@H]1CC[C@H]2[C@@H](C)C(=O)O[C@@H]3O[C@]4(C)CC[C@@H]1[C@@]23OO4,0
OC(=O)C1=CN(c2ccc(F)cc2)c3cc(N4CCNCC4)c(F)cc3C1=O,0
CC(C)CCC[C@@H](C)[C@H]1CC[C@H]2\C(=C\C=C/3\C[C@@H](O)C[C@H](O)C3=C)\CCC[C@]12C,0
N[C@@H](CN1C=CC(=O)C(=C1)O)C(=O)O,0
C[C@@H]1CC2=C(CCC(=O)C2)[C@H]3CC[C@@]4(C)[C@@H](CC[C@@]4(O)C#C)[C@H]13,0
CC(=O)O[C@H]1CC[C@@H]2[C@H]3CC[C@@]4(C)[C@@H](CC[C@@]4(OC(=O)C)C#C)[C@@H]3CCC2=C1,0
COc1ccc(\C=C\C(=O)Nc2ccccc2C(=O)O)cc1OC,0
Nc1ccc(cc1)S(=O)(=O)NC(=O)c2ccccc2,0
COc1ccc(CCN(C)CCCC(C#N)(C(C)C)c2ccc(OC)c(OC)c2)cc1OC,0
CCCc1nn(C)c2C(=O)NC(=Nc12)c3cc(ccc3OCC)S(=O)(=O)N4CCN(C)CC4,0
CN1C(=C(O)c2sccc2S1(=O)=O)C(=O)Nc3ccccn3,0
Cc1nnc2CN=C(c3ccccc3)c4cc(Cl)ccc4n12,0
ClCCN(N=O)C(=O)NC1CCCCC1,0
CC(C)(C#N)c1cc(Cn2cncn2)cc(c1)C(C)(C)C#N,0
CCCCCCCCCc1ccc(O)cc1,0
C[C@H]([C@](O)(Cn1cncn1)c2ccc(F)cc2F)S(=O)(=O)C,0
Nc1nc(N)nc(n1)c2cc(Cl)ccc2Cl.OC(=O)\C=C/C(=O)O,0
CC1(C)[C@@H]2CC[C@@]1(C)C(=O)C2,0
OCC=C,0
CN1C=CC(=O)C(=C1C)O,0
CN1CCC(=C2c3ccccc3CC(=O)c4sccc24)CC1,0
CN1CCCCC1C(=O)Nc2c(C)cccc2C,0
NS(=O)(=O)c1cc2c(NCNS2(=O)=O)cc1Cl,0
OC1N=C(c2ccccc2Cl)c3cc(Cl)ccc3NC1=O,0
ClCCNC(=O)N(CCCl)N=O,0
NC(=O)N1c2ccccc2CC(=O)c3ccccc13,0
C(C(C1CCCCC1)C2CCCCC2)C3CCCCN3,1
CC(C)n1c(\C=C\C(O)CC(O)CC(=O)O)c(c2ccc(F)cc2)c3ccccc13,0
CC[C@]1(O)C[C@H]2CN(CCc3c([nH]c4ccccc34)[C@@](C2)(C(=O)OC)c5cc6c(cc5OC)N(C=O)[C@H]7[C@](O)([C@H](OC(=O)C)[C@]8(CC)C=CCN9CC[C@]67[C@H]89)C(=O)OC)C1,0
C\C(=C/c1ccccc1)\C=C\2/SC(=S)N(CC(=O)O)C2=O,0
Cc1onc(NS(=O)(=O)c2ccc(N)cc2)c1,0
CC[C@@H](CO)NC(=O)[C@H]1CN(C)[C@@H]2Cc3c[nH]c4cccc(C2=C1)c34,0
N[C@@H](Cc1ccc(cc1)N(CCCl)CCCl)C(=O)O,0
NC(=O)NC(=O)Cc1ccccc1,0
ClC1=C(Cl)[C@@]2(Cl)[C@H]3[C@H]4C[C@H]([C@@H]5O[C@H]45)[C@H]3[C@]1(Cl)C2(Cl)Cl,0
OC(=O)CC(O)(CC(=O)O)C(=O)O,0
N[C@@H](COC(=O)C=[N+]=[N-])C(=O)O,0
CCN1C=C(C(=O)O)C(=O)c2cc(F)c(cc12)N3CCN(C)CC3,0
C[C@@H](O)[C@H](CO)NC(=O)[C@@H]1CSSC[C@H](NC(=O)[C@H](N)Cc2ccccc2)C(=O)N[C@@H](Cc3ccccc3)C(=O)N[C@H](Cc4c[nH]c5ccccc45)C(=O)N[C@@H](CCCCN)C(=O)N[C@@H]([C@@H](C)O)C(=O)N1,0
NCCCNCCSP(=O)(O)O,0
CC(C)(C)c1ccc(cc1)S(=O)(=O)\C=C\C#N,0
NC[C@@H]1O[C@H](O[C@H]2[C@@H](O)[C@H](O[C@@H]3[C@@H](O)[C@H](N)C[C@H](N)[C@H]3O[C@H]4O[C@H](CN)[C@@H](O)[C@H](O)[C@H]4N)O[C@@H]2CO)[C@H](N)[C@@H](O)[C@@H]1O,0
CN1C(=O)N(C)c2ncn(CC(O)CO)c2C1=O,0
COc1ccc2c(c1)c(CC(=O)O)c(C)n2C(=O)c3ccc(Cl)cc3,0
CC[C@H](C)C(=O)O[C@H]1C[C@H](O)C=C2C=C[C@H](C)[C@H](CC[C@@H](O)C[C@@H](O)CC(=O)O)[C@@H]12,0
COc1cc(N)[nH]c2nc(c3ccc(F)cc3)c(c4ccncc4)c12,0
C[C@@H]1C[C@H]2[C@@H]3CCC4=CC(=O)C=C[C@]4(C)[C@@]3(F)[C@@H](O)C[C@]2(C)[C@@]1(O)C(=O)CO,0
CO[C@H]1O[C@@H]2O[C@@]3(C)CC[C@H]4[C@H](C)CC[C@@H]([C@H]1C)[C@@]24OO3,0
CN(C)CCCN1c2ccccc2Sc3ccccc13,0
C[C@H]1C[C@H]2[C@@H]3CCC4=CC(=O)C=C[C@]4(C)[C@@]3(Cl)[C@@H](O)C[C@]2(C)[C@@]1(O)C(=O)CO,0
CCOC(=O)[C@H](CCc1ccccc1)N[C@@H](C)C(=O)N2Cc3ccccc3C[C@H]2C(=O)O,0
Oc1ccc(OCc2ccccc2)cc1,0
C[C@]12CC[C@H]3[C@@H](CCc4cc(O)ccc34)[C@@H]1CCC2=O,0
[O-][S+](CCC1C(=O)N(N(C1=O)c2ccccc2)c3ccccc3)c4ccccc4,0
NC(=O)c1cccc(N)c1,0
N[C@@H](Cc1ccc(O)c(O)c1)C(=O)O,1
COc1ccc(CCN2CCC(CC2)Nc3nc4ccccc4n3Cc5ccc(F)cc5)cc1,1
CO\N=C(/C(=O)N[C@H]1[C@H]2SCC(=C(N2C1=O)C(=O)O)COC(=O)C)\c3csc(N)n3,0
NC(=N)c1ccc(OCCCCCOc2ccc(cc2)C(=N)N)cc1,0
O[C@H]1CC[C@@]2(O)[C@H]3Cc4ccc(O)c5O[C@@H]1[C@]2(CCN3CC6CCC6)c45,0
CNC1=Nc2ccc(Cl)cc2C(=[N+]([O-])C1)c3ccccc3,0
[Cl-].COc1ccc2cc3c4cc5OCOc5cc4CC[n+]3cc2c1OC,0
CC(C)Cc1ccc(cc1)[C@@H](C)C(=O)O,0
CCCCCCCCc1ccc(O)cc1,1
C[C@H]1O[C@H](C[C@H](O)[C@@H]1O)O[C@H]2[C@@H](O)C[C@H](O[C@H]3[C@@H](O)C[C@H](O[C@H]4CC[C@@]5(C)[C@H](CC[C@@H]6[C@@H]5C[C@@H](O)[C@]7(C)[C@H](CC[C@]67O)C8=CC(=O)OC8)C4)O[C@@H]3C)O[C@@H]2C,0
Cn1cnc(c1Sc2ncnc3nc[nH]c23)[N+](=O)[O-],0
COc1ccc(cc1)C(=O)N2CCCC2=O,0
C[C@H]1O[C@H](O[C@H]2[C@H](O)[C@@H](O)[C@@H](O[C@H]3[C@H](O)[C@@H](O)[C@H](O)O[C@@H]3CO)O[C@@H]2CO)[C@H](O)[C@@H](O)[C@@H]1N[C@H]4C=C(CO)[C@@H](O)[C@H](O)[C@H]4O,0
CCC1(C(=O)NC(=O)NC1=O)c2ccccc2,0
CC(O)COC[C@@H]1OC[C@H]2O[C@@H]3[C@@H](O)[C@H](O)[C@@H](O[C@H]3COCC(C)O)O[C@@H]4[C@@H](O)[C@H](O)[C@@H](O[C@H]4COCC(C)O)O[C@@H]5[C@@H](O)[C@H](O)[C@@H](O[C@H]5COCC(C)O)O[C@@H]6[C@@H](O)[C@H](O)[C@@H](O[C@H]6COCC(C)O)O[C@@H]7[C@@H](O)[C@H](O)[C@@H](O[C@H]7COCC(C)O)O[C@@H]8[C@@H](O)[C@H](O)[C@@H](O[C@H]8COCC(C)O)O[C@@H]9[C@@H](O)[C@H](O)[C@@H](O[C@H]9COCC(C)O)O[C@@H]1[C@H]2O,0
NN,0
OCCOCCN1CCN(CC1)C2=Nc3ccccc3Sc4ccccc24,0
Cc1ccnc(NS(=O)(=O)c2ccc(N)cc2)n1,0
COCCCOc1ccnc(C[S+]([O-])c2nc3ccccc3[nH]2)c1C,0
NC(=N)N\N=C\c1c(Cl)cccc1Cl,0
CNC(=C[N+](=O)[O-])NCCSCc1csc(CN(C)C)n1,0
Cl.NC[C@@H]1CC[C@H](CC1)C(=O)Oc2ccc(CCC(=O)O)cc2,0
CCOC(=O)C1=C(C)NC(=C(C1c2cccc(Cl)c2Cl)C(=O)OC)C,0
C[C@]12CC[C@H]3[C@@H](CCC4=CC(=O)CC[C@H]34)[C@@H]1CC[C@@]2(O)C#C,0
[Cl-].C[N+](C)(C)CCOC(=O)N,0
CCOC(=O)C1=C(C)NC(=C(C1c2ccccc2\C=C\C(=O)OC(C)(C)C)C(=O)OCC)C,0
CCN(CC)CCOCCC1=CCC2CC1C2(C)C,0
COC(=O)c1ccccc1O,0
CCCCOc1ccc(OCCCN2CCOCC2)cc1,0
Clc1cccc(Cl)c1NC2=NCCN2,0
CC1(C)O[C@@H]2C[C@H]3[C@@H]4C[C@H](F)C5=CC(=O)C=C[C@]5(C)[C@@]4(F)[C@@H](O)C[C@]3(C)[C@@]2(O1)C(=O)CO,0
CNCCCC12CCC(c3ccccc13)c4ccccc24,0
[K+].[K+].CC(C)CC(=O)O[C@H]1[C@H](O[C@@H]2C[C@H]([C@H]3CC[C@@]45C[C@@H](CCC4[C@]3(C)C2)C(=C)[C@H]5O)C(=O)O)O[C@H](CO)[C@@H](OS(=O)(=O)[O-])[C@@H]1OS(=O)(=O)[O-],0
COC(=O)[C@H]1[C@@H](O)CC[C@H]2CN3CCc4c([nH]c5ccccc45)[C@@H]3C[C@H]12,0
CC(C)(C)NC[C@H](O)COc1nsnc1N2CCOCC2,0
Cc1onc(O)c1CC(N)C(=O)O,0
COc1ccc(C[C@H](N)C(=O)N[C@@H]2[C@@H](CO)O[C@H]([C@@H]2O)n3cnc4c(ncnc34)N(C)C)cc1,0
OC(=O)c1ccccc1O,0
ClC(=C)Cl,0
CCN(C(=O)C)c1cccc(c1)c2ccnc3c(cnn23)C#N,0
CC[C@]1(O)CC[C@H]2[C@@H]3CCC4=CCCC[C@@H]4[C@H]3CC[C@]12C,0
C[S+]([O-])c1ccc(cc1)c2nc(c3ccc(F)cc3)c([nH]2)c4ccncc4,0
CN1C[C@@H]2C[C@H]1CN2c3cc4N(C=C(C(=O)O)C(=O)c4cc3F)C5CC5,0
CN1CCN(CCCN2c3ccccc3Sc4ccc(cc24)C(F)(F)F)CC1,0
O=C1C=C(Oc2c1ccc3ccccc23)c4ccccc4,0
CN(C)c1nc(nc(n1)N(C)C)N(C)C,0
Nc1cc(nc(N)[n+]1[O-])N2CCCCC2,0
C[C@@H]1O[C@@H](O[C@H]2CC[C@]3(C)[C@H]4CC[C@]5(C)[C@H](CC[C@]5(O)[C@@H]4CCC3=C2)C6=COC(=O)C=C6)[C@H](O)[C@H](O)[C@H]1O,0
Cc1cc2c(OCC(CNC(C)(C)C)OC(=O)c3ccccc3)cccc2[nH]1,0
CCN[C@@H](C)Cc1cccc(c1)C(F)(F)F,0
CS(=O)(=O)Nc1ccc(cc1Oc2ccccc2)[N+](=O)[O-],0
Cl.CCCCN1CCCCC1C(=O)Nc2c(C)cccc2C,0
NC(=N)NC(=O)Cc1c(Cl)cccc1Cl,0
Clc1ccccc1C(=O)N2CCC(Cc3ccccc3)CC2,0
CC(O)C(=O)O,0
COc1cc2nc(nc(N)c2cc1OC)N3CCN(CC3)C(=O)C4COc5ccccc5O4,0
C[C@]12CC[C@H]3[C@@H](CCc4cc(OC(=O)c5ccccc5)ccc34)[C@@H]1CC[C@@H]2O,0
[Na+].[Na+].[Na+].[O-][V](=O)([O-])[O-],0
OC(=O)CCc1oc(c2ccccc2)c(n1)c3ccccc3,0
CC(C)(Oc1ccc(cc1)C2CC2(Cl)Cl)C(=O)O,0
CC(C)(Oc1ccc(Cl)cc1)C(=O)O,0
COc1cc(ccc1Cc2cn(C)c3ccc(NC(=O)OC4CCCC4)cc23)C(=O)NS(=O)(=O)c5ccccc5C,1
CC(C)Cc1ccc(cc1)[C@H](C)C(=O)O,0
CN1[C@@H]2CC[C@H]1C[C@H](C2)OC(=O)C(CO)c3ccccc3,0
Br.CN1[C@@H]2CC[C@H]1C[C@H](C2)OC(=O)C(O)c3ccccc3,0
CC(C)NCC(O)c1ccc(NS(=O)(=O)C)cc1,0
Cc1ccc(cc1)S(=O)(=O)NC(=O)NN2CC3CCCC3C2,0
Clc1ccc(COC(Cn2ccnc2)c3ccc(Cl)cc3Cl)c(Cl)c1,1
CN(CCOc1ccc(CC2SC(=O)NC2=O)cc1)c3ccccn3,0
NC1=C(F)C=NC(=O)N1,0
Oc1ccc(\C=C\c2cc(O)cc(O)c2)cc1,0
CC(C)(Oc1ccc(cc1)C2CCCc3ccccc23)C(=O)O,0
OC1=NC(=O)C(N1)(c2ccccc2)c3ccccc3,0
COc1ccc(Cl)cc1C(=O)NCCc2ccc(cc2)S(=O)(=O)NC(=O)NC3CCCCC3,0
Cc1cc(C)nc(NS(=O)(=O)c2ccc(N)cc2)n1,0
CCc1ccc(CCOc2ccc(CC3SC(=O)NC3=O)cc2)nc1,0
COC(=O)C1=C(C)NC(=C(C1c2ccccc2[N+](=O)[O-])C(=O)OC)C,0
CC(=O)Oc1ccc(cc1)C(c2ccc(OC(=O)C)cc2)c3ccccn3,0
Cc1cccc(Nc2ccccc2C(=O)O)c1C,0
COc1c(C)c2COC(=O)c2c(O)c1C\C=C(/C)\CCC(=O)OCCN3CCOCC3,0
Cc1nccn1CC2CCc3c(C2=O)c4ccccc4n3C,0
CC(C)(c1ccc(O)cc1)c2ccc(O)cc2,0
CCN1CCCC1CNC(=O)c2cc(ccc2OC)S(=O)(=O)N,0
C[C@H]1O[C@H](C[C@H](O)[C@@H]1O)O[C@H]2[C@@H](O)C[C@H](O[C@H]3[C@@H](O)C[C@H](O[C@H]4CC[C@@]5(C)[C@H](CC[C@@H]6[C@@H]5CC[C@]7(C)[C@H](CC[C@]67O)C8=CC(=O)OC8)C4)O[C@@H]3C)O[C@@H]2C,0
COS(=O)(=O)C,0
CCCC(C)C1(CC=C)C(=O)NC(=O)NC1=O,0
COc1ccccc1OCCNCC(O)COc2cccc3[nH]c4ccccc4c23,0
