smiles,label
COc1cc2O[C@H]3OC=C[C@H]3c2c4OC(=O)C5=C(CCC5=O)c14,0
Fc1ccc(cc1)C(N2CCN(C\C=C\c3ccccc3)CC2)c4ccc(F)cc4,0
N[C@@H]1[C@H]2CN(C[C@@H]12)c3nc4N(C=C(C(=O)O)C(=O)c4cc3F)c5ccc(F)cc5F,0
COc1cccc2C(=O)c3c(O)c4C[C@](O)(C[C@H](O[C@H]5C[C@H](N)[C@H](O)[C@H](C)O5)c4c(O)c3C(=O)c12)C(=O)C,0
NC(=O)c1ncn(n1)[C@@H]2O[C@H](CO)[C@@H](O)[C@H]2O,0
OC(=O)CCCC[C@@H]1CCSS1,0
Fc1ccc(SC2=NN3C=NC(=O)C(=C3C=C2)c4c(Cl)cccc4Cl)c(F)c1,0
CN1C[C@H](CNC(=O)OCc2ccccc2)C[C@H]3[C@H]1Cc4cn(C)c5cccc3c45,0
NC(=O)C[S+]([O-])C(c1ccccc1)c2ccccc2,0
CC1(COc2ccc(CC3SC(=O)NC3=O)cc2)CCCCC1,1
CCN1CCN(CC1)c2cc3N(C=C(C(=O)O)C(=O)c3cc2F)C4CC4,0
CCN[C@@H]1C[C@H](N)[C@@H](O[C@H]2OC(=CC[C@H]2N)CN)[C@H](O)[C@H]1O[C@H]3OC[C@](C)(O)[C@H](NC)[C@H]3O,0
c1ccc2c(c1)cc3ccc4cccc5ccc2c3c45,0
CC(C)(C)NC(=O)[C@H]1CC[C@H]2[C@@H]3CC[C@H]4NC(=O)C=C[C@]4(C)[C@H]3CC[C@]12C,0
CN1C[C@@H](C[C@H]2[C@H]1Cc3c[nH]c4cccc2c34)C(=O)N[C@]5(C)O[C@@]6(O)[C@@H]7CCCN7C(=O)[C@H](Cc8ccccc8)N6C5=O,0
CN1C(=O)COc2c1cc(Cl)cc2C(=O)NC3CN4CCC3CC4,0
CC(=O)Nc1c(I)c(NC(=O)C)c(I)c(C(=O)O)c1I,0
Clc1ccc2OC(=O)Nc2c1,0
N[C@@H](CCC(=O)N[C@@H](CSSC[C@H](NC(=O)CC[C@H](N)C(=O)O)C(=O)NCC(=O)O)C(=O)NCC(=O)O)C(=O)O,0
CC(C)[C@@H]1CC[C@H](CC1)C(=O)N[C@H](Cc2ccccc2)C(=O)O,0
CCc1oc2ccccc2c1C(=O)c3cc(Br)c(O)c(Br)c3,0
Clc1ccc(COC(Cn2ccnc2)c3ccc(Cl)cc3Cl)cc1,1
CCc1cccc2c3CCOC(CC)(CC(=O)O)c3[nH]c12,0
Brc1c(NC2=NCCN2)ccc3nccnc13,0
CCN(CC)CCOc1ccc(cc1)\C(=C(\Cl)/c2ccccc2)\c3ccccc3,1
CC[C@H]1OC(=O)[C@H](C)[C@@H](O[C@H]2C[C@@](C)(OC)[C@@H](O)[C@H](C)O2)[C@H](C)[C@@H](O[C@@H]3O[C@H](C)C[C@@H]([C@H]3O)N(C)C)[C@@](C)(C[C@@H](C)C(=O)[C@H](C)[C@@H](O)[C@]1(C)O)OC,0
CC[C@H]1OC(=O)[C@H](C)[C@@H](O[C@H]2C[C@@](C)(OC)[C@@H](O)[C@H](C)O2)[C@H](C)[C@@H](O[C@@H]3O[C@H](C)C[C@@H]([C@H]3OC(=O)CC)N(C)C)[C@](C)(O)C[C@@H](C)C(=O)[C@H](C)[C@@H](O)[C@]1(C)O,0
NCCCC[C@H](N[C@@H](CCc1ccccc1)C(=O)O)C(=O)N2CCC[C@H]2C(=O)O,0
C[C@@H](CO)NC(=O)[C@H]1CN(C)[C@@H]2Cc3c[nH]c4cccc(C2=C1)c34,0
CC[C@H]1OC(=O)[C@H](C)[C@@H](O[C@H]2C[C@@](C)(OC)[C@@H](O)[C@H](C)O2)[C@H](C)[C@@H](O[C@@H]3O[C@H](C)C[C@@H]([C@H]3O)N(C)C)[C@](C)(O)C[C@@H](C)\C(=N/OCOCCOC)\[C@H](C)[C@@H](O)[C@]1(C)O,0
C[C@]12CC[C@@H](O)C=C1CC[C@H]3[C@@H]4CC[C@](O)(C(=O)CO)[C@@]4(C)CC(=O)[C@H]23,0
CC(C)[C@H](NC(=O)N(C)Cc1csc(n1)C(C)C)C(=O)N[C@H](C[C@H](O)[C@H](Cc2ccccc2)NC(=O)OCc3cncs3)Cc4ccccc4,0
CC(C(=O)O)c1cccc(c1)C(=O)c2ccccc2,0
O=C1C=C(Oc2ccc3ccccc3c12)c4ccccc4,0
CN(C)C(=O)C(CCN1CCC(O)(CC1)c2ccc(Cl)cc2)(c3ccccc3)c4ccccc4,0
C\C(=C\C(=O)O)\C=C\C=C(/C)\C=C\C1=C(C)CCCC1(C)C,0
S(Sc1nc2ccccc2s1)c3nc4ccccc4s3,0
Fc1ccccc1C(=O)N2CCC(Cc3ccccc3)CC2,0
CC(C)NCC(O)COc1ccc(CC(=O)N)cc1,0
NS(=O)(=O)c1cc(ccc1Cl)C2(O)NC(=O)c3ccccc23,0
OCCN1CCN(CCCN2c3ccccc3Sc4ccc(Cl)cc24)CC1,0
OCC(=O)O,0
CC(=O)Nc1nnc(s1)S(=O)(=O)N,0
C[C@@H](O)[C@@H]1[C@H]2[C@@H](C)C(=C(N2C1=O)C(=O)O)S[C@@H]3CN[C@@H](C3)C(=O)N(C)C,0
CC(=C)[C@@H]1[C@H]2OC(=O)[C@@H]1[C@]3(O)C[C@H]4O[C@]45C(=O)O[C@H]2[C@]35C,0
ClC(Cl)Cl,0
CC1=C(CC(=O)O)c2cc(F)ccc2/C/1=C\c3ccc(cc3)S(=O)(=O)C,0
Oc1cc(cc(O)c1O)C(=O)Oc2cc(cc(O)c2O)C(=O)OC[C@H]3O[C@@H](OC(=O)c4cc(O)c(O)c(OC(=O)c5cc(O)c(O)c(O)c5)c4)[C@H](OC(=O)c6cc(O)c(O)c(OC(=O)c7cc(O)c(O)c(O)c7)c6)[C@@H](OC(=O)c8cc(O)c(O)c(OC(=O)c9cc(O)c(O)c(O)c9)c8)[C@@H]3OC(=O)c%10cc(O)c(O)c(OC(=O)c%11cc(O)c(O)c(O)c%11)c%10,0
CCN1C=C(C(=O)O)C(=O)c2cc(F)c(cc12)N3CCNCC3,0
CC1(C)[C@@H](N2[C@@H](CC2=O)S1(=O)=O)C(=O)O,0
Oc1ccc2C[C@H]3N(CC4CC4)CC[C@@]56[C@@H](Oc1c25)C(=O)CC[C@@]36O,0
COC1=CC=C2C(=CC1=O)[C@H](CCc3cc(OC)c(OC)c(OC)c23)NC(=O)C,0
Nc1ccc(Cc2ccc(N)cc2)cc1,0
COC1=C(OC)C(=O)C(=C(C)C1=O)CCCCCCCCCCO,0
NC1=NC(=O)C2=C(NCC(CNc3ccc(cc3)C(=O)N[C@@H](CCC(=O)O)C(=O)O)N2C=O)N1,0
CCC1C2CC3C4N(C)c5ccccc5C46CC(C2[C@H]6O)N3C1O,0
Oc1ccc(C=C(C#N)C#N)cc1O,0
CCN1CC(CCN2CCOCC2)C(C1=O)(c3ccccc3)c4ccccc4,0
CN(C)C(=O)Oc1cc(OC(=O)N(C)C)cc(c1)C(O)CNC(C)(C)C,0
FC(F)(F)c1ccccc1C(=O)N2CCC(Cc3ccccc3)CC2,0
COc1cc2nc(nc(N)c2cc1OC)N3CCN(CC3)C(=O)C4CCCO4,0
COc1cc(CNC(=O)CCCC\C=C\C(C)C)ccc1O,0
CO[C@H]1[C@@H](C[C@@H]2CN3CCc4c([nH]c5cc(OC)ccc45)[C@H]3C[C@@H]2[C@@H]1C(=O)OC)OC(=O)c6cc(OC)c(OC)c(OC)c6,0
CC[C@]12CC[C@H]3[C@@H](CCC4=CC(=O)CC[C@H]34)[C@@H]1CCC2(O)C#C,0
C[C@]12C[C@H](O)[C@H]3[C@@H](CCC4=CC(=O)C=C[C@]34C)[C@@H]1CC[C@]2(O)C(=O)CO,0
NS(=O)(=O)c1cc2c(NC(NS2(=O)=O)C(Cl)Cl)cc1Cl,0
CC(C)NCC(O)c1ccc(O)c(O)c1,0
CC(C)NC[C@H](O)COc1cccc2[nH]ccc12,0
C[C@H]1C[C@H]2[C@@H]3CCC4=CC(=O)C=C[C@]4(C)[C@@]3(F)[C@@H](O)C[C@]2(C)[C@@]1(O)C(=O)CO,0
OC[C@@H](O)[C@@H](O)[C@H](O)[C@H](O)CO,0
CN1C2CCCC1CC(C2)NC(=O)c3nn(C)c4ccccc34,0
O=C\C=C\c1ccccc1,0
CC(=O)[C@H]1[C@@H](C[C@H]2[C@@H]3CC=C4C[C@@H](O)CC[C@]4(C)[C@H]3CC[C@]12C)C#N,0
C[N+](C)(C)C[C@H](O)CC(=O)[O-],0
CC(CN1c2ccccc2Sc3ccccc13)N(C)C,0
OC1(CCN(CCCC(=O)c2ccc(F)cc2)CC1)c3ccc(Cl)cc3,0
OC(=O)Cc1ccccc1Nc2c(Cl)cccc2Cl,0
CC(C)(C)c1ccc(cc1)C(=O)CCCN2CCC(CC2)OC(c3ccccc3)c4ccccc4,1
CC[C@H](C)[C@H]1O[C@]2(CC[C@@H]1C)C[C@@H]3C[C@@H](C\C=C(/C)\[C@@H](O[C@H]4C[C@H](OC)[C@@H](O[C@H]5C[C@H](OC)[C@@H](O)[C@H](C)O5)[C@H](C)O4)[C@@H](C)\C=C\C=C\6/CO[C@@H]7[C@H](O)C(=C[C@@H](C(=O)O3)[C@]67O)C)O2.CO[C@H]8C[C@H](O[C@H]9[C@H](C)O[C@H](C[C@@H]9OC)O[C@H]%10[C@@H](C)\C=C\C=C\%11/CO[C@@H]%12[C@H](O)C(=C[C@@H](C(=O)O[C@H]%13C[C@@H](C\C=C\%10/C)O[C@@]%14(CC[C@H](C)[C@H](O%14)C(C)C)C%13)[C@]%11%12O)C)O[C@@H](C)[C@@H]8O,0
CN[C@@H]1[C@H](O)[C@H](NC)[C@H]2O[C@]3(O)[C@@H](O[C@H](C)CC3=O)O[C@@H]2[C@H]1O,0
CC#C[C@]1(O)CC[C@H]2[C@@H]3CCC4=CC(=O)CCC4=C3[C@H](C[C@]12C)c5ccc(cc5)N(C)C,0
CC1=CN([C@@H]2O[C@H](CO)C=C2)C(=O)NC1=O,0
COc1c2OC(=O)C=Cc2cc3ccoc13,0
CCS(=O)(=O)CCn1c(C)ncc1[N+](=O)[O-],0
Cc1ccc(Cl)c(Nc2ccccc2C(=O)O)c1Cl,0
Cc1ccc(cc1)S(=O)(=O)NC(=O)NN2CCCCCC2,0
Fc1ccc(cc1)[C@@H]2CCNC[C@H]2COc3ccc4OCOc4c3,0
CN1C(=C(O)c2ccccc2S1(=O)=O)C(=O)Nc3ccccn3,0
OC[C@H]1O[C@@H]2O[C@H]3[C@H](O)[C@@H](O)[C@H](O[C@@H]3CO)O[C@H]4[C@H](O)[C@@H](O)[C@H](O[C@@H]4CO)O[C@H]5[C@H](O)[C@@H](O)[C@H](O[C@@H]5CO)O[C@H]6[C@H](O)[C@@H](O)[C@H](O[C@@H]6CO)O[C@H]7[C@H](O)[C@@H](O)[C@H](O[C@@H]7CO)O[C@H]1[C@H](O)[C@H]2O,0
CC[C@]1(O)C[C@H]2CN(CCc3c([nH]c4ccccc34)[C@@](C2)(C(=O)OC)c5cc6c(cc5OC)N(C)[C@H]7[C@](O)([C@H](O)[C@]8(CC)C=CCN9CC[C@]67[C@H]89)C(=O)N)C1,0
OC(=O)C1=CN(C2CC2)c3cc(N4CCNCC4)c(F)cc3C1=O,0
COc1ccc(cc1)[C@@H]2Sc3ccccc3N(CCN(C)C)C(=O)[C@@H]2OC(=O)C,0
OC(=O)c1cccnc1,0
CC(C)(Oc1ccc(CCNC(=O)c2ccc(Cl)cc2)cc1)C(=O)O,0
Clc1cccc(c1)N2CCN(CCCN3N=C4C=CC=CN4C3=O)CC2,0
CO[C@H]1C[C@@H](O[C@H]2C[C@@H](O[C@H]2[C@]3(C)CC[C@@H](O3)[C@]4(C)CC[C@]5(C[C@H](O)[C@@H](C)[C@H](O5)[C@@H](C)[C@@H]6O[C@](O)(CC(=O)O)[C@@H](C)[C@H](OC)[C@H]6OC)O4)[C@H]7O[C@](C)(O)[C@H](C)C[C@@H]7C)O[C@@H](C)[C@@H]1OC,0
CCCCNc1ccc(cc1)C(=O)OCCN(C)C,0
CC(=O)O[C@]1(CC[C@H]2[C@@H]3CCC4=CC(=O)CC[C@@H]4[C@H]3CC[C@]12C)C#C,0
C[C@]12CC(=O)[C@H]3[C@@H](CCC4=CC(=O)C=C[C@]34C)[C@@H]1CC[C@]2(O)C(=O)CO,0
COCCOC(=O)C1=C(C)NC(=C(C1c2cccc(c2)[N+](=O)[O-])C(=O)OC(C)C)C,0
N(c1ccccc1)c2ccc(Nc3ccccc3)cc2,0
COc1c(N2CCNC(C)C2)c(F)cc3C(=O)C(=CN(C4CC4)c13)C(=O)O,0
CCOC(=O)[C@H](CCc1ccccc1)N[C@H]2CCc3ccccc3N(CC(=O)O)C2=O,0
CCN(C(=O)\C=C\C)c1ccccc1C,0
CC(C)c1cccc(C(C)C)c1O,0
CN(Cc1ccc(cc1)C(C)(C)C)Cc2cccc3ccccc23,0
Oc1cccc2cccnc12,0
C\C(=C/C=C/C(=C/C(=O)O)/C)\C=C\C1=C(C)CCCC1(C)C,0
CCCCC1=NC2(CCCC2)C(=O)N1Cc3ccc(cc3)c4ccccc4c5nn[nH]n5,0
CC[C@H]1CN2CCc3cc(OC)c(OC)cc3[C@@H]2C[C@@H]1C[C@H]4NCCc5cc(OC)c(OC)cc45,0
Oc1ccccc1O,1
CC(=O)[C@H]1CC[C@H]2[C@@H]3CCC4=CC(=O)CC[C@]4(C)[C@H]3CC[C@]12C,0
CNC[C@H](O)c1ccc(O)c(O)c1,0
Cc1c(OCC(F)(F)F)ccnc1C[S+]([O-])c2nc3ccccc3[nH]2,0
CC1=C(Oc2c(cccc2C1=O)C(=O)OCCN3CCCCC3)c4ccccc4,0
CC(N(O)C(=O)N)c1cc2ccccc2s1,0
[Br-].C[N+]1(C)[C@H]2C[C@@H](C[C@H]1[C@H]3O[C@@H]23)OC(=O)[C@H](CO)c4ccccc4,0
CC(C)CCC[C@@H](C)[C@H]1CC[C@H]2\C(=C\C=C/3\C[C@@H](O)CCC3=C)\CCC[C@]12C,0
CNS(=O)(=O)Cc1ccc2[nH]cc(CCN(C)C)c2c1,0
CC[C@H](C)C(=O)O[C@H]1CCC=C2C=C[C@H](C)[C@H](CC[C@@H]3C[C@@H](O)CC(=O)O3)[C@@H]12,0
COc1ccc(Cc2nccc3cc(OC)c(OC)cc23)cc1OC,0
[Cl-].C[N+](C)(C)CCO,0
CC1(C)S[C@@H]2[C@H](NC(=O)Cc3ccccc3)C(=O)N2[C@H]1C(=O)O,0
C[C@H]1C[C@@H]2[C@H](CC[C@@]3(C)[C@H]2CC[C@]3(O)C(=O)C)[C@@]4(C)CCC(=O)C=C14,0
Nc1nc(O)c2ncn(COCCO)c2n1,0
CN1C[C@@H](C=C2[C@H]1Cc3c[nH]c4cccc2c34)C(=O)N[C@]5(C)O[C@@]6(O)[C@@H]7CCCN7C(=O)[C@H](Cc8ccccc8)N6C5=O,0
CC[C@H](C)C(=O)O[C@H]1C[C@@H](C)C=C2C=C[C@H](C)[C@H](CC[C@@H]3C[C@@H](O)CC(=O)O3)[C@@H]12,0
OC(=O)CCCc1ccc(cc1)N(CCCl)CCCl,0
OC[C@H]1O[C@H](C[C@@H]1O)N2C=C(F)C(=O)NC2=O,0
C[C@]1(Cn2ccnn2)[C@@H](N3[C@@H](CC3=O)S1(=O)=O)C(=O)O,0
C[C@@H](N)[C@@H]1CC[C@H](CC1)C(=O)Nc2ccncc2,0
[Br-].CC(O)[C@H](NC(=O)[C@@H](C)[C@@H](O)[C@@H](C)NC(=O)[C@@H](NC(=O)c1cc(N)nc(n1)C(CC(=O)N)NCC(N)C(=O)N)C(O[C@@H]2O[C@@H](CO)[C@@H](O)[C@H](O)[C@@H]2O[C@H]3O[C@H](CO)[C@@H](O)[C@H](OC(=O)N)[C@@H]3O)c4c[nH]cn4)C(=O)NCCc5nc(cs5)c6nc(cs6)C(=O)NCCC[S+](C)C,0
[O-][N+](=O)c1ccc2NC(=O)CN=C(c3ccccc3Cl)c2c1,0
Cc1cc(c(O)c(C)c1CC2=NCCN2)C(C)(C)C,0
CN1CCN(CC1)c2c(F)cc3C(=O)C(=CN(CCF)c3c2F)C(=O)O,0
ClC(Cl)C(c1ccc(Cl)cc1)c2ccccc2Cl,0
CC(C)(C(=O)c1cccnc1)c2cccnc2,0
CN(C)CC[C@@H](c1ccc(Cl)cc1)c2ccccn2,0
CN(CCOc1ccc(C[C@H](Nc2ccccc2C(=O)c3ccccc3)C(=O)O)cc1)c4ccccn4,1
OCCNCCNc1ccc(NCCNCCO)c2C(=O)c3c(O)ccc(O)c3C(=O)c12,1
CC(C)Oc1ccc2C(=O)C(=COc2c1)c3ccccc3,0
CCCCCC[C@@H]1[C@@H](OC(=O)CC(C)C)[C@H](C)OC(=O)[C@@H](NC(=O)c2cccc(NC=O)c2O)[C@@H](C)OC1=O,0
CN1CCC[C@H]1c2cccnc2,0
OC[C@H]1O[C@@H](OC[C@H]2O[C@@H](O[C@@H](C#N)c3ccccc3)[C@H](O)[C@@H](O)[C@@H]2O)[C@H](O)[C@@H](O)[C@@H]1O,0
C[C@@H]1C[C@H]2[C@@H]3CCC4=CC(=O)C=C[C@]4(C)C3=CC[C@]2(C)[C@H]1C(=O)CN5CCN(CC5)c6cc(nc(n6)N7CCCC7)N8CCCC8,1
CC(C)(C)NCC(O)c1ccc(O)c(CO)c1,0
CC1(C)[C@H](CC[C@@]2(C)[C@H]1CC[C@]3(C)[C@@H]2C(=O)C=C4[C@@H]5C[C@](C)(CC[C@]5(C)CC[C@@]34C)C(=O)O)O[C@H]6O[C@@H]([C@@H](O)[C@H](O)[C@H]6O[C@@H]7O[C@@H]([C@@H](O)[C@H](O)[C@H]7O)C(=O)O)C(=O)O,0
Nc1nnc(c(N)n1)c2cccc(Cl)c2Cl,0
CN(C)CCCC1(OCc2cc(ccc12)C#N)c3ccc(F)cc3,0
Nc1ccc(cc1)S(=O)(=O)Nc2nccs2,0
C[C@]1(O)CC[C@H]2[C@@H]3CC[C@H]4CC(=O)\C(=C/O)\C[C@]4(C)[C@H]3CC[C@]12C,0
CC(C)C(Br)C(=O)NC(=O)N,0
CCCNC(C)C(=O)Nc1ccccc1C,0
CC(=O)N1CCN(CC1)c2ccc(OCC3COC(Cn4ccnc4)(O3)c5ccc(Cl)cc5Cl)cc2,0
CC(=O)N[C@H]1[C@@H](O)[C@H](O)[C@H](CO)O[C@H]1O[C@H]2[C@@H]3NC(=O)[C@H](NC(=O)[C@@H]4NC(=O)[C@H]5NC(=O)[C@@H](Cc6ccc(Oc7cc4cc(Oc8ccc2cc8Cl)c7O[C@@H]9O[C@@H](CO)[C@@H](O)[C@H](O)[C@@H]9NC(=O)C)c(Cl)c6)NC(=O)[C@H](N)c%10ccc(O)c(Oc%11cc(O)cc5c%11)c%10)c%12ccc(O)c(c%12)c%13c(O[C@H]%14O[C@H](CO)[C@@H](O)[C@@H](O)[C@@H]%14O)cc(O)cc%13[C@H](NC3=O)C(=O)O,0
[Cl-].[Cl-].C[N+](C)(C)CCOC(=O)CCC(=O)OCC[N+](C)(C)C,0
CC(C)(C)c1ccc(cc1)C(O)CCCN2CCC(CC2)C(O)(c3ccccc3)c4ccccc4,1
CCCC1=CC(=O)NC(=S)N1,0
C[C@@H]1CC[C@@]2(OC1)O[C@H]3[C@@H](O)[C@H]4[C@@H]5CC[C@H]6C[C@@H](O[C@@H]7O[C@H](CO)[C@H](O[C@@H]8O[C@H](CO)C(O)[C@H](O[C@@H]9OC[C@@H](O)[C@H](O)[C@H]9O)[C@H]8O[C@@H]%10O[C@H](CO)[C@H](O)[C@H](O[C@@H]%11O[C@H](CO)[C@@H](O)[C@H](O)[C@H]%11O)[C@H]%10O)[C@H](O)[C@H]7O)[C@H](O)C[C@]6(C)[C@H]5CC[C@]4(C)[C@H]3[C@@H]2C,0
OC[C@H](O)[C@H]1OC(=O)C(=C1O)O,0
CN1C=CNC1=S,0
Oc1c(Cl)cc(Cl)cc1Sc2cc(Cl)cc(Cl)c2O,1
Nc1nc(N)c2nc(c(N)nc2n1)c3ccccc3,0
CC(C)(S)[C@@H](N)C(=O)O,0
CCO,0
CC(C)(C)NCC(O)COc1cccc2C[C@@H](O)[C@@H](O)Cc12,0
COc1c(C)c2COC(=O)c2c(O)c1C\C=C(/C)\CCC(=O)O,0
OC(Cn1cncn1)(Cn2cncn2)c3ccc(F)cc3F,0
OC[C@H]1O[C@H](C[C@@H]1O)N2C=C(I)C(=O)NC2=O,0
COC(=O)Nc1nc2ccc(cc2[nH]1)C(=O)c3cccs3,0
CC(O)Cn1c(C)ncc1[N+](=O)[O-],0
CC(C)[C@@]1(NC(=O)[C@@H]2C[C@H]3[C@@H](Cc4c[nH]c5cccc3c45)N(C)C2)O[C@@]6(O)[C@@H]7CCCN7C(=O)[C@H](Cc8ccccc8)N6C1=O.CS(=O)(=O)O,0
O=C1CC[C@@H](N2C(=O)c3ccccc3C2=O)C(=O)N1,0
O=C1CC2(CCCC2)CC(=O)N1CCCCN3CCN(CC3)c4ncccn4,0
C[C@](N)(Cc1ccc(O)c(O)c1)C(=O)O,1
Nc1nc(O)c2ncn(COC(CO)CO)c2n1,0
CCOC(=O)N,0
Nc1ccc(cc1)S(=O)(=O)Nc2ncccn2,0
CCOC(=O)OC(C)OC1=C(N(C)S(=O)(=O)c2ccccc12)C(=O)Nc3ccccn3,0
CC(C)C[C@@H]1N2C(=O)[C@](NC(=O)[C@H]3CN(C)[C@@H]4Cc5c(Br)[nH]c6cccc(C4=C3)c56)(O[C@@]2(O)[C@@H]7CCCN7C1=O)C(C)C,0
C[C@@H]1O[C@@H](O[C@H]2C[C@@H](O)[C@]3(CO)[C@H]4[C@H](O)C[C@]5(C)[C@H](CC[C@]5(O)[C@@H]4CC[C@]3(O)C2)C6=CC(=O)OC6)[C@H](O)[C@H](O)[C@H]1O,0
Nc1nc2ccc(OC(F)(F)F)cc2s1,0
CC(=O)O[C@@]1(CC[C@H]2[C@@H]3C=C(Cl)C4=CC(=O)[C@@H]5C[C@@H]5[C@]4(C)[C@H]3CC[C@]12C)C(=O)C,0
CN1CCCC(CN2c3ccccc3Sc4ccccc24)C1,0
Brc1ccccc1,0
COC1CN(CCCOc2ccc(F)cc2)CCC1NC(=O)c3cc(Cl)c(N)cc3OC,0
CC1CC(CC(C)(C)C1)OC(=O)C(O)c2ccccc2,0
N.CO[C@H]1C[C@@H](O[C@H]2C[C@@H](O[C@H]2[C@]3(C)CC[C@@H](O3)[C@]4(C)CC[C@]5(C[C@H](O)[C@@H](C)[C@H](O5)[C@@H](C)[C@@H]6O[C@](O)(CC(=O)O)[C@@H](C)[C@H](OC)[C@H]6OC)O4)[C@H]7O[C@](C)(O)[C@H](C)C[C@@H]7C)O[C@@H](C)[C@@H]1OC,0
COc1cc(cc(OC)c1OC)C(=O)NC2CCCNC2,0
C[C@H]1C[C@H](C)C(=O)[C@@H](C1)[C@H](O)CC2CC(=O)NC(=O)C2,0
CCC1(CCC(=O)NC1=O)c2ccc(N)cc2,0
NNc1ccccc1,0
CN[C@H]1[C@H](O)[C@@H](O)[C@H](CO)O[C@H]1O[C@H]2[C@H](O[C@H]3[C@H](O)[C@@H](O)[C@H](N=C(N)N)[C@@H](O)[C@@H]3N=C(N)N)O[C@@H](C)[C@]2(O)C=O,0
O.O.O.CC(=O)O[C@@]12CO[C@@H]1C[C@H](O)[C@]3(C)[C@@H]2[C@H](OC(=O)c4ccccc4)[C@]5(O)C[C@H](OC(=O)[C@H](O)[C@@H](NC(=O)OC(C)(C)C)c6ccccc6)C(=C([C@@H](O)C3=O)C5(C)C)C,0
C[C@@H]1[C@H]2[C@H](O)[C@H]3[C@H](N(C)C)C(=C(C(=O)N)C(=O)[C@@]3(O)C(=C2C(=O)c4c(O)cccc14)O)O,0
Cc1onc(c2ccccc2)c1c3ccc(cc3)S(=O)(=O)N,0
CCCSc1ccc2nc(NC(=O)OC)[nH]c2c1,0
C[C@]12C[C@H](O)[C@@]3(F)[C@@H](CCC4=CC(=O)C=C[C@]34C)[C@@H]1C[C@@H](O)[C@]2(O)C(=O)CO,0
Nc1nc(N)c2nc(CNc3ccc(cc3)C(=O)N[C@@H](CCC(=O)O)C(=O)O)cnc2n1,0
[Br-].CN(C)C(=O)Oc1cccc(c1)[N+](C)(C)C,0
[Cl-].CN(C)c1ccc(cc1)C(=C2C=CC(=[N+](C)C)C=C2)c3ccc(cc3)N(C)C,1
CC1=NN(C(=O)C1)c2ccccc2,0
C[C@]12CC[C@H]3[C@@H](CCC4=CC(=O)CC[C@H]34)[C@@H]1CC[C@@H]2O,0
CC1(C)[C@H]2CC[C@]1(C)C(=O)C2,0
CC(C)[C@H]1NC(=O)[C@@H](NC(=O)C2=C(N)C(=O)C(=C3Oc4c(C)ccc(C(=O)N[C@H]5[C@@H](C)OC(=O)[C@H](C(C)C)N(C)C(=O)CN(C)C(=O)[C@@H]6CCCN6C(=O)[C@H](NC5=O)C(C)C)c4N=C23)C)[C@@H](C)OC(=O)[C@H](C(C)C)N(C)C(=O)CN(C)C(=O)[C@@H]7CCCN7C1=O,0
Nc1nc(N)nc(NC2CC2)n1,0
FC1=CNC(=O)NC1=O,0
NC(=O)C1CCN(CCCN2c3ccccc3Sc4ccc(Cl)cc24)CC1,0
CSc1ccc2Sc3ccccc3N(CCC4CCCCN4C)c2c1,1
[O-2].[Cu+2],0
NC(=O)N1c2ccccc2C=Cc3ccccc13,0
CC(NC(C)(C)C)C(=O)c1cccc(Cl)c1,0
CCCCOc1cc(CC2CNC(=O)N2)ccc1OC,0
Oc1c(Cl)cc(Cl)cc1C(=O)Nc2ccc(Cl)c(Cl)c2,0
CC[C@H](C)[C@H]1O[C@@]2(C[C@@H]3C[C@@H](C\C=C(/C)\[C@@H](O[C@H]4C[C@H](OC)[C@@H](O[C@H]5C[C@H](OC)[C@@H](O)[C@H](C)O5)[C@H](C)O4)[C@@H](C)\C=C\C=C\6/CO[C@@H]7[C@H](O)C(=C[C@@H](C(=O)O3)[C@]67O)C)O2)C=C[C@@H]1C.CO[C@H]8C[C@H](O[C@H]9[C@H](C)O[C@H](C[C@@H]9OC)O[C@H]%10[C@@H](C)\C=C\C=C\%11/CO[C@@H]%12[C@H](O)C(=C[C@@H](C(=O)O[C@H]%13C[C@@H](C\C=C\%10/C)O[C@@]%14(C%13)O[C@H](C(C)C)[C@@H](C)C=C%14)[C@]%11%12O)C)O[C@@H](C)[C@@H]8O,0
CCCC(=O)Nc1ccc(OCC(O)CNC(C)C)c(c1)C(=O)C,0
NCC(CC(=O)O)c1ccc(Cl)cc1,0
CN(C)CCOC(c1ccccc1)c2ccccc2.CN3C(=O)N(C)c4nc(Cl)[nH]c4C3=O,0
OC(=O)CCCc1cccs1,0
ClCC(Cl)Cl,0
CSc1ccc(\C=C/2\C(=C(CC(=O)O)c3cc(F)ccc23)C)cc1,1
CN(C)CCOC(c1ccccc1)c2ccccc2,0
C[C@H]1OC=C2C(=C(C(=O)O)C(=O)C(=C2[C@@H]1C)C)O,0
Clc1cc(Cl)c(OCC#CI)cc1Cl,0
CCCCN1CCCC[C@H]1C(=O)Nc2c(C)cccc2C,0
CCN(CC)CC#CCOC(=O)C(O)(C1CCCCC1)c2ccccc2,0
NC(=Nc1nc(CSCC\C(=N\S(=O)(=O)N)\N)cs1)N,0
Nc1c(Br)cc(Br)cc1CN[C@@H]2CC[C@@H](O)CC2,0
Sc1ncnc2nc[nH]c12,0
C[C@]12Cc3cnoc3C=C1CC[C@@H]4[C@@H]2CC[C@@]5(C)[C@H]4CC[C@@]5(O)C#C,0
Cc1cn[nH]c1,0
CCc1ccc(cc1)C(=O)C(C)CN2CCCCC2,0
FC1=CN(C2CCCO2)C(=O)NC1=O,0
Cc1cc(C(C#N)c2ccc(Cl)cc2)c(Cl)cc1NC(=O)c3cc(I)cc(I)c3O,1
Cc1c(C)c2OC(C)(CN3CCN(CC3)c4cc(nc(n4)N5CCCC5)N6CCCC6)CCc2c(C)c1O,0
Oc1cccc(O)c1O,1
CO[C@]12[C@H]3N[C@H]3CN1C4=C([C@H]2COC(=O)N)C(=O)C(=C(C)C4=O)N,0
NC(=N)NC(=O)c1nc(Cl)c(N)nc1N,0
COP(=O)(OC)OC=C(Cl)Cl,0
CC[C@H](C)[C@@H](CO[C@@H](Cc1ccccc1)C(=O)N[C@@H](CCS(=O)(=O)C)C(=O)OC(C)C)NC[C@@H](N)CS,1
N[C@@H](Cc1ccc(F)cc1)C(=O)O,0
CC1=NS(=O)(=O)c2cc(Cl)ccc2N1,0
CCOC(=O)c1ccc(N)cc1,0
OC(Cc1cccnc1)(P(=O)(O)O)P(=O)(O)O,0
C[C@@H]1C\C=C\C=C\C=C\C=C\[C@@H](C[C@@H]2O[C@](O)(C[C@@H](O)C[C@H]3O[C@@H]3\C=C\C(=O)O1)C[C@H](O)[C@H]2C(=O)O)O[C@@H]4O[C@H](C)[C@@H](O)[C@H](N)[C@@H]4O,0
CC[C@H]1OC(=O)[C@H](C)[C@@H](O[C@H]2C[C@@](C)(OC)[C@@H](O)[C@H](C)O2)[C@H](C)[C@@H](O[C@@H]3O[C@H](C)C[C@@H]([C@H]3O)N(C)C)[C@](C)(O)C[C@@H](C)C(=O)[C@H](C)[C@@H](O)[C@]1(C)O,0
CCC[C@@H]1C[C@H](N(C)C1)C(=O)N[C@H]([C@@H](C)O)[C@H]2O[C@H](SC)[C@H](O)[C@@H](O)[C@H]2O,0
O.O.O.O.O.O.[Cl-].[Cl-].[Sr+2],0
CNCCCN1c2ccccc2CCc3ccccc13,0
NC12CC3CC(CC(C3)C1)C2,0
CC(C)C[C@@H]1N2C(=O)[C@](NC(=O)[C@H]3CN(C)[C@@H]4Cc5c[nH]c6cccc(C4=C3)c56)(O[C@@]2(O)[C@@H]7CCCN7C1=O)C(C)C,0
COc1ccc2[C@H](OC(=O)c2c1OC)[C@@H]3N(C)CCc4cc5OCOc5c(OC)c34,0
O.C[C@@](Cc1ccc(O)c(O)c1)(NN)C(=O)O,0
CCCC(CCC)C(=O)O,0
CN1CCC[C@@H]1CCO[C@](C)(c2ccccc2)c3ccc(Cl)cc3,0
NCC[C@H](O)C(=O)N[C@@H]1C[C@H](N)[C@@H](O[C@H]2O[C@H](CN)[C@@H](O)[C@H](O)[C@H]2O)[C@H](O)[C@H]1O[C@H]3O[C@H](CO)[C@@H](O)[C@H](N)[C@H]3O,0
Clc1ccc(cc1)C(=O)NCCN2CCOCC2,0
OC[C@H]1O[C@@H]2O[C@H]3[C@H](O)[C@@H](O)[C@H](O[C@@H]3CO)O[C@H]4[C@H](O)[C@@H](O)[C@H](O[C@@H]4CO)O[C@H]5[C@H](O)[C@@H](O)[C@H](O[C@@H]5CO)O[C@H]6[C@H](O)[C@@H](O)[C@H](O[C@@H]6CO)O[C@H]7[C@H](O)[C@@H](O)[C@H](O[C@@H]7CO)O[C@H]8[C@H](O)[C@@H](O)[C@H](O[C@@H]8CO)O[C@H]1[C@H](O)[C@H]2O,0
COc1ccc2[nH]cc(CCNC(=O)C)c2c1,0
COC(=O)CCc1ccc(OCC(O)CNC(C)C)cc1,0
[Br-].CC[N+]1(CCOC(=O)C(O)(c2ccccc2)c3ccccc3)CCCCC1,0
Nc1ccc(cc1)S(=O)(=O)Nc2ccnn2c3ccccc3,0
O=C1Nc2ccccc2c3ccccc13,0
CC1(C)O[C@@H]2C[C@H]3[C@@H]4C[C@H](F)C5=CC(=O)CC[C@]5(C)[C@H]4[C@@H](O)C[C@]3(C)[C@@]2(O1)C(=O)CO,0
CC1CCC(CC1)NC(=O)N(CCCl)N=O,0
CCN(CC)CCOC(=O)c1ccc(N)cc1,0
Nc1c(CC(=O)O)cccc1C(=O)c2ccc(Br)cc2,0
CNC(=O)Oc1ccc2N(C)[C@H]3N(C)CC[C@@]3(C)c2c1,0
CC(C)(O)c1ccccc1CC[C@@H](SCC2(CC(=O)O)CC2)c3cccc(\C=C\c4ccc5ccc(Cl)cc5n4)c3,1
[Na+].[O-][As]=O,0
C[C@H](CCC(=O)O)[C@H]1CC[C@H]2[C@@H]3[C@H](O)C[C@@H]4C[C@H](O)CC[C@]4(C)[C@H]3C[C@H](O)[C@]12C,0
CNNCc1ccc(cc1)C(=O)NC(C)C,0
C[C@@H]1CN(C[C@H](C)N1)c2c(F)c(N)c3C(=O)C(=CN(C4CC4)c3c2F)C(=O)O,0
[O-][N+](=O)c1oc(\C=N\N2CC(=O)NC2=O)cc1,0
CN(C)CCC=C1c2ccccc2COc3ccccc13,0
CC(C)NNC(=O)c1ccncc1,0
CC(C)NC[C@@H](O)COc1cccc2ccccc12,0
Nc1nc(F)nc2c1ncn2[C@@H]3O[C@H](CO)[C@@H](O)[C@@H]3O,0
O=C1C(C(=O)c2ccccc12)c3ccccc3,0
C[S+]([O-])c1ccc(\C=C/2\C(=C(CC(=O)O)c3cc(F)ccc23)C)cc1,0
CN1C(=O)CN=C(c2ccccc2)c3cc(ccc13)[N+](=O)[O-],0
Clc1ccc2N(C3CCN(CCCN4C(=O)Nc5ccccc45)CC3)C(=O)Nc2c1,0
CC1(C)S[C@@H]2[C@H](NC(=O)[C@H](N)c3ccc(O)cc3)C(=O)N2[C@H]1C(=O)O,0
CC(C)(C(=O)O)c1ccc(cc1)C(O)CCCN2CCC(CC2)C(O)(c3ccccc3)c4ccccc4,0
CC(=O)O[C@@]1(CC[C@H]2[C@@H]3C=C(C)C4=CC(=O)CC[C@]4(C)[C@H]3CC[C@]12C)C(=O)C,0
O=C1N=CN=C2NNC=C12,0
COc1cccc2C(=O)c3c(O)c4C[C@](O)(C[C@H](O[C@H]5C[C@H](N)[C@H](O)[C@H](C)O5)c4c(O)c3C(=O)c12)C(=O)CO,0
CC12CCC(CC1)C(C)(C)O2,0
CC(C)CN(C[C@@H](O)[C@H](Cc1ccccc1)NC(=O)O[C@H]2CCOC2)S(=O)(=O)c3ccc(N)cc3,0
C\C\1=C/CC[C@@]2(C)O[C@H]2[C@H]3OC(=O)C(=C)[C@@H]3CC1,0
OCCN(CCO)c1nc(N2CCCCC2)c3nc(nc(N4CCCCC4)c3n1)N(CCO)CCO,0
CC(C)Cc1ccc(cc1)C(C)C(=O)O,0
CN1C(=O)N(C)c2nc[nH]c2C1=O.CN3C(=O)N(C)c4nc[nH]c4C3=O.NCCN,0
Cc1ccccc1N2CCN(CCc3nnc4CCCCn34)CC2,0
COc1ccc2cc(ccc2c1)[C@H](C)C(=O)O,0
O=C1CCC(N2C(=O)c3ccccc3C2=O)C(=O)N1,0
OCc1ccccc1,0
CN1CCN(CC1)C(c2ccccc2)c3ccccc3,0
NC(=O)CN1CCCC1=O,0
CN1[C@@H]2CC[C@H]1C[C@H](C2)OC(c3ccccc3)c4ccccc4,0
CC1(C)S[C@@H]2[C@H](NC(=O)[C@H](NC(=O)N3CCNC3=O)c4ccccc4)C(=O)N2[C@H]1C(=O)O,0
CN(C)CCN(Cc1cccs1)c2ccccn2,0
CCOc1cc(N)c(Cl)cc1C(=O)NCC2CN(Cc3ccc(F)cc3)CCO2,0
CC1CN(CCN1)c2cc3N(C=C(C(=O)O)C(=O)c3cc2F)c4ccc(F)cc4F,0
Clc1ccc(CSC(Cn2ccnc2)c3ccc(Cl)cc3Cl)cc1,0
CCCNC(=O)NS(=O)(=O)c1ccc(Cl)cc1,0
CCC(C)CCCC(=O)N[C@@H](CCN)C(=O)N[C@@H]([C@@H](C)O)C(=O)N[C@@H](CCN)C(=O)N[C@H]1CCNC(=O)[C@@H](NC(=O)[C@H](CCN)NC(=O)[C@H](CCN)NC(=O)[C@H](CC(C)C)NC(=O)[C@@H](CC(C)C)NC(=O)[C@H](CCN)NC1=O)[C@H](C)O,1
CC1=CN([C@H]2C[C@H](N=[N+]=[N-])[C@@H](CO)O2)C(=O)NC1=O,0
CC(=O)O[C@@]1(CC[C@H]2[C@@H]3C=C(Cl)C4=CC(=O)CC[C@]4(C)[C@H]3CC[C@]12C)C(=O)C,0
CC(=O)OC[C@H]1O[C@H]([C@H](OC(=O)C)[C@@H]1OC(=O)C)N2N=CC(=O)NC2=O,0
CN(N=O)C(=O)N[C@H]1C(O)O[C@H](CO)[C@@H](O)[C@@H]1O,0
CN(C)CCC=C1c2ccccc2CCc3ccccc13,0
C[C@@]12[C@H]3CC[C@H](O3)[C@]1(C)C(=O)OC2=O,0
CC(C)c1c(C(=O)Nc2ccccc2)c(c3ccccc3)c(c4ccc(F)cc4)n1CC[C@@H](O)C[C@@H](O)CC(=O)O,0
COC(=O)Nc1nc2ccc(Sc3ccccc3)cc2[nH]1,0
Cc1oncc1C(=O)Nc2ccc(cc2)C(F)(F)F,0
CC(=O)Nc1ccc(O)cc1,0
NC(=O)NO,0
COc1ccc2[nH]c(nc2c1)[S+]([O-])Cc3ncc(C)c(OC)c3C,0
CCCCc1nc(Cl)c(CO)n1Cc2ccc(cc2)c3ccccc3c4nnn[nH]4,0
COCc1c(nc(C(C)C)c(\C=C\[C@@H](O)C[C@@H](O)CC(=O)O)c1c2ccc(F)cc2)C(C)C,0
CC1=C(CCN2CCC(CC2)c3noc4cc(F)ccc34)C(=O)N5CCCCC5=N1,0
Cc1onc(c2ccccc2Cl)c1C(=O)N[C@H]3[C@H]4SC(C)(C)[C@@H](N4C3=O)C(=O)O,0
CC[C@@H](CO)NC(=O)[C@H]1CN(C)[C@@H]2Cc3cn(C)c4cccc(C2=C1)c34,0
C[C@H]1[C@H](NC(=O)\C(=N/OC(C)(C)C(=O)O)\c2csc(N)n2)C(=O)N1S(=O)(=O)O,0
OC(=O)CCNC(=O)c1ccccc1,0
CCN1CCN(C(=O)N[C@@H](C(=O)N[C@H]2[C@H]3SC(C)(C)[C@@H](N3C2=O)C(=O)O)c4ccccc4)C(=O)C1=O,0
CN[C@H](CC(C)C)C(=O)N[C@@H]1[C@H](O)c2ccc(Oc3cc4cc(Oc5ccc(cc5Cl)[C@@H](O)[C@@H]6NC(=O)[C@H](NC(=O)[C@@H]4NC(=O)[C@H](CC(=O)N)NC1=O)c7ccc(O)c(c7)c8c(O)cc(O)cc8[C@H](NC6=O)C(=O)O)c3O[C@@H]9O[C@H](CO)[C@@H](O)[C@H](O)[C@H]9O[C@H]%10C[C@](C)(N)[C@H](O)[C@H](C)O%10)c(Cl)c2,0
C[C@H]1C[C@H]2[C@@H]3C[C@H](F)C4=CC(=O)C=C[C@]4(C)[C@@]3(F)[C@@H](O)C[C@]2(C)[C@@]1(OC(=O)C)C(=O)COC(=O)C,0
NNC(=O)c1ccncc1,0
CCCCC1C(=O)N(N(C1=O)c2ccccc2)c3ccccc3,0
CO[C@H]1\C=C\O[C@@]2(C)Oc3c(C)c(O)c4c(O)c(NC(=O)\C(=C/C=C/[C@H](C)[C@H](O)[C@@H](C)[C@@H](O)[C@@H](C)[C@H](OC(=O)C)[C@@H]1C)\C)c(\C=N\N5CCN(C)CC5)c(O)c4c3C2=O,0
NCCCC(O)(P(=O)(O)O)P(=O)(O)O,0
OCCO,0
NS(=O)(=O)c1cc(C(=O)O)c(NCc2occc2)cc1Cl,0
N[C@H](CSC(=S)NCc1ccccc1)C(=O)O,0
COc1cc(NC(C)CCCN)c2ncccc2c1,0
CC(CN1CCCCC1)C(=O)c2ccc(C)cc2,0
CCC1(C(=O)NCNC1=O)c2ccccc2,0
ClC(Cl)(Cl)Cl,0
CC(C)[C@H](N)C(=O)OCCOCn1cnc2C(=O)N=C(N)Nc12,0
CC[C@H](C)[C@H](N)C1=N[C@@H](CS1)C(=O)N[C@@H](CC(C)C)C(=O)N[C@H](CCC(=O)O)C(=O)N[C@@H]([C@@H](C)CC)C(=O)N[C@H]2CCCCNC(=O)[C@H](CC(=O)N)NC(=O)[C@@H](CC(=O)O)NC(=O)[C@H](Cc3cnc[nH]3)NC(=O)[C@@H](Cc4ccccc4)NC(=O)[C@@H](NC(=O)[C@@H](CCCN)NC2=O)[C@@H](C)CC,1
C[C@H]1C[C@@H]2[C@H](CC[C@@]3(C)[C@H]2CC[C@]3(OC(=O)C)C(=O)C)[C@@]4(C)CCC(=O)C=C14,0
CN(C\C=C\C#CC(C)(C)C)Cc1cccc2ccccc12,0
C[C@@H]1OC(=O)C[C@H](O)C[C@H](O)C[C@H](O)CC[C@@H](O)[C@H](O)C[C@]2(O)C[C@H](O)[C@H]([C@H](C[C@@H](O[C@H]3O[C@@H](C)[C@H](O)[C@@H](N)[C@H]3O)\C=C\C=C\C=C\C=C\CC\C=C\C=C\[C@H](C)[C@@H](O)[C@H]1C)O2)C(=O)O,0
NC1=NC(=O)N(C=C1)[C@@H]2CS[C@H](CO)O2,0
NC(=O)c1cccnc1,0
COc1ccc2[C@H]3CC[C@@]4(C)[C@@H](CC[C@@]4(O)C#C)[C@@H]3CCc2c1,0
OC(=O)Cc1ccc(cc1)c2ccccc2,0
COC1=CC(=O)C[C@@H](C)[C@]12Oc3c(Cl)c(OC)cc(OC)c3C2=O,0
CN([C@H]1CC[C@@]2(CCCO2)C[C@@H]1N3CCCC3)C(=O)Cc4ccc(Cl)c(Cl)c4,0
CN(C)C=O,0
[Na+].[O-]S(=O)(=O)CCS,0
CCC(=C)C(=O)c1ccc(OCC(=O)O)c(Cl)c1Cl,0
OC(=O)c1ccccc1OC(=O)c2ccccc2O,0
[Cl-].[Cl-].[Mn+2],0
CN1N(C(=O)C=C1C)c2ccccc2,0
CCCOc1ccccc1C2=Nc3nn[nH]c3C(=O)N2,0
CC(C(=O)O)c1cccc(Oc2ccccc2)c1,0
C[C@H]1C[C@H]2[C@@H]3CCC4=CC(=O)C=C[C@]4(C)[C@@]3(F)[C@@H](O)C[C@]2(C)[C@@]1(O)C(=O)COP(=O)(O)O,0
OC(=O)c1cc(ccc1O)c2ccc(F)cc2F,0
CC(=O)Nc1ccc2c(Cc3ccccc23)c1,0
C\C=C\1/[C@@H]2CC3=C(C=CC(=O)N3)[C@]1(N)CC(=C2)C,0
[Na+].CN(CS(=O)(=O)[O-])C1=C(C)N(C)N(C1=O)c2ccccc2,0
[Cl-].C[n+]1ccccc1\C=N\O,0
CCN(Cc1ccncc1)C(=O)C(CO)c2ccccc2,0
Nc1c2CCCCc2nc3ccccc13,0
CC1=CC(=O)N(O)C(=C1)C2CCCCC2,0
CCCC1O[C@@H]2C[C@H]3[C@@H]4CCC5=CC(=O)C=C[C@]5(C)[C@H]4[C@@H](O)C[C@]3(C)[C@@]2(O1)C(=O)CO,0
CC1(C)S[C@@H]2[C@H](NC(=O)[C@H](N)c3ccccc3)C(=O)N2[C@H]1C(=O)O,0
C[C@H]1C[C@H]2[C@@H]3CC[C@](O)(C(=O)CO)[C@@]3(C)C[C@H](O)[C@@H]2[C@@]4(C)C=CC(=O)C=C14,0
CC1CN(CCN1)c2cc3N(C=C(C(=O)O)C(=O)c3c(C)c2F)C4CC4,0
Cc1ccc(cc1)c2cc(nn2c3ccc(cc3)S(=O)(=O)N)C(F)(F)F,0
CC1COc2c(N3CCN(C)CC3)c(F)cc4C(=O)C(=CN1c24)C(=O)O,0
N#Cc1ccc(cc1)C(c2ccc(cc2)C#N)n3cncn3,0
CN1[C@@H]2CC[C@H]1C[C@H](C2)OC(=O)c3c[nH]c4ccccc34,0
OC(=O)c1cccnc1Nc2cccc(c2)C(F)(F)F,0
CC(C)NCC(O)COc1cccc2[nH]ccc12,0
C[C@]12CC[C@H]3[C@@H](CCc4cc(O)ccc34)[C@@H]1CC[C@@]2(O)C#C,0
CC(=O)[C@@]1(O)CC[C@H]2[C@@H]3CCC4=CC(=O)CC[C@]4(C)[C@H]3CC[C@]12C,0
NCC1(CC(=O)O)CCCCC1,0
CC(N)C(=O)Nc1c(C)cccc1C,0
CNCCc1ccccn1,0
CN(C)[C@H]1[C@@H]2C[C@H]3C(=C(O)[C@]2(O)C(=O)C(=C1O)C(=O)N)C(=O)c4c(O)cccc4[C@@]3(C)O,0
OC(=O)C(Cl)(Cl)Cl,0
Clc1ccc(CO\N=C(/Cn2ccnc2)\c3ccc(Cl)cc3Cl)c(Cl)c1,0
CCOc1ccc(NC(=O)C)cc1,0
CC[C@]1(O)C[C@@H]2CN(CCc3c([nH]c4ccccc34)[C@@](C2)(C(=O)OC)c5cc6c(cc5OC)N(C)[C@H]7[C@](O)([C@H](OC(=O)C)[C@]8(CC)C=CCN9CC[C@]67[C@H]89)C(=O)OC)C1,0
COc1cc2nc(nc(N)c2cc1OC)N3CCN(CC3)C(=O)c4occc4,0
CNCCC=C1c2ccccc2CCc3ccccc13,0
CC[C@H]1OC(=O)[C@H](C)[C@@H](O[C@H]2C[C@@](C)(OC)[C@@H](O)[C@H](C)O2)[C@H](C)[C@@H](O[C@@H]3O[C@H](C)C[C@@H]([C@H]3O)N(C)C)[C@](C)(O)C[C@@H](C)CN(C)[C@H](C)[C@@H](O)[C@]1(C)O,0
O=C1C=C(Oc2c1cccc2c3ccccc3)N4CCOCC4,0
C[C@]12CC[C@H]3[C@@H](CCc4cc(O)ccc34)[C@@H]1CC[C@@H]2O,0
OC(=O)c1ccccc1C2=C3C=CC(=O)C=C3Oc4cc(O)ccc24,0
CC(=O)CC(C1=C(O)c2ccccc2OC1=O)c3ccccc3,0
CC(=CCC\C(=C\CO)\C)C,0
Nc1ccc(cc1)S(=O)(=O)N,0
C[C@]1(O)CC[C@H]2[C@@H]3CC[C@H]4Cc5n[nH]cc5C[C@]4(C)[C@H]3CC[C@]12C,0
CC\C(=C(\CC)/c1ccc(O)cc1)\c2ccc(O)cc2,0
c1ccc2c(c1)c3cccc4ccc5cccc2c5c34,0
CC(N)C12CC3CC(CC(C3)C1)C2,0
CC(C)(C)NC[C@H](O)COc1cccc2C(=O)CCCc12,0
CN[C@@H]1[C@@H](O)[C@@H](O[C@H]2[C@H](N)C[C@H](N)[C@@H](O[C@H]3OC(=CC[C@H]3N)CN)[C@@H]2O)OC[C@]1(C)O,0
CC(C)C(=O)Nc1ccc(c(c1)C(F)(F)F)[N+](=O)[O-],0
C[C@]12CC[C@H]3[C@@H](CCc4cc(O)ccc34)[C@@H]1C[C@@H](O)[C@@H]2O,0
NCC(=O)O,0
CO[C@H]1[C@@H](O)[C@H](N)[C@@H](O[C@H]2O[C@@H](CC[C@H]2N)[C@H](C)N)[C@H](O)[C@@H]1N(C)C(=O)CN,0
COc1nc(C)nc(Cl)c1NC2=NCCN2,0
C[C@]12CC[C@@H](O)C[C@@H]1CC[C@@H]3[C@@H]2CC[C@@]4(C)[C@H]3CCC4=O,0
CC(N)COc1c(C)cccc1C,0
COC1=CC(=O)OC1(O)C(=C)C,0
COC(=O)Nc1nc2cc(ccc2[nH]1)C(=O)c3ccc(F)cc3,0
Cc1ccnc2N(C3CC3)c4ncccc4C(=O)Nc12,0
CC(C)C[C@H](NC(=O)[C@@H](O)[C@H](N)Cc1ccccc1)C(=O)O,0
CCN1C=C(C(=O)O)C(=O)c2cnc(nc12)N3CCCC3,0
CC[C@@H](CO)NCCN[C@@H](CC)CO,0
OC[C@H]1O[C@@H]2O[C@H]3[C@H](O)[C@@H](O)[C@H](O[C@@H]3CO)O[C@H]4[C@H](O)[C@@H](O)[C@H](O[C@@H]4CO)O[C@H]5[C@H](O)[C@@H](O)C(O[C@@H]5CO)OC6[C@H](O)[C@@H](O)C(O[C@@H]6CO)C7[C@H](O)[C@@H](O)C(O[C@@H]7CO)O[C@H]8[C@H](O)[C@@H](O)[C@H](O[C@@H]8CO)O[C@H]9[C@H](O)[C@@H](O)[C@H](O[C@@H]9CO)O[C@H]1[C@H](O)[C@H]2O,0
CC(=O)Nc1cccc(O)c1,0
NC1=Nc2[nH]cnc2C(=S)N1,0
COc1ccc(CN2CCNCC2)c(OC)c1OC,0
CC(CCc1ccccc1)NCC(O)c2ccc(O)c(c2)C(=O)N,0
