smiles,label
CC(=O)N[C@H]1[C@@H](O)[C@H](O)[C@H](CO)O[C@H]1O[C@H]2[C@@H]3NC(=O)[C@H](NC(=O)[C@@H]4NC(=O)[C@H]5NC(=O)[C@@H](Cc6ccc(Oc7cc4cc(Oc8ccc2cc8Cl)c7O[C@@H]9O[C@@H](CO)[C@@H](O)[C@H](O)[C@@H]9NC(=O)C)c(Cl)c6)NC(=O)[C@H](N)c%10ccc(O)c(Oc%11cc(O)cc5c%11)c%10)c%12ccc(O)c(c%12)c%13c(O[C@H]%14O[C@H](CO)[C@@H](O)[C@@H](O)[C@@H]%14O)cc(O)cc%13[C@H](NC3=O)C(=O)O,0
CCc1c2CN3C(=O)C4=C(C=C3c2nc5ccc(OC(=O)N6CCC(CC6)N7CCCCC7)cc15)[C@@](O)(CC)C(=O)OC4,0
CCN1CCCC1CNC(=O)c2cc(ccc2OC)S(=O)(=O)N,1
c1ccc2c(c1)c3cccc4ccc5cccc2c5c34,0
CO[C@@H]1C[C@H](C[C@@H](C)[C@@H]2CC(=O)[C@H](C)\C=C(/C)\[C@@H](O)[C@@H](OC)C(=O)[C@H](C)C[C@H](C)\C=C\C=C\C=C(/C)\[C@H](C[C@@H]3CC[C@@H](C)[C@@](O)(O3)C(=O)C(=O)N4CCCC[C@H]4C(=O)O2)OC)CC[C@H]1O,0
CC1(C)[C@H](CC[C@@]2(C)[C@H]1CC[C@]3(C)[C@@H]2C(=O)C=C4[C@@H]5C[C@](C)(CC[C@]5(C)CC[C@@]34C)C(=O)O)O[C@H]6O[C@@H]([C@@H](O)[C@H](O)[C@H]6O[C@@H]7O[C@@H]([C@@H](O)[C@H](O)[C@H]7O)C(=O)O)C(=O)O,0
CC(C)NCC(O)COc1cccc2ccccc12,0
O=C1Oc2ccccc2C=C1,0
COc1ccc2cc(ccc2c1)[C@H](C)C(=O)O,0
CC(C(=O)O)c1ccc(CC2CCCC2=O)cc1,0
CCN1CCC[C@H]1CNC(=O)c2cc(ccc2OC)S(=O)(=O)N,1
CC(=O)[C@H]1CC[C@H]2[C@@H]3CCC4=CC(=O)CC[C@]4(C)[C@H]3CC[C@]12C,0
COc1cc(N)[nH]c2nc(c3ccc(F)cc3)c(c4ccncc4)c12,0
C[C@]12CC[C@H]3[C@@H](CCc4cc(O)ccc34)[C@@H]1CCC2=O,0
CC12CCC(CC1)C(C)(C)O2,0
CC(=O)Nc1ccc(O)cc1,0
C[N+](C)(C)CCOP(=O)([O-])OC[C@H](O)CO,0
OC(=O)c1ccccc1OC(=O)c2ccccc2O,0
[Na+].[O-][As]=O,0
CC(C)(C)NCC(O)c1ccc(O)c(CO)c1,0
CC[C@H]1OC(=O)[C@H](C)[C@@H](O[C@H]2C[C@@](C)(OC)[C@@H](O)[C@H](C)O2)[C@H](C)[C@@H](O[C@@H]3O[C@H](C)C[C@@H]([C@H]3O)N(C)C)[C@@](C)(C[C@@H](C)C(=O)[C@H](C)[C@@H](O)[C@]1(C)O)OC,0
OCCN1CCN(CCCN2c3ccccc3Sc4ccc(cc24)C(F)(F)F)CC1,1
OC(=O)c1ccccc1O,0
NC(=O)N1C(=O)\C(=C(/O)\c2cccs2)\c3cc(Cl)ccc13,0
CCCC[C@@H](CC)COC(=O)c1ccccc1C(=O)OC[C@@H](CC)CCCC,0
OC[C@H]1O[C@@H]2O[C@H]3[C@H](O)[C@@H](O)[C@H](O[C@@H]3CO)O[C@H]4[C@H](O)[C@@H](O)[C@H](O[C@@H]4CO)O[C@H]5[C@H](O)[C@@H](O)[C@H](O[C@@H]5CO)O[C@H]6[C@H](O)[C@@H](O)[C@H](O[C@@H]6CO)O[C@H]7[C@H](O)[C@@H](O)[C@H](O[C@@H]7CO)O[C@H]8[C@H](O)[C@@H](O)[C@H](O[C@@H]8CO)O[C@H]1[C@H](O)[C@H]2O,0
CCOc1cc(N)c(Cl)cc1C(=O)NCC2CN(Cc3ccc(F)cc3)CCO2,0
CCN1C=C(C(=O)O)C(=O)c2cc(F)c(N3CCNC(C)C3)c(F)c12,0
CN[C@H](CC(C)C)C(=O)N[C@@H]1[C@H](O)c2ccc(Oc3cc4cc(Oc5ccc(cc5Cl)[C@@H](O)[C@@H]6NC(=O)[C@H](NC(=O)[C@@H]4NC(=O)[C@H](CC(=O)N)NC1=O)c7ccc(O)c(c7)c8c(O)cc(O)cc8[C@H](NC6=O)C(=O)O)c3O[C@@H]9O[C@H](CO)[C@@H](O)[C@H](O)[C@H]9O[C@H]%10C[C@](C)(N)[C@H](O)[C@H](C)O%10)c(Cl)c2,0
COc1ccc(CCN2CCC(CC2)Nc3nc4ccccc4n3Cc5ccc(F)cc5)cc1,1
CN1[C@@H]2CC[C@H]1C[C@H](C2)OC(=O)c3c[nH]c4ccccc34,0
CC[C@@H]1NC(=O)[C@H]([C@H](O)[C@H](C)C\C=C\C)N(C)C(=O)[C@H](C(C)C)N(C)C(=O)[C@H](CC(C)C)N(C)C(=O)[C@H](CC(C)C)N(C)C(=O)[C@@H](C)NC(=O)[C@H](C)NC(=O)[C@H](CC(C)C)N(C)C(=O)[C@@H](NC(=O)[C@H](CC(C)C)N(C)C(=O)CN(C)C1=O)C(C)C,0
[Cl-].COc1ccc2cc3c4cc5OCOc5cc4CC[n+]3cc2c1OC,0
CO[C@H]1[C@H](O)CC(=O)O[C@H](C)C\C=C\C=C\[C@H](O)[C@H](C)C[C@H](CC=O)[C@@H]1O[C@@H]2O[C@H](C)[C@@H](O[C@H]3C[C@@](C)(O)[C@@H](OC(=O)CC(C)C)[C@H](C)O3)[C@@H]([C@H]2O)N(C)C,0
Cc1nccn1CC2CCc3c(C2=O)c4ccccc4n3C,0
C=CCc1ccc2OCOc2c1,0
OC1=C(CC2=C(O)c3ccccc3OC2=O)C(=O)Oc4ccccc14,0
CCOC(=O)C1=C(COCCN)NC(=C(C1c2ccccc2Cl)C(=O)OC)C,0
OC(=O)CCNC(=O)c1ccc(cc1)\N=N\c2ccc(O)c(c2)C(=O)O,0
CN(CCOc1ccc(C[C@H](Nc2ccccc2C(=O)c3ccccc3)C(=O)O)cc1)c4ccccn4,0
NC(=O)c1cccc(N)c1,0
OC(=O)CCNC(=O)c1ccccc1,0
CN1C(=O)CN=C(c2ccccc2)c3cc(ccc13)[N+](=O)[O-],0
CC[C@]1(O)C[C@H]2CN(CCc3c([nH]c4ccccc34)[C@@](C2)(C(=O)OC)c5cc6c(cc5OC)N(C)[C@H]7[C@](O)([C@H](O)[C@]8(CC)C=CCN9CC[C@]67[C@H]89)C(=O)N)C1,0
COc1ccc(cc1)[C@@H]2Sc3ccccc3N(CCN(C)C)C(=O)[C@@H]2OC(=O)C,0
[Br-].CC(O)[C@H](NC(=O)[C@@H](C)[C@@H](O)[C@@H](C)NC(=O)[C@@H](NC(=O)c1cc(N)nc(n1)C(CC(=O)N)NCC(N)C(=O)N)C(O[C@@H]2O[C@@H](CO)[C@@H](O)[C@H](O)[C@@H]2O[C@H]3O[C@H](CO)[C@@H](O)[C@H](OC(=O)N)[C@@H]3O)c4c[nH]cn4)C(=O)NCCc5nc(cs5)c6nc(cs6)C(=O)NCCC[S+](C)C,0
[O-][N+](=O)c1ccc2NC(=O)CN=C(c3ccccc3Cl)c2c1,0
CN(C)CCN(Cc1cccs1)c2ccccn2,0
CN1C2CCCC1CC(C2)NC(=O)c3nn(C)c4ccccc34,0
C[C@H]1C[C@H]2[C@@H]3CCC4=CC(=O)C=C[C@]4(C)[C@@]3(Cl)[C@@H](O)C[C@]2(C)[C@@]1(O)C(=O)CO,0
Nc1ccc(cc1)S(=O)(=O)Nc2nccs2,0
CC(NC(C)(C)C)C(=O)c1cccc(Cl)c1,0
CC(C)OC(=O)C(C)(C)Oc1ccc(cc1)C(=O)c2ccc(Cl)cc2,0
N#Cc1ccc(cc1)C(c2ccc(cc2)C#N)n3cncn3,0
Fc1ccc(cc1)[C@@H]2CCNC[C@H]2COc3ccc4OCOc4c3,0
CC(C)NCC(O)c1ccc(O)c(O)c1,0
CCN[C@@H]1C[C@H](N)[C@@H](O[C@H]2OC(=CC[C@H]2N)CN)[C@H](O)[C@H]1O[C@H]3OC[C@](C)(O)[C@H](NC)[C@H]3O,0
OC(=O)COC(=O)Cc1ccccc1Nc2c(Cl)cccc2Cl,0
CCN(C(=O)\C=C\C)c1ccccc1C,0
CC1Nc2cc(Cl)c(cc2C(=O)N1c3ccccc3C)S(=O)(=O)N,0
ClCCN(CCCl)P1(=O)NCCCO1,0
CCOC(=O)[C@H](CCc1ccccc1)N[C@@H](C)C(=O)N2[C@H]3CCC[C@H]3C[C@H]2C(=O)O,0
Cl.CCCCN1CCCCC1C(=O)Nc2c(C)cccc2C,0
CCN(CC)CC(=O)Nc1c(C)cccc1C,0
[Cl-].C[n+]1ccccc1\C=N\O,0
NCC1(CC(=O)O)CCCCC1,0
C[C@@H]1CC2=C(CCC(=O)C2)[C@H]3CC[C@@]4(C)[C@@H](CC[C@@]4(O)C#C)[C@H]13,0
CC(C)NC[C@H](O)COc1cccc2[nH]ccc12,0
C[C@@H](N)[C@@H]1CC[C@H](CC1)C(=O)Nc2ccncc2,0
CC(C)(C)NCC(O)c1cc(O)cc(O)c1,0
CC(O)Cn1c(C)ncc1[N+](=O)[O-],0
CC[C@H](C)[C@H]1O[C@]2(CC[C@@H]1C)C[C@@H]3C[C@@H](C\C=C(/C)\[C@@H](O[C@H]4C[C@H](OC)[C@@H](O[C@H]5C[C@H](OC)[C@@H](O)[C@H](C)O5)[C@H](C)O4)[C@@H](C)\C=C\C=C\6/CO[C@@H]7[C@H](O)C(=C[C@@H](C(=O)O3)[C@]67O)C)O2.CO[C@H]8C[C@H](O[C@H]9[C@H](C)O[C@H](C[C@@H]9OC)O[C@H]%10[C@@H](C)\C=C\C=C\%11/CO[C@@H]%12[C@H](O)C(=C[C@@H](C(=O)O[C@H]%13C[C@@H](C\C=C\%10/C)O[C@@]%14(CC[C@H](C)[C@H](O%14)C(C)C)C%13)[C@]%11%12O)C)O[C@@H](C)[C@@H]8O,0
[Na+].CN(CS(=O)(=O)[O-])C1=C(C)N(C)N(C1=O)c2ccccc2,0
O.O.O.CC(=O)O[C@@]12CO[C@@H]1C[C@H](O)[C@]3(C)[C@@H]2[C@H](OC(=O)c4ccccc4)[C@]5(O)C[C@H](OC(=O)[C@H](O)[C@@H](NC(=O)OC(C)(C)C)c6ccccc6)C(=C([C@@H](O)C3=O)C5(C)C)C,0
NN,0
CN1C[C@@H](C[C@H]2[C@H]1Cc3c[nH]c4cccc2c34)C(=O)N[C@]5(C)O[C@@]6(O)[C@@H]7CCCN7C(=O)[C@H](Cc8ccccc8)N6C5=O,1
NC(=O)C1CCN(CCCN2c3ccccc3Sc4ccc(Cl)cc24)CC1,1
Oc1ccc(cc1[N+](=O)[O-])[As](=O)(O)O,0
CN1CCCCC1C(=O)Nc2c(C)cccc2C,0
CC(C)Cc1ccc(cc1)[C@@H](C)C(=O)O,0
CN1CCC[C@H]1c2cccnc2,0
NC1=NC(=O)N(C=C1)[C@@H]2CS[C@H](CO)O2,0
C[C@@H]1CC[C@@]2(OC1)O[C@H]3[C@@H](O)[C@H]4[C@@H]5CC[C@H]6C[C@@H](O[C@@H]7O[C@H](CO)[C@H](O[C@@H]8O[C@H](CO)C(O)[C@H](O[C@@H]9OC[C@@H](O)[C@H](O)[C@H]9O)[C@H]8O[C@@H]%10O[C@H](CO)[C@H](O)[C@H](O[C@@H]%11O[C@H](CO)[C@@H](O)[C@H](O)[C@H]%11O)[C@H]%10O)[C@H](O)[C@H]7O)[C@H](O)C[C@]6(C)[C@H]5CC[C@]4(C)[C@H]3[C@@H]2C,0
COc1cccc2C(=O)c3c(O)c4C[C@](O)(C[C@H](O[C@H]5C[C@H](N)[C@H](O)[C@H](C)O5)c4c(O)c3C(=O)c12)C(=O)C,0
NCC(=O)O,0
Nc1c(Br)cc(Br)cc1CN[C@@H]2CC[C@@H](O)CC2,0
[Br-].C[N+]1(C)[C@H]2C[C@@H](C[C@H]1[C@H]3O[C@@H]23)OC(=O)[C@H](CO)c4ccccc4,0
CC(O)CO,0
[O-][N+](=O)c1oc(\C=N\N2CCOC2=O)cc1,0
COc1cc2O[C@H]3OC=C[C@H]3c2c4OC(=O)C5=C(CCC5=O)c14,0
COc1ccc2[nH]cc(CCNC(=O)C)c2c1,0
NS(=O)(=O)c1cc(C(=O)O)c(NCc2occc2)cc1Cl,0
CC(C)(C)c1ccc(cc1)S(=O)(=O)\C=C\C#N,0
COC(=O)C[C@](O)(CCC(C)(C)O)C(=O)O[C@H]1[C@H]2c3cc4OCOc4cc3CCN5CCC[C@]25C=C1OC,0
Sc1ncnc2nc[nH]c12,0
CC1=NN(C(=O)C1)c2ccccc2,0
COCCCOc1ccnc(C[S+]([O-])c2nc3ccccc3[nH]2)c1C,0
ClCC(Cl)Cl,0
CC[C@@]1(O)C(=O)OCC2=C1C=C3N(Cc4cc5ccccc5nc34)C2=O,0
CN(C)CCCN1c2ccccc2CCc3ccc(Cl)cc13,1
Oc1c(Br)cc(Br)cc1C(=O)Nc2ccc(Br)cc2,0
CC(C)CCC[C@@H](C)[C@H]1CC[C@H]2\C(=C\C=C/3\C[C@@H](O)CCC3=C)\CCC[C@]12C,0
CN1CCCC(CN2c3ccccc3Sc4ccccc24)C1,0
COC(=O)c1ccccc1O,0
CC1=CC(=O)Oc2c(C)c3oc(C)cc3cc12,0
Nc1c2CCCCc2nc3ccccc13,0
COC(=O)C1=C(C)NC(=C(C1c2ccccc2[N+](=O)[O-])C(=O)OCC(C)C)C,0
COc1c(C)c2COC(=O)c2c(O)c1C\C=C(/C)\CCC(=O)OCCN3CCOCC3,0
COc1cc(OC)c(C(=O)CCCN2CCCC2)c(OC)c1,0
[Br-].CC(=O)O[C@H]1C[C@@H]2CC[C@@H]3[C@H](CC[C@@]4(C)[C@H]3C[C@@H]([C@@H]4OC(=O)C)[N+]5(C)CCCCC5)[C@@]2(C)C[C@@H]1N6CCCCC6,0
Cc1c(C)c2OC(C)(COc3ccc(CC4SC(=O)NC4=O)cc3)CCc2c(C)c1O,0
O=C\C=C\c1ccccc1,0
CCN1C=C(C(=O)O)C(=O)c2cnc(nc12)N3CCCC3,0
CCN(CCO)CCCC(C)Nc1ccnc2cc(Cl)ccc12,0
CC(C(=O)O)c1ccc(c(F)c1)c2ccccc2,0
CC(C)Cc1ccc(cc1)C(C)C(=O)O,0
CCCN1C[C@H](CSC)C[C@H]2[C@H]1Cc3c[nH]c4cccc2c34,1
C1CCN2C[C@H]3C[C@H](CN4CCCC[C@@H]34)[C@H]2C1,0
CN(C)CCC=C1c2ccccc2COc3ccccc13,0
CN(C(=S)Oc1ccc2ccccc2c1)c3cccc(C)c3,0
C[C@]1(O)CC[C@H]2[C@@H]3CCC4=CC(=O)CC[C@]4(C)[C@H]3CC[C@]12C,0
CO[C@H]1\C=C\O[C@@]2(C)Oc3c(C)c(O)c4c(O)c(NC(=O)\C(=C/C=C/[C@H](C)[C@H](O)[C@@H](C)[C@@H](O)[C@@H](C)[C@H](OC(=O)C)[C@@H]1C)\C)c(\C=N\N5CCN(CC5)C6CCCC6)c(O)c4c3C2=O,0
COc1cc(\C=C/C)ccc1O,0
Oc1ccc2C[C@H]3N(CC=C)CC[C@@]45[C@@H](Oc1c24)C(=O)CC[C@@]35O,0
CC[C@H]1OC(=O)[C@H](C)[C@@H](O[C@H]2C[C@@](C)(OC)[C@@H](O)[C@H](C)O2)[C@H](C)[C@@H](O[C@@H]3O[C@H](C)C[C@@H]([C@H]3O)N(C)C)[C@](C)(O)C[C@@H](C)C(=O)[C@H](C)[C@@H](O)[C@]1(C)O,0
CC1=CN([C@@H]2O[C@H](CO)C=C2)C(=O)NC1=O,0
Clc1ccccc1CN2CCc3sccc3C2,0
COc1nc(C)nc(Cl)c1NC2=NCCN2,0
CCCSc1ccc2nc(NC(=O)OC)[nH]c2c1,0
COC1=CC(=O)OC1(O)C(=C)C,0
NC12CC3CC(CC(C3)C1)C2,0
CSc1ccc(\C=C/2\C(=C(CC(=O)O)c3cc(F)ccc23)C)cc1,0
CC(C)(C)c1ccc(cc1)C(=O)CCCN2CCC(CC2)OC(c3ccccc3)c4ccccc4,1
C[C@H]1C[C@H]2[C@@H]3CC[C@](O)(C(=O)C)[C@@]3(C)C[C@H](O)[C@]2(F)[C@@]4(C)C=CC(=O)C=C14,0
Cc1c(OCC(F)(F)F)ccnc1C[S+]([O-])c2nc3ccccc3[nH]2,0
CC[C@]1(O)C[C@@H]2CN(CCc3c([nH]c4ccccc34)[C@@](C2)(C(=O)OC)c5cc6c(cc5OC)N(C)[C@H]7[C@](O)([C@H](OC(=O)C)[C@]8(CC)C=CCN9CC[C@]67[C@H]89)C(=O)OC)C1,0
Brc1c(NC2=NCCN2)ccc3nccnc13,0
COc1ccc2c(c1)c(CC(=O)O)c(C)n2C(=O)c3ccc(Cl)cc3,0
Clc1ccc(cc1)C(=O)NCCN2CCOCC2,0
NCCCCCC(=O)O,0
C\C(=C/c1ccccc1)\C=C\2/SC(=S)N(CC(=O)O)C2=O,0
Oc1ccc2C[C@H]3N(CC4CC4)CC[C@@]56[C@@H](Oc1c25)C(=O)CC[C@@]36O,0
S(Sc1nc2ccccc2s1)c3nc4ccccc4s3,1
CCOC(=O)c1ncn2c1CN(C)C(=O)c3cc(F)ccc23,0
Oc1cccc(O)c1O,0
CCN(CC)CCOCCC1=CCC2CC1C2(C)C,0
CN1CCC[C@@H]1CCO[C@](C)(c2ccccc2)c3ccc(Cl)cc3,1
CC(C)NC[C@H](O)COc1cccc2ccccc12,0
CN(Cc1cc(Br)cc(Br)c1N)C2CCCCC2,0
CC(CCc1ccc(O)cc1)NCCc2ccc(O)c(O)c2,0
COC(=O)C1=C(C)NC(=C(C1c2ccccc2[N+](=O)[O-])C(=O)OC)C,0
CC(=O)OCC(COC(=O)C)OC(=O)C,0
CN[C@@H]1[C@@H](O)[C@@H](O[C@H]2[C@H](N)C[C@H](N)[C@@H](O[C@H]3OC(=CC[C@H]3N)CN)[C@@H]2O)OC[C@]1(C)O,0
Clc1cccc(c1)N2CCN(CCCN3N=C4C=CC=CN4C3=O)CC2,0
C[C@]1(Cn2ccnn2)[C@@H](N3[C@@H](CC3=O)S1(=O)=O)C(=O)O,0
C[C@H]1C[C@H]2[C@@H]3C[C@H](F)C4=CC(=O)C=C[C@]4(C)[C@@]3(F)[C@@H](O)C[C@]2(C)[C@@]1(OC(=O)C)C(=O)COC(=O)C,0
CC(C)NNC(=O)c1ccncc1,0
CC[C@H](C)C(=O)O[C@H]1C[C@H](O)C=C2C=C[C@H](C)[C@H](CC[C@@H](O)C[C@@H](O)CC(=O)O)[C@@H]12,0
OC(=O)CNCP(=O)(O)O,0
Oc1ccccc1,0
CC1CN(CCN1)c2cc3N(C=C(C(=O)O)C(=O)c3c(C)c2F)C4CC4,0
CC1(C)[C@H]2CC[C@]1(C)C(=O)C2,0
Cc1cccc(Nc2ccccc2C(=O)O)c1C,0
CC(=O)O[C@@]1(CC[C@H]2[C@@H]3C=C(C)C4=CC(=O)CC[C@]4(C)[C@H]3CC[C@]12C)C(=O)C,0
COCCOC(=O)C1=C(C)NC(=C(C1c2cccc(c2)[N+](=O)[O-])C(=O)OC(C)C)C,0
CC(C)NCC(O)c1ccccc1Cl,0
COc1ccc(cc1)C(CN(C)C)C2(O)CCCCC2,0
CNC1(CCCCC1=O)c2ccccc2Cl,0
CN(C)C(=O)C(CCN1CCC(O)(CC1)c2ccc(Cl)cc2)(c3ccccc3)c4ccccc4,0
OC1N=C(c2ccccc2Cl)c3cc(Cl)ccc3NC1=O,0
CC[C@@H](CO)NC(=O)[C@H]1CN(C)[C@@H]2Cc3cn(C)c4cccc(C2=C1)c34,1
CO[C@H]1\C=C\O[C@@]2(C)Oc3c(C)c(O)c4C(=O)C(=C5NC6(CCN(CC(C)C)CC6)N=C5c4c3C2=O)NC(=O)\C(=C/C=C/[C@H](C)[C@H](O)[C@@H](C)[C@@H](O)[C@@H](C)[C@H](OC(=O)C)[C@@H]1C)\C,0
CCOC(=O)N1C=CN(C)C1=S,0
C[C@H]1O[C@H](C[C@H](O)[C@@H]1O)O[C@H]2[C@@H](O)C[C@H](O[C@H]3[C@@H](O)C[C@H](O[C@H]4CC[C@@]5(C)[C@H](CC[C@@H]6[C@@H]5C[C@@H](O)[C@]7(C)[C@H](CC[C@]67O)C8=CC(=O)OC8)C4)O[C@@H]3C)O[C@@H]2C,0
C[C@H]1O[C@H](C[C@H](O)[C@@H]1O)O[C@H]2[C@@H](O)C[C@H](O[C@H]3[C@@H](O)C[C@H](O[C@H]4CC[C@@]5(C)[C@H](CC[C@@H]6[C@@H]5CC[C@]7(C)[C@H](CC[C@]67O)C8=CC(=O)OC8)C4)O[C@@H]3C)O[C@@H]2C,0
CCN1CCN(C(=O)N[C@@H](C(=O)N[C@H]2[C@H]3SC(C)(C)[C@@H](N3C2=O)C(=O)O)c4ccccc4)C(=O)C1=O,0
CCN1C=C(C(=O)O)C(=O)c2cc(F)c(cc12)N3CCNCC3,0
CC(C)(c1ccc(O)cc1)c2ccc(O)cc2,0
CCCCC1=NC2(CCCC2)C(=O)N1Cc3ccc(cc3)c4ccccc4c5nn[nH]n5,0
CCN(CC)C(=O)N[C@@H]1CN(C)[C@@H]2Cc3c[nH]c4cccc(C2=C1)c34,1
C[S+]([O-])c1ccc(\C=C/2\C(=C(CC(=O)O)c3cc(F)ccc23)C)cc1,0
CC1CCC(CC1)NC(=O)N(CCCl)N=O,0
Fc1ccc(cc1)C(N2CCN(C\C=C\c3ccccc3)CC2)c4ccc(F)cc4,1
NC1=Nc2[nH]cnc2C(=S)N1,0
CCc1ccc(cc1)C(=O)C(C)CN2CCCCC2,0
CC(C)C(Br)C(=O)NC(=O)N,0
CN(C)[C@H]1[C@@H]2C[C@H]3C(=C(O)[C@]2(O)C(=O)C(=C1O)C(=O)N)C(=O)c4c(O)cccc4[C@@]3(C)O,0
CCC(C)N1N=CN(C1=O)c2ccc(cc2)N3CCN(CC3)c4ccc(OCC5COC(Cn6cncn6)(O5)c7ccc(Cl)cc7Cl)cc4,0
CC(=N)S,0
CN(C)CCOC(c1ccccc1)c2ccccc2,0
CO[C@H]1O[C@@H]2O[C@@]3(C)CC[C@H]4[C@H](C)CC[C@@H]([C@H]1C)[C@@]24OO3,0
CC(C)[C@H](N)C(=O)OCCOCn1cnc2C(=O)N=C(N)Nc12,0
CCN(Cc1ccncc1)C(=O)C(CO)c2ccccc2,0
CN1CCC(=C2c3ccccc3CC(=O)c4sccc24)CC1,0
CO[C@H]1\C=C\O[C@@]2(C)Oc3c(C)c(O)c4c(O)c(NC(=O)\C(=C/C=C/[C@H](C)[C@H](O)[C@@H](C)[C@@H](O)[C@@H](C)[C@H](OC(=O)C)[C@@H]1C)\C)c(\C=N\N5CCN(C)CC5)c(O)c4c3C2=O,0
O=C1C[C@@H]2OCC=C3CN4CC[C@@]56[C@@H]4C[C@@H]3[C@@H]2[C@@H]5N1c7ccccc67,0
Cc1cccc(Nc2cc(Cl)nc(SCC(=O)O)n2)c1C,0
COc1ccc2C[C@H]3[C@H]4CCCC[C@@]4(CCN3C)c2c1,0
Cn1cnc(c1Sc2ncnc3nc[nH]c23)[N+](=O)[O-],0
CC(C)c1c(C(=O)Nc2ccccc2)c(c3ccccc3)c(c4ccc(F)cc4)n1CC[C@@H](O)C[C@@H](O)CC(=O)O,0
CCCCN1CCCC[C@H]1C(=O)Nc2c(C)cccc2C,0
O=C1CC[C@H](N2C(=O)c3ccccc3C2=O)C(=O)N1,0
C[C@@H]1C[C@H]2[C@@H]3CCC4=CC(=O)C=C[C@]4(C)[C@@]3(F)[C@@H](O)C[C@]2(C)[C@@]1(O)C(=O)CO,0
C(c1ccccc1)n2ccnc2,0
CCOC(=O)C1=C(C)NC(=C(C1c2cccc(Cl)c2Cl)C(=O)OC)C,0
Brc1ccccc1,0
COc1cccc2C(=O)c3c(O)c4C[C@](O)(C[C@H](O[C@H]5C[C@H](N)[C@H](O)[C@H](C)O5)c4c(O)c3C(=O)c12)C(=O)CO,0
CCCNCC(O)COc1ccccc1C(=O)CCc2ccccc2,0
OC(=O)C(Cl)(Cl)Cl,0
COc1ccc(C[C@H]2NC[C@H](O)[C@H]2OC(=O)C)cc1,0
NC[C@H]1O[C@H](O[C@@H]2[C@@H](N)C[C@@H](N)[C@H](O[C@H]3O[C@H](CO)[C@@H](O)[C@H](N)[C@H]3O)[C@H]2O)[C@H](N)C[C@@H]1O,0
OC[C@H]1O[C@@H]2O[C@H]3[C@H](O)[C@@H](O)[C@H](O[C@@H]3CO)O[C@H]4[C@H](O)[C@@H](O)[C@H](O[C@@H]4CO)O[C@H]5[C@H](O)[C@@H](O)[C@H](O[C@@H]5CO)O[C@H]6[C@H](O)[C@@H](O)[C@H](O[C@@H]6CO)O[C@H]7[C@H](O)[C@@H](O)[C@H](O[C@@H]7CO)O[C@H]1[C@H](O)[C@H]2O,0
C\C(=C/C=C/C(=C/C(=O)O)/C)\C=C\C1=C(C)CCCC1(C)C,0
C[C@@H](CO)NC(=O)[C@H]1CN(C)[C@@H]2Cc3c[nH]c4cccc(C2=C1)c34,1
CCOC(=O)C1=C(C)NC(=C(C1c2ccccc2\C=C\C(=O)OC(C)(C)C)C(=O)OCC)C,0
CC(C)(C)NC(=O)[C@@H]1CN(Cc2cccnc2)CCN1C[C@@H](O)C[C@@H](Cc3ccccc3)C(=O)N[C@@H]4[C@H](O)Cc5ccccc45,0
NC(=O)CN1CCCC1=O,0
CC[C@H](C)[C@H](N)C1=N[C@@H](CS1)C(=O)N[C@@H](CC(C)C)C(=O)N[C@H](CCC(=O)O)C(=O)N[C@@H]([C@@H](C)CC)C(=O)N[C@H]2CCCCNC(=O)[C@H](CC(=O)N)NC(=O)[C@@H](CC(=O)O)NC(=O)[C@H](Cc3cnc[nH]3)NC(=O)[C@@H](Cc4ccccc4)NC(=O)[C@@H](NC(=O)[C@@H](CCCN)NC2=O)[C@@H](C)CC,0
CC[C@H](C)[C@H]1O[C@@]2(C[C@@H]3C[C@@H](C\C=C(/C)\[C@@H](O[C@H]4C[C@H](OC)[C@@H](O[C@H]5C[C@H](OC)[C@@H](O)[C@H](C)O5)[C@H](C)O4)[C@@H](C)\C=C\C=C\6/CO[C@@H]7[C@H](O)C(=C[C@@H](C(=O)O3)[C@]67O)C)O2)C=C[C@@H]1C.CO[C@H]8C[C@H](O[C@H]9[C@H](C)O[C@H](C[C@@H]9OC)O[C@H]%10[C@@H](C)\C=C\C=C\%11/CO[C@@H]%12[C@H](O)C(=C[C@@H](C(=O)O[C@H]%13C[C@@H](C\C=C\%10/C)O[C@@]%14(C%13)O[C@H](C(C)C)[C@@H](C)C=C%14)[C@]%11%12O)C)O[C@@H](C)[C@@H]8O,0
CCN[C@@H](C)Cc1cccc(c1)C(F)(F)F,0
CC(C)Cn1cnc2c(N)nc3ccccc3c12,0
CCS(=O)(=O)CCn1c(C)ncc1[N+](=O)[O-],0
CN1CCN(CC1)C2=Nc3cc(Cl)ccc3Nc4ccccc24,1
Cc1ccc(C)c(OCCCC(C)(C)C(=O)O)c1,0
NC(=O)c1ncn(n1)[C@@H]2O[C@H](CO)[C@@H](O)[C@H]2O,0
CC1=C(CC(=O)O)c2cc(F)ccc2/C/1=C\c3ccc(cc3)S(=O)(=O)C,0
OC(=O)c1ccccc1,0
[Cl-].COc1cc2CC[N+](C)(C)[C@@H]3Cc4ccc(O)c(Oc5cc6[C@H](Cc7ccc(Oc(c1O)c23)cc7)N(C)CCc6cc5OC)c4,0
CC(C)[C@@H]1N2C(=O)[C@](NC(=O)[C@H]3CN(C)[C@@H]4Cc5c[nH]c6cccc(C4=C3)c56)(O[C@@]2(O)[C@@H]7CCCN7C1=O)C(C)C,1
CNCCC(Oc1ccc(cc1)C(F)(F)F)c2ccccc2,0
CC(C)Oc1ccc2C(=O)C(=COc2c1)c3ccccc3,0
OC(=O)CCc1oc(c2ccccc2)c(n1)c3ccccc3,0
C[C@@H]1OC(=O)C[C@H](O)C[C@H](O)CC[C@@H](O)[C@H](O)C[C@H](O)C[C@]2(O)C[C@H](O)[C@H]([C@H](C[C@@H](O[C@@H]3O[C@H](C)[C@@H](O)[C@H](N)[C@@H]3O)\C=C\C=C\C=C\C=C\C=C\C=C\C=C\[C@H](C)[C@@H](O)[C@H]1C)O2)C(=O)O,0
CC(C)[C@@H]1CC[C@H](CC1)C(=O)N[C@H](Cc2ccccc2)C(=O)O,0
CC(C)(C#N)c1cc(Cn2cncn2)cc(c1)C(C)(C)C#N,0
NC(=N)c1ccc(OCCCCCOc2ccc(cc2)C(=N)N)cc1,0
OC[C@@H]1CC[C@@H](O1)n2cnc3C(=O)NC=Nc23,0
Cc1cc(c(O)c(C)c1CC2=NCCN2)C(C)(C)C,0
CCN1CC(CCN2CCOCC2)C(C1=O)(c3ccccc3)c4ccccc4,0
CC1(C)O[C@@H]2C[C@H]3[C@@H]4CCC5=CC(=O)C=C[C@]5(C)[C@@]4(F)[C@@H](O)C[C@]3(C)[C@@]2(O1)C(=O)CO,0
CCCc1nn(C)c2C(=O)NC(=Nc12)c3cc(ccc3OCC)S(=O)(=O)N4CCN(C)CC4,0
Clc1ccc(COC(Cn2ccnc2)c3ccc(Cl)cc3Cl)c(Cl)c1,1
CC(C)NC(=O)NS(=O)(=O)c1cnccc1Nc2cccc(C)c2,0
CNC1=Nc2ccc(Cl)cc2C(=[N+]([O-])C1)c3ccccc3,0
COC(=O)Nc1nc2ccc(cc2[nH]1)C(=O)c3ccccc3,0
CCCC1=CC(=O)NC(=S)N1,0
C[C@@H]1C[C@H]2[C@@H]3CCC4=CC(=O)C=C[C@]4(C)[C@@]3(F)[C@@H](O)C[C@]2(C)[C@H]1C(=O)CO,0
CC(C)C[C@@H]1N2C(=O)[C@](NC(=O)[C@H]3CN(C)[C@@H]4Cc5c[nH]c6cccc(C4=C3)c56)(O[C@@]2(O)[C@@H]7CCCN7C1=O)C(C)C,1
Nc1nc(N)c2nc(c(N)nc2n1)c3ccccc3,0
CCC(=C)C(=O)c1ccc(OCC(=O)O)c(Cl)c1Cl,0
C[C@H]1C[C@@H]2[C@H](CC[C@@]3(C)[C@H]2CC[C@]3(O)C(=O)C)[C@@]4(C)CCC(=O)C=C14,0
[O-2].[Cu+2],0
CN([C@H]1CC[C@@]2(CCCO2)C[C@@H]1N3CCCC3)C(=O)Cc4ccc(Cl)c(Cl)c4,0
CCC(C)(C)C(=O)O[C@H]1C[C@@H](C)C=C2C=C[C@H](C)[C@H](CC[C@@H]3C[C@@H](O)CC(=O)O3)[C@@H]12,0
NC(=N)NC(=O)c1nc(Cl)c(N)nc1N,0
CC1COc2c(N3CCN(C)CC3)c(F)cc4C(=O)C(=CN1c24)C(=O)O,0
OC1=NC(=O)C(N1)(c2ccccc2)c3ccccc3,0
CCC(=O)O[C@@]1([C@@H](C)C[C@H]2[C@@H]3CCC4=CC(=O)C=C[C@]4(C)[C@@]3(F)[C@@H](O)C[C@]12C)C(=O)CCl,0
CC(=O)O[C@H]1CC[C@@H]2[C@H]3CC[C@@]4(C)[C@@H](CC[C@@]4(OC(=O)C)C#C)[C@@H]3CCC2=C1,0
COc1ccc(cc1)C(=O)N2CCCC2=O,0
OC(Cc1cccnc1)(P(=O)(O)O)P(=O)(O)O,0
CC(C)(CO)C(O)C(=O)NCCCO,0
Oc1ccc(cc1)C2=COc3cc(O)cc(O)c3C2=O,0
COc1ccc(cc1)C2C(=O)c3ccccc3C2=O,0
CNCCCN1c2ccccc2CCc3ccccc13,0
Cc1onc(c2ccccc2Cl)c1C(=O)N[C@H]3[C@H]4SC(C)(C)[C@@H](N4C3=O)C(=O)O,0
NC(=O)N1c2ccccc2C=Cc3ccccc13,0
CCCOc1ccccc1C2=Nc3nn[nH]c3C(=O)N2,0
NS(=O)(=O)c1cc2c(NC(NS2(=O)=O)C(Cl)Cl)cc1Cl,0
CC[C@H]1OC(=O)[C@H](C)[C@@H](O[C@H]2C[C@@](C)(OC)[C@@H](O)[C@H](C)O2)[C@H](C)[C@@H](O[C@@H]3O[C@H](C)C[C@@H]([C@H]3O)N(C)C)[C@](C)(O)C[C@@H](C)\C(=N/OCOCCOC)\[C@H](C)[C@@H](O)[C@]1(C)O,0
CC(C)(C)NC[C@H](O)COc1cccc2C(=O)CCCc12,0
CO[C@]1(NC(=O)CSCC#N)[C@H]2SCC(=C(N2C1=O)C(=O)O)CSc3nnnn3C,0
Cc1onc(O)c1CC(N)C(=O)O,0
CN(C)CCCC1(OCc2cc(ccc12)C#N)c3ccc(F)cc3,0
NCCCC[C@H](N[C@@H](CCc1ccccc1)C(=O)O)C(=O)N2CCC[C@H]2C(=O)O,0
Nc1nc(O)c2ncn(COCCO)c2n1,0
ClC(=C)Cl,0
CC(=O)Nc1nnc(s1)S(=O)(=O)N,0
ClC(Cl)C(c1ccc(Cl)cc1)c2ccccc2Cl,0
CC[C@]1(O)C[C@H]2CN(CCc3c([nH]c4ccccc34)[C@@](C2)(C(=O)OC)c5cc6c(cc5OC)N(C=O)[C@H]7[C@](O)([C@H](OC(=O)C)[C@]8(CC)C=CCN9CC[C@]67[C@H]89)C(=O)OC)C1,0
C[C@]12Cc3cnoc3C=C1CC[C@@H]4[C@@H]2CC[C@@]5(C)[C@H]4CC[C@@]5(O)C#C,0
CCCCOC(=O)c1ccc(N)cc1,0
OC(=O)Cc1ccc(cc1)c2ccccc2,0
CC(=O)Oc1ccc(cc1)C(c2ccc(OC(=O)C)cc2)c3ccccn3,0
NC(=O)C[S+]([O-])C(c1ccccc1)c2ccccc2,0
CC(O)(P(=O)(O)O)P(=O)(O)O,0
C[C@H](C(=O)O)c1cccc(c1)C(=O)c2ccccc2,0
Nc1nc(N)nc(NC2CC2)n1,0
CC1=CC(=O)N(O)C(=C1)C2CCCCC2,0
C[C@]12CC[C@H]3[C@@H](CCc4cc(O)ccc34)[C@@H]1CC[C@@]2(O)C#C,0
Clc1ccc2C(=C3CCNCC3)c4ncccc4CCc2c1,0
CC(=O)O[C@]1(CC[C@H]2[C@@H]3CCC4=CC(=O)CC[C@@H]4[C@H]3CC[C@]12C)C#C,0
OC[C@H]1O[C@@H]2O[C@H]3[C@H](O)[C@@H](O)[C@H](O[C@@H]3CO)O[C@H]4[C@H](O)[C@@H](O)[C@H](O[C@@H]4CO)O[C@H]5[C@H](O)[C@@H](O)C(O[C@@H]5CO)OC6[C@H](O)[C@@H](O)C(O[C@@H]6CO)C7[C@H](O)[C@@H](O)C(O[C@@H]7CO)O[C@H]8[C@H](O)[C@@H](O)[C@H](O[C@@H]8CO)O[C@H]9[C@H](O)[C@@H](O)[C@H](O[C@@H]9CO)O[C@H]1[C@H](O)[C@H]2O,0
C[C@]12CC[C@H]3[C@@H](CCc4cc(OC(=O)c5ccccc5)ccc34)[C@@H]1CC[C@@H]2O,0
CC(C)(C)c1ccc(cc1)C(O)CCCN2CCC(CC2)C(O)(c3ccccc3)c4ccccc4,1
NNc1ccccc1,0
Nc1ccc(cc1)S(=O)(=O)Nc2ccnn2c3ccccc3,0
CCCNC(=O)NS(=O)(=O)c1ccc(Cl)cc1,0
CCCC1O[C@@H]2C[C@H]3[C@@H]4CCC5=CC(=O)C=C[C@]5(C)[C@H]4[C@@H](O)C[C@]3(C)[C@@]2(O1)C(=O)CO,0
CCO,0
NC(=N)NC(=O)Cc1c(Cl)cccc1Cl,0
CN(\C=N\c1ccc(C)cc1C)\C=N\c2ccc(C)cc2C,0
Cc1ccccc1C(=O)N2CCC(Cc3ccccc3)CC2,0
NC(=O)c1ccccc1O,0
COc1ccc(CCN(C)CCCC(C#N)(C(C)C)c2ccc(OC)c(OC)c2)cc1OC,0
C[C@@H]1O[C@@H](O[C@H]2CC[C@]3(C)[C@H]4CC[C@]5(C)[C@H](CC[C@]5(O)[C@@H]4CCC3=C2)C6=COC(=O)C=C6)[C@H](O)[C@H](O)[C@H]1O,0
OC[C@H]1O[C@H]([C@H](O)[C@@H]1O)N2N=CC(=O)NC2=O,0
Nc1ccc2C(=O)NC(=O)c3cccc1c23,0
N[C@@H](CN1C=CC(=O)C(=C1)O)C(=O)O,0
CC(C)NCC(O)COc1cccc2[nH]ccc12,0
CC1(C)O[C@@H]2C[C@H]3[C@@H]4C[C@H](F)C5=CC(=O)CC[C@]5(C)[C@H]4[C@@H](O)C[C@]3(C)[C@@]2(O1)C(=O)CO,0
CN1CCC(=C2c3ccccc3C=Cc4ccccc24)CC1,1
CS(=O)(=O)OCCCCOS(=O)(=O)C,0
CC#C[C@]1(O)CC[C@H]2[C@@H]3CCC4=CC(=O)CCC4=C3[C@H](C[C@]12C)c5ccc(cc5)N(C)C,0
Cc1noc(NS(=O)(=O)c2ccc(N)cc2)c1C,0
Cc1cn[nH]c1,0
N[C@H](CSC(=S)NCc1ccccc1)C(=O)O,0
C[C@]12CC[C@H]3[C@@H](CCC4=CC(=O)CC[C@H]34)[C@@H]1CC[C@@]2(O)C#C,0
CCOC(=O)[C@H](CCc1ccccc1)N[C@@H](C)C(=O)N2CCC[C@H]2C(=O)O,0
FC1=CN(C2CCCO2)C(=O)NC1=O,0
CCOC(=O)N,0
CC(C(=O)O)c1cccc(c1)C(=O)c2ccccc2,0
CC(O)C(=O)O,0
[O-][N+](=O)c1ccc2NC(=O)CN=C(c3ccccc3)c2c1,0
CC(C)(C)NC(=O)[C@@H]1C[C@@H]2CCCC[C@@H]2CN1C[C@@H](O)[C@H](Cc3ccccc3)NC(=O)[C@H](CC(=O)N)NC(=O)c4ccc5ccccc5n4,0
CC(=O)OCC(=O)[C@@]1(O)CC[C@H]2[C@@H]3CCC4=CC(=O)CC[C@]4(C)[C@@]3(F)[C@@H](O)C[C@]12C,0
COc1cc(NS(=O)(=O)c2ccc(N)cc2)nc(OC)n1,0
[O-][S+](CCC1C(=O)N(N(C1=O)c2ccccc2)c3ccccc3)c4ccccc4,0
Cc1oncc1C(=O)Nc2ccc(cc2)C(F)(F)F,0
CN1C[C@H](CNC(=O)OCc2ccccc2)C[C@H]3[C@H]1Cc4cn(C)c5cccc3c45,1
COc1ccccc1N,0
CC[C@]12CC[C@H]3[C@@H](CCC4=CC(=O)CC[C@H]34)[C@@H]1CCC2(O)C#C,0
C[S+](C)[O-],0
ClC(Cl)(Cl)Cl,0
CC[C@H]([C@H]1CC[C@H](C)[C@@H](O1)[C@@H](C)[C@H](O)[C@H](C)C(=O)[C@H](CC)[C@H]2O[C@@]3(O[C@@]4(CC[C@](C)(O4)[C@H]5CC[C@](O)(CC)[C@H](C)O5)[C@H](O)C=C3)[C@H](C)C[C@@H]2C)C(=O)O,0
Nc1nc(N)nc(n1)c2cc(Cl)ccc2Cl.OC(=O)\C=C/C(=O)O,0
CC1=CN([C@H]2C[C@H](N=[N+]=[N-])[C@@H](CO)O2)C(=O)NC1=O,0
NC(=O)N1c2ccccc2CC(=O)c3ccccc13,0
CC(C)C[C@@H]1N2C(=O)[C@](NC(=O)[C@H]3CN(C)[C@@H]4Cc5c(Br)[nH]c6cccc(C4=C3)c56)(O[C@@]2(O)[C@@H]7CCCN7C1=O)C(C)C,1
Clc1ccc2Oc3ccccc3N=C(N4CCNCC4)c2c1,1
CN1C=CC(=O)C(=C1C)O,0
OC(=O)c1cc(ccc1O)c2ccc(F)cc2F,0
CN(C)CCC=C1c2ccccc2CCc3ccccc13,1
C[C@@H]1[C@H]2[C@H](O)[C@H]3[C@H](N(C)C)C(=C(C(=O)N)C(=O)[C@@]3(O)C(=C2C(=O)c4c(O)cccc14)O)O,0
NC1=NC(=O)N(C=N1)[C@@H]2O[C@H](CO)[C@@H](O)[C@H]2O,0
ClCCNP1(=O)OCCCN1CCCl,0
C[C@@H]1C[C@H]2[C@@H]3CCC4=CC(=O)C=C[C@]4(C)C3=CC[C@]2(C)[C@H]1C(=O)CN5CCN(CC5)c6cc(nc(n6)N7CCCC7)N8CCCC8,0
Cc1cnc(cn1)C(=O)NCCc2ccc(cc2)S(=O)(=O)NC(=O)NC3CCCCC3,0
CNS(=O)(=O)Cc1ccc2[nH]cc(CCN(C)C)c2c1,0
COC1=C(OC)C(=O)C(=C(C)C1=O)CCCCCCCCCCO,0
NC1=NC(=O)N(C=C1)[C@@H]2O[C@H](CO)[C@@H](O)[C@@H]2O,0
CC(N)C(=O)Nc1c(C)cccc1C,0
OC[C@@H](NC(=O)C(Cl)Cl)[C@H](O)c1ccc(cc1)[N+](=O)[O-],0
CN(C\C=C\C#CC(C)(C)C)Cc1cccc2ccccc12,0
CC(C)CCC[C@@H](C)[C@H]1CC[C@H]2\C(=C\C=C/3\C[C@@H](O)C[C@H](O)C3=C)\CCC[C@]12C,0
COc1c2OC(=O)C=Cc2cc3ccoc13,0
COc1ccnc(C[S+]([O-])c2nc3cc(OC(F)F)ccc3[nH]2)c1OC,0
CC(CCc1ccccc1)NCC(O)c2ccc(O)c(c2)C(=O)N,0
CCCCCC[C@@H]1[C@@H](OC(=O)CC(C)C)[C@H](C)OC(=O)[C@@H](NC(=O)c2cccc(NC=O)c2O)[C@@H](C)OC1=O,0
Oc1ccc2C[C@H]3N(CC=C)CC[C@@]45[C@@H](Oc1c24)\C(=N\N=C\6/CC[C@@]7(O)[C@H]8Cc9ccc(O)c%10O[C@@H]6[C@]7(CCN8CC=C)c9%10)\CC[C@@]35O,0
ClCCN(N=O)C(=O)NC1CCCCC1,0
COP(=O)(OC)OC=C(Cl)Cl,0
Nc1cc(nc(N)[n+]1[O-])N2CCCCC2,0
CN\C(=N\CCSCc1nc[nH]c1C)\NC#N,0
CN1CCN(CCCN2c3ccccc3Sc4ccc(Cl)cc24)CC1,1
CO[C@]12[C@H]3N[C@H]3CN1C4=C([C@H]2COC(=O)N)C(=O)C(=C(C)C4=O)N,0
C[C@H](CS)C(=O)N1CCC[C@H]1C(=O)O,0
CC[C@H](C)C(=O)O[C@H]1CCC=C2C=C[C@H](C)[C@H](CC[C@@H]3C[C@@H](O)CC(=O)O3)[C@@H]12,0
COc1ccc(CN2CCNCC2)c(OC)c1OC,0
Oc1c(cc(cc1[N+](=O)[O-])[N+](=O)[O-])C(=O)N\N=C\c2oc(cc2)[N+](=O)[O-],0
CN1CCN(CC1)C2=Nc3ccccc3Nc4sc(C)cc24,1
CC[C@]1(O)CC[C@H]2[C@@H]3CCC4=CCCC[C@@H]4[C@H]3CC[C@]12C,0
C[C@]12C[C@H](O)[C@@]3(F)[C@@H](CCC4=CC(=O)C=C[C@]34C)[C@@H]1C[C@@H](O)[C@]2(O)C(=O)CO,0
COc1ccc(CN(CCN(C)C)c2ccccn2)cc1,0
OC[C@H]1O[C@@H](OC[C@H]2O[C@@H](O[C@@H](C#N)c3ccccc3)[C@H](O)[C@@H](O)[C@@H]2O)[C@H](O)[C@@H](O)[C@@H]1O,0
CC1CN(CCN1)c2cc3N(C=C(C(=O)O)C(=O)c3cc2F)c4ccc(F)cc4F,0
CNCCC=C1c2ccccc2CCc3ccccc13,0
COC(=O)Nc1nc2ccc(Sc3ccccc3)cc2[nH]1,0
COc1cc(ccc1Cc2cn(C)c3ccc(NC(=O)OC4CCCC4)cc23)C(=O)NS(=O)(=O)c5ccccc5C,0
C[C@@H]1OC(=O)C[C@H](O)C[C@H](O)C[C@H](O)CC[C@@H](O)[C@H](O)C[C@]2(O)C[C@H](O)[C@H]([C@H](C[C@@H](O[C@H]3O[C@@H](C)[C@H](O)[C@@H](N)[C@H]3O)\C=C\C=C\C=C\C=C\CC\C=C\C=C\[C@H](C)[C@@H](O)[C@H]1C)O2)C(=O)O,0
Cc1cc(C(C#N)c2ccc(Cl)cc2)c(Cl)cc1NC(=O)c3cc(I)cc(I)c3O,0
CCN(C(=O)C)c1cccc(c1)c2ccnc3c(cnn23)C#N,0
NC[C@H]1O[C@H](O[C@@H]2[C@@H](N)C[C@@H](N)[C@H](O[C@H]3O[C@H](CO)[C@@H](O)[C@H](N)[C@H]3O)[C@H]2O)[C@H](O)[C@@H](O)[C@@H]1O,0
Fc1ccc(cc1)C(=O)CCCN2CCC(=CC2)N3C(=O)Nc4ccccc34,1
OC(=O)CCCc1cccs1,0
Nc1ccc(cc1)S(=O)(=O)Nc2ncccn2,0
CC(=O)CC(C1=C(O)c2ccccc2OC1=O)c3ccccc3,0
OC(CCN1CCCCC1)(C2CCCCC2)c3ccccc3,0
CCOC(=O)[C@H](CCc1ccccc1)N[C@H]2CCc3ccccc3N(CC(=O)O)C2=O,0
NC(=O)NC(=O)Cc1ccccc1,0
CC[C@H](C)C(=O)O[C@H]1C[C@@H](C)C=C2C=C[C@H](C)[C@H](CC[C@@H]3C[C@@H](O)CC(=O)O3)[C@@H]12,0
CCCCCCCCCc1ccc(O)cc1,0
OCCNCCNc1ccc(NCCNCCO)c2C(=O)c3c(O)ccc(O)c3C(=O)c12,0
C[C@]12CCC(=O)C=C1CC[C@@H]3[C@@H]2CC[C@@]4(C)[C@H]3CC[C@@]4(O)C#C,0
CC(=O)Oc1ccccc1C(=O)O,0
Clc1ccc(CSC(Cn2ccnc2)c3ccc(Cl)cc3Cl)cc1,0
N[C@@H](Cc1ccc(F)cc1)C(=O)O,0
CCC1(CCC(=O)NC1=O)c2ccc(N)cc2,0
CN1C(=O)COc2c1cc(Cl)cc2C(=O)NC3CN4CCC3CC4,0
CN1CCN(CC1)c2c(F)cc3C(=O)C(=CN(CCF)c3c2F)C(=O)O,0
C[C@H]1O[C@H]([C@H](O)[C@@H]1O)N2C=C(F)C(=O)NC2=O,0
COC(=O)CCc1ccc(OCC(O)CNC(C)C)cc1,0
Nc1nc(Cl)nc2c1ncn2[C@H]3C[C@H](O)[C@@H](CO)O3,0
c1ccc2[nH]c(nc2c1)c3cscn3,0
CC(C)[C@H]1NC(=O)[C@@H](NC(=O)C2=C(N)C(=O)C(=C3Oc4c(C)ccc(C(=O)N[C@H]5[C@@H](C)OC(=O)[C@H](C(C)C)N(C)C(=O)CN(C)C(=O)[C@@H]6CCCN6C(=O)[C@H](NC5=O)C(C)C)c4N=C23)C)[C@@H](C)OC(=O)[C@H](C(C)C)N(C)C(=O)CN(C)C(=O)[C@@H]7CCCN7C1=O,0
CN(C)CCCN1c2ccccc2Sc3ccccc13,1
C\C(=C\C(=O)O)\C=C\C=C(/C)\C=C\C1=C(C)CCCC1(C)C,0
[Br-].CCC(C)C(C(=O)OCC[N+](C)(CC)CC)c1ccccc1,0
Cc1c(O)cccc1C(=O)N[C@@H](CSc2ccccc2)[C@H](O)CN3C[C@H]4CCCC[C@H]4C[C@H]3C(=O)NC(C)(C)C,0
CO[C@H]1[C@@H](C[C@@H]2CN3CCc4c([nH]c5cc(OC)ccc45)[C@H]3C[C@@H]2[C@@H]1C(=O)OC)OC(=O)c6cc(OC)c(OC)c(OC)c6,0
FC(F)(F)c1ccccc1C(=O)N2CCC(Cc3ccccc3)CC2,0
CC(N(O)C(=O)N)c1cc2ccccc2s1,0
COc1ccc(Cc2nccc3cc(OC)c(OC)cc23)cc1OC,0
CNCCCC12CCC(c3ccccc13)c4ccccc24,1
CCCCCCCCN[C@H](C)[C@@H](O)c1ccc(SC(C)C)cc1,0
Clc1ccccc1C(=O)N2CCC(Cc3ccccc3)CC2,0
COC(=O)c1ccc(O)cc1,0
C[C@H]1[C@H](NC(=O)\C(=N/OC(C)(C)C(=O)O)\c2csc(N)n2)C(=O)N1S(=O)(=O)O,0
CCC1=C(C)CN(C(=O)NCCc2ccc(cc2)S(=O)(=O)NC(=O)N[C@@H]3CC[C@@H](C)CC3)C1=O,0
CN1CCN(CC1)C(c2ccccc2)c3ccccc3,0
CN(C)[C@H]1[C@@H]2C[C@H]3C(=C(O)[C@]2(O)C(=O)C(=C1O)C(=O)N)C(=O)c4c(O)ccc(Cl)c4[C@@]3(C)O,0
