smiles,label
CC[C@]1(O)C[C@H]2CN(CCc3c([nH]c4ccccc34)[C@@](C2)(C(=O)OC)c5cc6c(cc5OC)N(C=O)[C@H]7[C@](O)([C@H](OC(=O)C)[C@]8(CC)C=CCN9CC[C@]67[C@H]89)C(=O)OC)C1,0
CO[C@H]1[C@@H](C[C@@H]2CN3CCc4c([nH]c5cc(OC)ccc45)[C@H]3C[C@@H]2[C@@H]1C(=O)OC)OC(=O)c6cc(OC)c(OC)c(OC)c6,0
Sc1ncnc2nc[nH]c12,0
CN(C)C=O,0
CC(O)Cn1c(C)ncc1[N+](=O)[O-],0
CC(C(=O)O)c1ccc(c(F)c1)c2ccccc2,0
CNC(=C[N+](=O)[O-])NCCSCc1csc(CN(C)C)n1,0
OC(Cc1cccnc1)(P(=O)(O)O)P(=O)(O)O,0
CCCCOC(=O)c1ccc(N)cc1,0
OC(Cn1cncn1)(Cn2cncn2)c3ccc(F)cc3F,0
CO[C@@H]1C[C@H](C[C@@H](C)[C@@H]2CC(=O)[C@H](C)\C=C(/C)\[C@@H](O)[C@@H](OC)C(=O)[C@H](C)C[C@H](C)\C=C\C=C\C=C(/C)\[C@H](C[C@@H]3CC[C@@H](C)[C@@](O)(O3)C(=O)C(=O)N4CCCC[C@H]4C(=O)O2)OC)CC[C@H]1O,0
CC(C)[C@@H]1CC[C@H](CC1)C(=O)N[C@H](Cc2ccccc2)C(=O)O,0
O=C1C=C(Oc2ccc3ccccc3c12)c4ccccc4,0
CC[C@H]1OC(=O)[C@H](C)[C@@H](O[C@H]2C[C@@](C)(OC)[C@@H](O)[C@H](C)O2)[C@H](C)[C@@H](O[C@@H]3O[C@H](C)C[C@@H]([C@H]3OC(=O)CC)N(C)C)[C@](C)(O)C[C@@H](C)C(=O)[C@H](C)[C@@H](O)[C@]1(C)O,0
Oc1ccc2C[C@H]3N(CC=C)CC[C@@]45[C@@H](Oc1c24)C(=O)CC[C@@]35O,0
CC1(C)O[C@@H]2C[C@H]3[C@@H]4CCC5=CC(=O)C=C[C@]5(C)[C@@]4(F)[C@@H](O)C[C@]3(C)[C@@]2(O1)C(=O)CO,0
CO\N=C(/C(=O)N[C@H]1[C@H]2SCC(=C(N2C1=O)C(=O)O)COC(=O)C)\c3csc(N)n3,0
Cc1cc(C(C#N)c2ccc(Cl)cc2)c(Cl)cc1NC(=O)c3cc(I)cc(I)c3O,0
CN1C(=O)N(CCCCC(=O)C)C(=O)c2c1ncn2C,0
CS(=O)(=O)OCCCCOS(=O)(=O)C,0
CN1C=CC(=O)C(=C1C)O,0
OC1=NC(=O)C(N1)(c2ccccc2)c3ccccc3,0
CCC1(CCC(C)C)C(=O)NC(=NC1=O)O,0
Clc1ccc(COC(Cn2ccnc2)c3ccc(Cl)cc3Cl)c(Cl)c1,1
NC(=O)c1cccc(N)c1,0
ClCCN(CCCl)P1(=O)NCCCO1,0
NNc1nncc2ccccc12,0
CN(CCOc1ccc(CC2SC(=O)NC2=O)cc1)c3ccccn3,0
CCCCOc1ccc(OCCCN2CCOCC2)cc1,0
CCOC(=O)[C@H](CCc1ccccc1)N[C@H]2CCc3ccccc3N(CC(=O)O)C2=O,0
C[C@H]1[C@H](NC(=O)\C(=N/OC(C)(C)C(=O)O)\c2csc(N)n2)C(=O)N1S(=O)(=O)O,0
Clc1cccc(c1)N2CCN(CCCN3N=C4C=CC=CN4C3=O)CC2,0
Cc1ccccc1C(=O)N2CCC(Cc3ccccc3)CC2,0
CC(C)(C)NC(=O)[C@@H]1C[C@@H]2CCCC[C@@H]2CN1C[C@@H](O)[C@H](Cc3ccccc3)NC(=O)[C@H](CC(=O)N)NC(=O)c4ccc5ccccc5n4,0
NC1=NC(=O)N(C=C1)[C@@H]2O[C@H](CO)[C@@H](O)C2(F)F,0
Oc1ccc(C=C(C#N)C#N)cc1O,0
COc1ccc2C[C@H]3[C@H]4CCCC[C@@]4(CCN3C)c2c1,0
Nc1c(Br)cc(Br)cc1CN[C@@H]2CC[C@@H](O)CC2,0
COc1cc2nc(nc(N)c2cc1OC)N3CCN(CC3)C(=O)C4CCCO4,0
CN1C[C@@H](C[C@H]2[C@H]1Cc3c[nH]c4cccc2c34)C(=O)N[C@]5(C)O[C@@]6(O)[C@@H]7CCCN7C(=O)[C@H](Cc8ccccc8)N6C5=O,1
OC(=O)c1cc(ccc1O)c2ccc(F)cc2F,0
CN1CCC[C@H]1c2cccnc2,0
CC(C)C(Br)C(=O)NC(=O)N,0
CC(=C)[C@@H]1[C@H]2OC(=O)[C@@H]1[C@]3(O)C[C@H]4O[C@]45C(=O)O[C@H]2[C@]35C,0
NCCCC[C@H](N[C@@H](CCc1ccccc1)C(=O)O)C(=O)N2CCC[C@H]2C(=O)O,0
S(Sc1nc2ccccc2s1)c3nc4ccccc4s3,1
CCOC(=O)N1CCC(=C2c3ccc(Cl)cc3CCc4cccnc24)CC1,0
COc1ccc(CN2CCNCC2)c(OC)c1OC,0
Cl.CCCCN1CCCCC1C(=O)Nc2c(C)cccc2C,0
C[C@H](C(=O)O)c1cccc(c1)C(=O)c2ccccc2,0
NS(=O)(=O)c1cc2c(NCNS2(=O)=O)cc1Cl,0
COc1cc(cc(OC)c1OC)C(=O)NC2CCCNC2,0
CC(C)CCC[C@@H](C)[C@H]1CC[C@H]2\C(=C\C=C/3\C[C@@H](O)CCC3=C)\CCC[C@]12C,0
CC(C(=O)O)c1ccc(CC2CCCC2=O)cc1,0
N(c1ccccc1)c2ccc(Nc3ccccc3)cc2,0
Cc1cc(C)nc(NS(=O)(=O)c2ccc(N)cc2)n1,0
NC(=O)N1C(=O)\C(=C(/O)\c2cccs2)\c3cc(Cl)ccc13,0
CN(C)CCOC(c1ccccc1)c2ccccc2.CN3C(=O)N(C)c4nc(Cl)[nH]c4C3=O,0
CCCC1O[C@@H]2C[C@H]3[C@@H]4CCC5=CC(=O)C=C[C@]5(C)[C@H]4[C@@H](O)C[C@]3(C)[C@@]2(O1)C(=O)CO,0
CC(CN1c2ccccc2Sc3ccccc13)N(C)C,1
CN1C(=C(O)c2ccccc2S1(=O)=O)C(=O)Nc3ccccn3,0
CO[C@H]1C[C@@H](O[C@H]2C[C@@H](O[C@H]2[C@]3(C)CC[C@@H](O3)[C@]4(C)CC[C@]5(C[C@H](O)[C@@H](C)[C@H](O5)[C@@H](C)[C@@H]6O[C@](O)(CC(=O)O)[C@@H](C)[C@H](OC)[C@H]6OC)O4)[C@H]7O[C@](C)(O)[C@H](C)C[C@@H]7C)O[C@@H](C)[C@@H]1OC,1
O[C@H]1CC[C@@]2(O)[C@H]3Cc4ccc(O)c5O[C@@H]1[C@]2(CCN3CC6CCC6)c45,0
C[C@]12CC[C@@H](O)C[C@@H]1CC[C@@H]3[C@@H]2CC[C@@]4(C)[C@H]3CCC4=O,0
Nc1ccc(C(=O)O)c(O)c1,0
c1ccc2c(c1)c3cccc4ccc5cccc2c5c34,0
N[C@@H](Cc1cc(I)c(Oc2ccc(O)c(I)c2)c(I)c1)C(=O)O,0
Cl.NC[C@@H]1CC[C@H](CC1)C(=O)Oc2ccc(CCC(=O)O)cc2,0
Oc1cc(cc(O)c1O)C(=O)Oc2cc(cc(O)c2O)C(=O)OC[C@H]3O[C@@H](OC(=O)c4cc(O)c(O)c(OC(=O)c5cc(O)c(O)c(O)c5)c4)[C@H](OC(=O)c6cc(O)c(O)c(OC(=O)c7cc(O)c(O)c(O)c7)c6)[C@@H](OC(=O)c8cc(O)c(O)c(OC(=O)c9cc(O)c(O)c(O)c9)c8)[C@@H]3OC(=O)c%10cc(O)c(O)c(OC(=O)c%11cc(O)c(O)c(O)c%11)c%10,0
CC(C)(C(=O)c1cccnc1)c2cccnc2,0
CN1C[C@@H]2C[C@H]1CN2c3cc4N(C=C(C(=O)O)C(=O)c4cc3F)C5CC5,0
CC[C@@]1(O)C[C@H](O[C@H]2C[C@@H]([C@H](O[C@H]3C[C@H](O)[C@H](O[C@H]4CCC(=O)[C@H](C)O4)[C@H](C)O3)[C@H](C)O2)N(C)C)c5c(O)c6C(=O)c7c(O)cccc7C(=O)c6cc5[C@H]1C(=O)OC,0
CC(=O)O[C@H]1C(=O)[C@]2(C)[C@@H](O)C[C@H]3OC[C@@]3(OC(=O)C)[C@H]2[C@H](OC(=O)c4ccccc4)[C@]5(O)C[C@H](OC(=O)[C@H](O)[C@@H](NC(=O)c6ccccc6)c7ccccc7)C(=C1C5(C)C)C,0
CCCC(=O)Nc1ccc(OCC(O)CNC(C)C)c(c1)C(=O)C,0
CC(O)C(=O)O,0
COc1ccc2[C@H]3CC[C@@]4(C)[C@@H](CC[C@@]4(O)C#C)[C@@H]3CCc2c1,0
CC12CCC(CC1)C(C)(C)O2,0
COc1ccc2c(c1)c(CC(=O)OCC(=O)O)c(C)n2C(=O)c3ccc(Cl)cc3,0
O=C(C1CCCCC1)N2CC3N(CCc4ccccc34)C(=O)C2,0
CN(C)CCOC(c1ccccc1)c2ccccc2C,0
Cn1cnc(c1Sc2ncnc3nc[nH]c23)[N+](=O)[O-],0
COc1c2OC(=O)C=Cc2cc3ccoc13,0
CNC(=O)Oc1ccc2N(C)[C@H]3N(C)CC[C@@]3(C)c2c1,0
CN(C)CCCN1c2ccccc2Sc3ccccc13,1
CCCN1C[C@H](CSC)C[C@H]2[C@H]1Cc3c[nH]c4cccc2c34,1
Cc1ccc(cc1)S(=O)(=O)NC(=O)NN2CC3CCCC3C2,0
O=C1C(C(=O)c2ccccc12)c3ccccc3,0
OC(=O)P(=O)(O)O,0
CC(=N)S,0
COc1ccc2cc(CC(=O)O)ccc2c1,0
OC[C@H]1O[C@H](C[C@@H]1O)N2C=C(I)C(=O)NC2=O,0
CCCCCCCCN[C@H](C)[C@@H](O)c1ccc(SC(C)C)cc1,0
CN1CCC(=C2c3ccccc3C=Cc4ccccc24)CC1,1
CC(C)NCC(O)c1ccc(O)c(O)c1,0
CNCCCC12CCC(c3ccccc13)c4ccccc24,1
OC1N=C(c2ccccc2Cl)c3cc(Cl)ccc3NC1=O,0
CC(C)NCC(O)COc1ccc(CC(=O)N)cc1,0
ClCCNP1(=O)OCCCN1CCCl,0
CN(C)CC[C@@H](c1ccc(Cl)cc1)c2ccccn2,0
CN(C)C(=N)NC(=N)N,0
CCN(CC)CC#CCOC(=O)C(O)(C1CCCCC1)c2ccccc2,0
NC(=O)c1cccnc1,0
CC(=O)S[C@@H]1CC2=CC(=O)CC[C@]2(C)[C@H]3CC[C@@]4(C)[C@@H](CC[C@@]45CCC(=O)O5)[C@H]13,0
O=C1C=C(Oc2c1cccc2c3ccccc3)N4CCOCC4,0
CCOC(=O)c1ccc(N)cc1,0
CC1(C)[C@H]2CC[C@]1(C)C(=O)C2,0
Fc1ccc(SC2=NN3C=NC(=O)C(=C3C=C2)c4c(Cl)cccc4Cl)c(F)c1,0
CC[C@]12CC[C@H]3[C@@H](CCC4=CC(=O)CC[C@H]34)[C@@H]1CCC2(O)C#C,0
NC(=Nc1nc(CSCC\C(=N\S(=O)(=O)N)\N)cs1)N,0
CC[C@H]1OC(=O)[C@H](C)[C@@H](O[C@H]2C[C@@](C)(OC)[C@@H](O)[C@H](C)O2)[C@H](C)[C@@H](O[C@@H]3O[C@H](C)C[C@@H]([C@H]3O)N(C)C)[C@](C)(O)C[C@@H](C)\C(=N/OCOCCOC)\[C@H](C)[C@@H](O)[C@]1(C)O,0
CN[C@@H]1[C@H](O)[C@H](NC)[C@H]2O[C@]3(O)[C@@H](O[C@H](C)CC3=O)O[C@@H]2[C@H]1O,0
CN1C(=O)OC(C)(C)C1=O,0
CN(N=O)C(=O)N[C@H]1C(O)O[C@H](CO)[C@@H](O)[C@@H]1O,0
CCCCC1=NC2(CCCC2)C(=O)N1Cc3ccc(cc3)c4ccccc4c5nn[nH]n5,0
CC(CCc1ccc(O)cc1)NCCc2ccc(O)c(O)c2,0
C[C@H]1O[C@H]([C@H](O)[C@@H]1O)N2C=C(F)C(=O)NC2=O,0
CCCCCCCCCc1ccc(O)cc1,0
NC1CCN(C1)c2nc3N(C=C(C(=O)O)C(=O)c3cc2F)c4ccc(F)cc4F,0
COC(=O)Nc1nc2cc(ccc2[nH]1)[S+]([O-])c3ccccc3,0
CN(C)CCC=C1c2ccccc2COc3ccccc13,0
CCC(=O)O[C@@]1([C@@H](C)C[C@H]2[C@@H]3CCC4=CC(=O)C=C[C@]4(C)[C@@]3(F)[C@@H](O)C[C@]12C)C(=O)CCl,0
Nc1nc(Cl)nc2c1ncn2[C@H]3C[C@H](O)[C@@H](CO)O3,0
C[C@H]1C[C@H](C)C(=O)[C@@H](C1)[C@H](O)CC2CC(=O)NC(=O)C2,0
OC[C@H]1O[C@@H]2O[C@H]3[C@H](O)[C@@H](O)[C@H](O[C@@H]3CO)O[C@H]4[C@H](O)[C@@H](O)[C@H](O[C@@H]4CO)O[C@H]5[C@H](O)[C@@H](O)[C@H](O[C@@H]5CO)O[C@H]6[C@H](O)[C@@H](O)[C@H](O[C@@H]6CO)O[C@H]7[C@H](O)[C@@H](O)[C@H](O[C@@H]7CO)O[C@H]8[C@H](O)[C@@H](O)[C@H](O[C@@H]8CO)O[C@H]1[C@H](O)[C@H]2O,0
COc1ccc(cc1)C(CN(C)C)C2(O)CCCCC2,0
CN1C(=O)CN=C(c2ccccc2)c3cc(ccc13)[N+](=O)[O-],0
CCN1CCN(CC1)c2cc3N(C=C(C(=O)O)C(=O)c3cc2F)C4CC4,0
CN1CCN(CCCN2c3ccccc3Sc4ccc(cc24)C(F)(F)F)CC1,0
CCCCOc1cc(CC2CNC(=O)N2)ccc1OC,0
CC(N)C(=O)Nc1c(C)cccc1C,0
C[C@]12CC[C@H]3[C@@H](CCc4cc(OC(=O)c5ccccc5)ccc34)[C@@H]1CC[C@@H]2O,0
CN(C)CCN(Cc1cccs1)c2ccccn2,0
CC(N)COc1c(C)cccc1C,0
C[C@](O)(CS(=O)(=O)c1ccc(F)cc1)C(=O)Nc2ccc(C#N)c(c2)C(F)(F)F,0
CN1C(=O)CN=C(c2ccccc2)c3cc(Cl)ccc13,0
C[N+](C)(C)C[C@H](O)CC(=O)[O-],0
[Br-].C[N+]1(C)[C@H]2C[C@@H](C[C@H]1[C@H]3O[C@@H]23)OC(=O)[C@H](CO)c4ccccc4,0
Nc1nc(F)nc2c1ncn2[C@@H]3O[C@H](CO)[C@@H](O)[C@@H]3O,0
COc1ccc(cc1)C2C(=O)c3ccccc3C2=O,0
CC(C)NCC(O)COc1cccc2ccccc12,0
[O-][N+](=O)c1ccc2NC(=O)CN=C(c3ccccc3Cl)c2c1,0
C[C@]1(O)CC[C@H]2[C@@H]3CC[C@H]4Cc5n[nH]cc5C[C@]4(C)[C@H]3CC[C@]12C,0
COCCCOc1ccnc(C[S+]([O-])c2nc3ccccc3[nH]2)c1C,0
CC(=O)O[C@@]1(CC[C@H]2[C@@H]3C=C(Cl)C4=CC(=O)CC[C@]4(C)[C@H]3CC[C@]12C)C(=O)C,0
Nc1ccc(cc1)S(=O)(=O)NC(=O)c2ccccc2,0
C[C@@H](CO)NC(=O)[C@H]1CN(C)[C@@H]2Cc3c[nH]c4cccc(C2=C1)c34,1
COC(=O)c1ccccc1O,0
CCCNC(C)C(=O)Nc1ccccc1C,0
CN1C(=O)N(C)c2ncn(CC(O)CO)c2C1=O,0
COC1=CC(=O)OC1(O)C(=C)C,0
COc1ccc2CN(C)CC[C@@]34C=C[C@H](O)C[C@@H]3Oc1c24,0
NC(=O)c1cnccn1,0
CCN(CC)CCNC(=O)c1ccc(N)cc1,0
CCCC1=CC(=O)NC(=S)N1,0
[Cl-].C[N+](C)(C)CCOC(=O)N,0
OCCO,0
CN(C1CCCCC1)C(=O)CCCOc2ccc3nc(O)ccc3c2,0
[Cl-].C[N+](C)(C)CCO,0
CC(C(=O)O)c1cccc(c1)C(=O)c2ccccc2,0
CN[C@H]1CC[C@@H](c2ccc(Cl)c(Cl)c2)c3ccccc13,0
CNCCC(Oc1ccc(cc1)C(F)(F)F)c2ccccc2,0
Cc1c(C)c2OC(C)(COc3ccc(CC4SC(=O)NC4=O)cc3)CCc2c(C)c1O,0
ClCCNC(=O)N(CCCl)N=O,0
CC[C@]1(O)CC[C@H]2[C@@H]3CCC4=CCCC[C@@H]4[C@H]3CC[C@]12C,0
CNC(=C[N+](=O)[O-])NCCSCc1oc(CN(C)C)cc1,0
OC(=O)CCCc1ccc(cc1)N(CCCl)CCCl,0
CCN[C@@H]1C[C@H](N)[C@@H](O[C@H]2OC(=CC[C@H]2N)CN)[C@H](O)[C@H]1O[C@H]3OC[C@](C)(O)[C@H](NC)[C@H]3O,0
NC[C@@H]1O[C@H](O[C@H]2[C@@H](O)[C@H](O[C@@H]3[C@@H](O)[C@H](N)C[C@H](N)[C@H]3O[C@H]4O[C@H](CN)[C@@H](O)[C@H](O)[C@H]4N)O[C@@H]2CO)[C@H](N)[C@@H](O)[C@@H]1O,0
C[S+]([O-])c1ccc(cc1)c2nc(c3ccc(F)cc3)c([nH]2)c4ccncc4,0
C[C@@H]1C[C@H]2[C@@H]3CCC4=CC(=O)C=C[C@]4(C)[C@@]3(F)[C@@H](O)C[C@]2(C)[C@@]1(O)C(=O)CO,0
N[C@H](CSC(=S)NCc1ccccc1)C(=O)O,0
CC1=CN([C@@H]2O[C@H](CO)C=C2)C(=O)NC1=O,0
CC(=O)Oc1ccccc1C(=O)O,0
CN1CCC[C@@H]1CCO[C@](C)(c2ccccc2)c3ccc(Cl)cc3,1
NC(=O)NO,0
Cc1ccc(cc1)C(=O)c2ccc(CC(=O)O)n2C,0
COc1cc2nc(nc(N)c2cc1OC)N3CCN(CC3)C(=O)c4occc4,0
CC(=O)CC(C1=C(O)c2ccccc2OC1=O)c3ccccc3,0
OC(=O)Cc1ccccc1Nc2c(Cl)cccc2Cl,0
Oc1ccc(\C=C\C(=O)OCCc2ccccc2)cc1O,0
ClC(Cl)(Cl)Cl,0
FC(F)(F)c1ccccc1C(=O)N2CCC(Cc3ccccc3)CC2,0
CCCCNc1ccc(cc1)C(=O)OCCN(C)C,0
CC(N(O)C(=O)N)c1cc2ccccc2s1,0
CC#C[C@]1(O)CC[C@H]2[C@@H]3CCC4=CC(=O)CCC4=C3[C@H](C[C@]12C)c5ccc(cc5)N(C)C,0
CN1C(=O)N(C)c2nc[nH]c2C1=O.CN3C(=O)N(C)c4nc[nH]c4C3=O.NCCN,0
CS(=O)(=O)c1ccc(cc1)[C@@H](O)[C@@H](CO)NC(=O)C(Cl)Cl,0
OC(=O)CNCP(=O)(O)O,0
COc1cc(\C=C\C(=O)O)ccc1O,0
CCOc1nc2cccc(C(=O)O)c2n1Cc3ccc(cc3)c4ccccc4c5nnn[nH]5,0
CN1CCCC(CN2c3ccccc3Sc4ccccc24)C1,0
CC(C)(Oc1ccc(CCNC(=O)c2ccc(Cl)cc2)cc1)C(=O)O,0
COc1ccc(CCN(C)CCCC(C#N)(C(C)C)c2ccc(OC)c(OC)c2)cc1OC,0
CC[C@@H]1NC(=O)[C@H]([C@H](O)[C@H](C)C\C=C\C)N(C)C(=O)[C@H](C(C)C)N(C)C(=O)[C@H](CC(C)C)N(C)C(=O)[C@H](CC(C)C)N(C)C(=O)[C@@H](C)NC(=O)[C@H](C)NC(=O)[C@H](CC(C)C)N(C)C(=O)[C@@H](NC(=O)[C@H](CC(C)C)N(C)C(=O)CN(C)C1=O)C(C)C,0
COc1ccccc1OCC(O)CO,0
CS(=O)(=O)c1ccc(cc1)C2=C(C(=O)OC2)c3ccccc3,0
CN1CCCCC1C(=O)Nc2c(C)cccc2C,0
CC(C)Cc1ccc(cc1)[C@@H](C)C(=O)O,0
NC(=N)NC(=O)Cc1c(Cl)cccc1Cl,0
Fc1ccccc1C(=O)N2CCC(Cc3ccccc3)CC2,0
CCCCc1nc(Cl)c(CO)n1Cc2ccc(cc2)c3ccccc3c4nnn[nH]4,0
CCCCN1CCCC[C@H]1C(=O)Nc2c(C)cccc2C,0
CCN(CC)CC(=O)Nc1c(C)cccc1C,0
COC(=O)Nc1nc2ccc(cc2[nH]1)C(=O)c3ccccc3,0
[O-][N+](=O)c1ccc2NC(=O)CN=C(c3ccccc3)c2c1,0
Cc1onc(c2ccccc2Cl)c1C(=O)N[C@H]3[C@H]4SC(C)(C)[C@@H](N4C3=O)C(=O)O,0
CN(C)CCC=C1c2ccccc2CCc3ccccc13,1
Clc1ccc2N(C3CCN(CCCN4C(=O)Nc5ccccc45)CC3)C(=O)Nc2c1,1
Cc1ccc(cc1)S(=O)(=O)NC(=O)NN2CCCCCC2,0
CN(Cc1cnc2nc(N)nc(N)c2n1)c3ccc(cc3)C(=O)N[C@@H](CCC(=O)O)C(=O)O,0
c1ccc2[nH]c(nc2c1)c3cscn3,0
CC(C)(C)NC(=O)[C@@H]1CN(Cc2cccnc2)CCN1C[C@@H](O)C[C@@H](Cc3ccccc3)C(=O)N[C@@H]4[C@H](O)Cc5ccccc45,0
Cc1ccnc(NS(=O)(=O)c2ccc(N)cc2)n1,0
CC1=CC(=O)N(O)C(=C1)C2CCCCC2,0
CCN(CC)CCOCCC1=CCC2CC1C2(C)C,0
CC(=O)[C@H]1[C@@H](C[C@H]2[C@@H]3CC=C4C[C@@H](O)CC[C@]4(C)[C@H]3CC[C@]12C)C#N,0
ClCCN(N=O)C(=O)NC1CCCCC1,0
C[C@]12C[C@H](O)[C@@]3(F)[C@@H](CCC4=CC(=O)C=C[C@]34C)[C@@H]1C[C@@H](O)[C@]2(O)C(=O)CO,0
CCN1CCCC1CNC(=O)c2cc(ccc2OC)S(=O)(=O)N,1
CN1[C@@H]2CC[C@H]1C[C@H](C2)OC(c3ccccc3)c4ccccc4,0
CC(C)(C)NC(=O)[C@H]1CC[C@H]2[C@@H]3CC[C@H]4NC(=O)C=C[C@]4(C)[C@H]3CC[C@]12C,0
COc1ccccc1N,0
OCc1ccccc1,0
[Cl-].[Cl-].C[N+](C)(C)CCOC(=O)CCC(=O)OCC[N+](C)(C)C,0
CCc1oc2ccccc2c1C(=O)c3cc(Br)c(O)c(Br)c3,0
OC(=O)c1ccccc1C2=C3C=CC(=O)C=C3Oc4cc(O)ccc24,0
CN1CCN(CC1)C2=Nc3cc(Cl)ccc3Nc4ccccc24,1
Nc1ccc2C(=O)NC(=O)c3cccc1c23,0
Clc1ccc2C(=C3CCNCC3)c4ncccc4CCc2c1,0
CC1=C(C=C(C#N)C(=O)N1)c2ccncc2,0
CN(C)c1nc(nc(n1)N(C)C)N(C)C,0
OC(=O)c1ccccc1O,0
COc1ccc(\C=C\C(=O)Nc2ccccc2C(=O)O)cc1OC,0
CC1Cc2ccccc2N1NC(=O)c3ccc(Cl)c(c3)S(=O)(=O)N,0
CN(C)\N=N\c1[nH]cnc1C(=O)N,0
COc1cc(NC(C)CCCN)c2ncccc2c1,0
C[C@](N)(Cc1ccc(O)c(O)c1)C(=O)O,0
CC[C@H]1OC(=O)[C@H](C)[C@@H](O[C@H]2C[C@@](C)(OC)[C@@H](O)[C@H](C)O2)[C@H](C)[C@@H](O[C@@H]3O[C@H](C)C[C@@H]([C@H]3O)N(C)C)[C@@](C)(C[C@@H](C)C(=O)[C@H](C)[C@@H](O)[C@]1(C)O)OC,0
CCc1c2CN3C(=O)C4=C(C=C3c2nc5ccc(OC(=O)N6CCC(CC6)N7CCCCC7)cc15)[C@@](O)(CC)C(=O)OC4,0
COc1ccccc1OCCNCC(O)COc2cccc3[nH]c4ccccc4c23,1
C\C(=C/C=C/C(=C/C(=O)O)/C)\C=C\C1=C(C)CCCC1(C)C,0
Nc1ccc(cc1)S(=O)(=O)Nc2nccs2,0
C[C@@H]1OC(=O)C[C@H](O)C[C@H](O)C[C@H](O)CC[C@@H](O)[C@H](O)C[C@]2(O)C[C@H](O)[C@H]([C@H](C[C@@H](O[C@H]3O[C@@H](C)[C@H](O)[C@@H](N)[C@H]3O)\C=C\C=C\C=C\C=C\CC\C=C\C=C\[C@H](C)[C@@H](O)[C@H]1C)O2)C(=O)O,0
Cc1ccc2cc3c(ccc4ccccc34)c5CCc1c25,0
C[S+]([O-])c1ccc(\C=C/2\C(=C(CC(=O)O)c3cc(F)ccc23)C)cc1,0
Nc1c2CCCCc2nc3ccccc13,0
OC(=O)CC(O)(CC(=O)O)C(=O)O,0
O=C1N=CN=C2NNC=C12,0
CCc1ccc(CCOc2ccc(CC3SC(=O)NC3=O)cc2)nc1,0
CCOC(=O)c1ncn2c1CN(C)C(=O)c3cc(F)ccc23,0
CCOC(=O)C1=C(COCCN)NC(=C(C1c2ccccc2Cl)C(=O)OC)C,0
C1CN2C[C@@H](N=C2S1)c3ccccc3,0
C(C(C1CCCCC1)C2CCCCC2)C3CCCCN3,0
CCCCCCNC(=O)N1C=C(F)C(=O)NC1=O,0
C[C@]12CC[C@H]3[C@@H](CCc4cc(O)ccc34)[C@@H]1CCC2=O,0
COC(=O)Nc1nc2ccc(cc2[nH]1)C(=O)c3cccs3,0
C\C(=C/c1ccccc1)\C=C\2/SC(=S)N(CC(=O)O)C2=O,0
CC(CN1CCCCC1)C(=O)c2ccc(C)cc2,0
CC(C)(S)[C@@H](N)C(=O)O,0
CCc1ccc(cc1)C(=O)C(C)CN2CCCCC2,0
CC(=O)OCC(=O)[C@@]12OC(C)(C)O[C@@H]1C[C@H]3[C@@H]4C[C@H](F)C5=CC(=O)C=C[C@]5(C)[C@@]4(F)[C@@H](O)C[C@]23C,0
Cc1cc(O)cc(C)c1Cl,0
COc1cccc2C(=O)c3c(O)c4C[C@](O)(C[C@H](O[C@H]5C[C@H](N)[C@H](O)[C@H](C)O5)c4c(O)c3C(=O)c12)C(=O)CO,0
CN1C[C@@H](C=C2[C@H]1Cc3c[nH]c4cccc2c34)C(=O)N[C@]5(C)O[C@@]6(O)[C@@H]7CCCN7C(=O)[C@H](Cc8ccccc8)N6C5=O,1
CCO,0
CC1CN(CCN1)c2cc3N(C=C(C(=O)O)C(=O)c3c(C)c2F)C4CC4,0
CC1(C)[C@H](CC[C@@]2(C)[C@H]1CC[C@]3(C)[C@@H]2C(=O)C=C4[C@@H]5C[C@](C)(CC[C@]5(C)CC[C@@]34C)C(=O)O)O[C@H]6O[C@@H]([C@@H](O)[C@H](O)[C@H]6O[C@@H]7O[C@@H]([C@@H](O)[C@H](O)[C@H]7O)C(=O)O)C(=O)O,0
COc1ccc(Cc2nccc3cc(OC)c(OC)cc23)cc1OC,0
CC(C)(C)NCC(O)c1cc(O)cc(O)c1,0
Nc1nc(O)c2ncn(COCCO)c2n1,0
CO[C@H]1O[C@@H]2O[C@@]3(C)CC[C@H]4[C@H](C)CC[C@@H]([C@H]1C)[C@@]24OO3,0
C\C(=C\C(=O)O)\C=C\C=C(/C)\C=C\C1=C(C)CCCC1(C)C,0
Oc1cccc2cccnc12,0
CN\C(=N\CCSCc1nc[nH]c1C)\NC#N,0
Cc1c(OCC(F)(F)F)ccnc1C[S+]([O-])c2nc3ccccc3[nH]2,0
Nc1nc(N)nc(NC2CC2)n1,0
CO[C@H]1\C=C\O[C@@]2(C)Oc3c(C)c(O)c4c(O)c(NC(=O)\C(=C/C=C/[C@H](C)[C@H](O)[C@@H](C)[C@@H](O)[C@@H](C)[C@H](OC(=O)C)[C@@H]1C)\C)c(\C=N\N5CCN(CC5)C6CCCC6)c(O)c4c3C2=O,0
COc1ccc(cc1)[C@@H]2Sc3ccccc3N(CCN(C)C)C(=O)[C@@H]2OC(=O)C,0
O.O.O.O.O.O.[Cl-].[Cl-].[Sr+2],0
CC(=O)N[C@H]1[C@@H](O)[C@H](O)[C@H](CO)O[C@H]1O[C@H]2[C@@H]3NC(=O)[C@H](NC(=O)[C@@H]4NC(=O)[C@H]5NC(=O)[C@@H](Cc6ccc(Oc7cc4cc(Oc8ccc2cc8Cl)c7O[C@@H]9O[C@@H](CO)[C@@H](O)[C@H](O)[C@@H]9NC(=O)C)c(Cl)c6)NC(=O)[C@H](N)c%10ccc(O)c(Oc%11cc(O)cc5c%11)c%10)c%12ccc(O)c(c%12)c%13c(O[C@H]%14O[C@H](CO)[C@@H](O)[C@@H](O)[C@@H]%14O)cc(O)cc%13[C@H](NC3=O)C(=O)O,0
CN(C(=S)Oc1ccc2ccccc2c1)c3cccc(C)c3,0
NCCCCCC(=O)O,0
Oc1c(Cl)cc(Cl)cc1Sc2cc(Cl)cc(Cl)c2O,0
CCCN(CCC)C(=O)C(CCC(=O)O)NC(=O)c1ccccc1,0
CC(CCc1ccccc1)NCC(O)c2ccc(O)c(c2)C(=O)N,0
CCC1=C(C)CN(C(=O)NCCc2ccc(cc2)S(=O)(=O)NC(=O)N[C@@H]3CC[C@@H](C)CC3)C1=O,0
Oc1cccc(O)c1O,0
CCOC(=O)[C@H](CCc1ccccc1)N[C@@H](C)C(=O)N2Cc3ccccc3C[C@H]2C(=O)O,0
O=C1C=C(Oc2c1ccc3ccccc23)c4ccccc4,0
CCOC(=O)C(C)(C)Oc1ccc(Cl)cc1,0
NC(=O)C1CCN(CCCN2c3ccccc3Sc4ccc(Cl)cc24)CC1,1
CC1(C)S[C@@H]2[C@H](NC(=O)[C@H](N)c3ccccc3)C(=O)N2[C@H]1C(=O)O,0
COc1ccc(C[C@H]2NC[C@H](O)[C@H]2OC(=O)C)cc1,0
OC[C@H]1O[C@@H]2O[C@H]3[C@H](O)[C@@H](O)[C@H](O[C@@H]3CO)O[C@H]4[C@H](O)[C@@H](O)[C@H](O[C@@H]4CO)O[C@H]5[C@H](O)[C@@H](O)C(O[C@@H]5CO)OC6[C@H](O)[C@@H](O)C(O[C@@H]6CO)C7[C@H](O)[C@@H](O)C(O[C@@H]7CO)O[C@H]8[C@H](O)[C@@H](O)[C@H](O[C@@H]8CO)O[C@H]9[C@H](O)[C@@H](O)[C@H](O[C@@H]9CO)O[C@H]1[C@H](O)[C@H]2O,0
CC1(C)S[C@@H]2[C@H](NC(=O)[C@H](NC(=O)N3CCNC3=O)c4ccccc4)C(=O)N2[C@H]1C(=O)O,0
Oc1ccc(cc1[N+](=O)[O-])[As](=O)(O)O,0
CN1CCN(CC1)C2=Nc3ccccc3Nc4sc(C)cc24,1
CN[C@H]1[C@H](O)[C@@H](O)[C@H](CO)O[C@H]1O[C@H]2[C@H](O[C@H]3[C@H](O)[C@@H](O)[C@H](N=C(N)N)[C@@H](O)[C@@H]3N=C(N)N)O[C@@H](C)[C@]2(O)C=O,0
OC(=O)CCNC(=O)c1ccccc1,0
CC(C)NC(=O)NS(=O)(=O)c1cnccc1Nc2cccc(C)c2,0
COc1cc(CNC(=O)CCCC\C=C\C(C)C)ccc1O,0
C[C@H]1C[C@H]2[C@@H]3CCC4=CC(=O)C=C[C@]4(C)[C@@]3(Cl)[C@@H](O)C[C@]2(C)[C@@]1(O)C(=O)CO,0
C[C@]12CC[C@H]3[C@@H](CCC4=CC(=O)CC[C@H]34)[C@@H]1CC[C@@H]2O,0
CO[C@]1(NC(=O)CSCC#N)[C@H]2SCC(=C(N2C1=O)C(=O)O)CSc3nnnn3C,0
CC(C)(O)c1ccccc1CC[C@@H](SCC2(CC(=O)O)CC2)c3cccc(\C=C\c4ccc5ccc(Cl)cc5n4)c3,0
Clc1ccccc1C(=O)N2CCC(Cc3ccccc3)CC2,0
CCN(CC)CCOc1ccc(cc1)\C(=C(\Cl)/c2ccccc2)\c3ccccc3,0
OC(=O)CCNC(=O)c1ccc(cc1)\N=N\c2ccc(O)c(c2)C(=O)O,0
C[C@H]1C[C@@H]2[C@H](CC[C@@]3(C)[C@H]2CC[C@]3(OC(=O)C)C(=O)C)[C@@]4(C)CCC(=O)C=C14,0
CN(C)CCCN1c2ccccc2CCc3ccc(Cl)cc13,1
Cc1onc(NS(=O)(=O)c2ccc(N)cc2)c1,0
[Br-].CC(O)[C@H](NC(=O)[C@@H](C)[C@@H](O)[C@@H](C)NC(=O)[C@@H](NC(=O)c1cc(N)nc(n1)C(CC(=O)N)NCC(N)C(=O)N)C(O[C@@H]2O[C@@H](CO)[C@@H](O)[C@H](O)[C@@H]2O[C@H]3O[C@H](CO)[C@@H](O)[C@H](OC(=O)N)[C@@H]3O)c4c[nH]cn4)C(=O)NCCc5nc(cs5)c6nc(cs6)C(=O)NCCC[S+](C)C,0
Cc1ccc(cc1)N(CC2=NCCN2)c3cccc(O)c3,0
CC(C)C[C@@H]1N2C(=O)[C@](NC(=O)[C@H]3CN(C)[C@@H]4Cc5c(Br)[nH]c6cccc(C4=C3)c56)(O[C@@]2(O)[C@@H]7CCCN7C1=O)C(C)C,1
CC(C)CC(N(C)C)C1(CCC1)c2ccc(Cl)cc2,0
CCC[C@@H]1C[C@H](N(C)C1)C(=O)N[C@H]([C@H](C)Cl)[C@H]2O[C@H](SC)[C@H](O)[C@@H](O)[C@H]2O,0
COc1ccc(Cl)cc1C(=O)NCCc2ccc(cc2)S(=O)(=O)NC(=O)NC3CCCCC3,0
CO[C@@H]1C[C@@H](CC[C@H]1O)\C=C(/C)\[C@H]2OC(=O)[C@@H]3CCCCN3C(=O)C(=O)[C@]4(O)O[C@H]([C@H](C[C@@H](C)C\C(=C\[C@@H](CC=C)C(=O)C[C@H](O)[C@H]2C)\C)OC)[C@H](C[C@H]4C)OC,0
CCCCC1C(=O)N(N(C1=O)c2ccccc2)c3ccccc3,0
OC(=O)C1=CN(c2ccc(F)cc2)c3cc(N4CCNCC4)c(F)cc3C1=O,0
CN(C)[C@H]1[C@@H]2[C@@H](O)[C@H]3C(=C(O)[C@]2(O)C(=O)C(=C1O)C(=O)N)C(=O)c4c(O)cccc4[C@@]3(C)O,0
CC(C)(C)c1cc(SC(C)(C)Sc2cc(c(O)c(c2)C(C)(C)C)C(C)(C)C)cc(c1O)C(C)(C)C,0
C[C@H]1OC=C2C(=C(C(=O)O)C(=O)C(=C2[C@@H]1C)C)O,0
OC(=O)c1ccccc1,0
CC(=O)OCC(CCn1cnc2cnc(N)nc12)COC(=O)C,0
CC\C(=C(\CC)/c1ccc(O)cc1)\c2ccc(O)cc2,1
ClC(Cl)C(c1ccc(Cl)cc1)c2ccccc2Cl,0
CC(C)(C)c1ccc(cc1)C(=O)CCCN2CCC(CC2)OC(c3ccccc3)c4ccccc4,1
C[C@@H]1CC[C@@]2(OC1)O[C@H]3[C@@H](O)[C@H]4[C@@H]5CC[C@H]6C[C@@H](O[C@@H]7O[C@H](CO)[C@H](O[C@@H]8O[C@H](CO)C(O)[C@H](O[C@@H]9OC[C@@H](O)[C@H](O)[C@H]9O)[C@H]8O[C@@H]%10O[C@H](CO)[C@H](O)[C@H](O[C@@H]%11O[C@H](CO)[C@@H](O)[C@H](O)[C@H]%11O)[C@H]%10O)[C@H](O)[C@H]7O)[C@H](O)C[C@]6(C)[C@H]5CC[C@]4(C)[C@H]3[C@@H]2C,0
CNC1=Nc2ccc(Cl)cc2C(=[N+]([O-])C1)c3ccccc3,0
CC(O)CO,0
Clc1ccc(cc1)C(=O)NCCN2CCOCC2,0
CCS(=O)(=O)CCn1c(C)ncc1[N+](=O)[O-],0
CC(C)(Oc1ccc(cc1)C2CC2(Cl)Cl)C(=O)O,0
CN1CCN2C(C1)c3ccccc3Cc4ccccc24,0
COc1cc(ccc1Cc2cn(C)c3ccc(NC(=O)OC4CCCC4)cc23)C(=O)NS(=O)(=O)c5ccccc5C,0
CC1(C)O[C@@H]2C[C@H]3[C@@H]4C[C@H](F)C5=CC(=O)C=C[C@]5(C)[C@H]4[C@@H](O)C[C@]3(C)[C@@]2(O1)C(=O)CO,0
C[C@]12CC[C@H]3[C@@H](CC[C@H]4CC(=O)CC[C@]34C)[C@@H]1CC[C@@H]2O,0
COc1cc(NS(=O)(=O)c2ccc(N)cc2)nc(OC)n1,0
CCCC[C@@H](CC)COC(=O)c1ccccc1C(=O)OC[C@@H](CC)CCCC,0
CC(=O)[C@H]1CC[C@H]2[C@@H]3CCC4=CC(=O)CC[C@]4(C)[C@H]3CC[C@]12C,0
Clc1ccc(COC(Cn2ccnc2)c3ccc(Cl)cc3Cl)cc1,1
Nc1ccc(Cc2ccc(N)cc2)cc1,0
Brc1ccccc1,0
C[N+](C)(C)CCOP(=O)([O-])OC[C@H](O)CO,0
Nc1c(CC(=O)O)cccc1C(=O)c2ccc(Br)cc2,0
Cc1nnc(NS(=O)(=O)c2ccc(N)cc2)s1,0
NS(=O)(=O)c1cc(C(=O)O)c(NCc2occc2)cc1Cl,0
CC(C(=O)O)c1ccc2oc(nc2c1)c3ccc(Cl)cc3,0
COc1c(C)c2COC(=O)c2c(O)c1C\C=C(/C)\CCC(=O)OCCN3CCOCC3,0
CC1(COc2ccc(CC3SC(=O)NC3=O)cc2)CCCCC1,0
NNc1ccccc1,0
C[C@H]1O[C@H](C[C@H](O)[C@@H]1O)O[C@H]2[C@@H](O)C[C@H](O[C@H]3[C@@H](O)C[C@H](O[C@H]4CC[C@@]5(C)[C@H](CC[C@@H]6[C@@H]5CC[C@]7(C)[C@H](CC[C@]67O)C8=CC(=O)OC8)C4)O[C@@H]3C)O[C@@H]2C,0
CN1C=CNC1=S,0
COc1cc(\C=C/C)ccc1O,0
C[C@@H](O)[C@H](CO)NC(=O)[C@@H]1CSSC[C@H](NC(=O)[C@H](N)Cc2ccccc2)C(=O)N[C@@H](Cc3ccccc3)C(=O)N[C@H](Cc4c[nH]c5ccccc45)C(=O)N[C@@H](CCCCN)C(=O)N[C@@H]([C@@H](C)O)C(=O)N1,0
NNCCc1ccccc1,0
CCOC(=O)[C@H](CCc1ccccc1)N[C@@H](C)C(=O)N2[C@H]3CCC[C@H]3C[C@H]2C(=O)O,0
CC(=O)OCC(=O)[C@@]1(O)CC[C@H]2[C@@H]3CCC4=CC(=O)CC[C@]4(C)[C@@]3(F)[C@@H](O)C[C@]12C,0
Nc1ccc(cc1)S(=O)(=O)Nc2ncccn2,0
CCC1(C)CC(=O)NC1=O,0
[Cl-].COc1ccc2cc3c4cc5OCOc5cc4CC[n+]3cc2c1OC,0
CCN(CC)CCOC(=O)C1(CCCCC1)C2CCCCC2,0
CCCN(CCC)S(=O)(=O)c1ccc(cc1)C(=O)O,0
CC(N)C12CC3CC(CC(C3)C1)C2,0
CS(=O)(=O)Nc1ccc(cc1Oc2ccccc2)[N+](=O)[O-],0
Oc1c(I)cc(I)c2cccnc12,0
Cc1cnc(cn1)C(=O)NCCc2ccc(cc2)S(=O)(=O)NC(=O)NC3CCCCC3,0
NC(=O)CN1CCCC1=O,0
O.O.O.CC(=O)O[C@@]12CO[C@@H]1C[C@H](O)[C@]3(C)[C@@H]2[C@H](OC(=O)c4ccccc4)[C@]5(O)C[C@H](OC(=O)[C@H](O)[C@@H](NC(=O)OC(C)(C)C)c6ccccc6)C(=C([C@@H](O)C3=O)C5(C)C)C,0
CNC1(CCCCC1=O)c2ccccc2Cl,0
CC(=O)O[C@H]1CC[C@@H]2[C@H]3CC[C@@]4(C)[C@@H](CC[C@@]4(OC(=O)C)C#C)[C@@H]3CCC2=C1,0
CC(C)c1c(C(=O)Nc2ccccc2)c(c3ccccc3)c(c4ccc(F)cc4)n1CC[C@@H](O)C[C@@H](O)CC(=O)O,0
Cc1onc(c2ccccc2)c1c3ccc(cc3)S(=O)(=O)N,0
N[C@@H]1[C@H]2CN(C[C@@H]12)c3nc4N(C=C(C(=O)O)C(=O)c4cc3F)c5ccc(F)cc5F,0
Cc1noc(NS(=O)(=O)c2ccc(N)cc2)c1C,0
CC(C)NCC(O)c1ccccc1Cl,0
[Br-].CC(=O)O[C@H]1C[C@@H]2CC[C@@H]3[C@H](CC[C@@]4(C)[C@H]3C[C@@H]([C@@H]4OC(=O)C)[N+]5(C)CCCCC5)[C@@]2(C)C[C@@H]1N6CCCCC6,0
NC1=NC(=O)N(C=C1)[C@@H]2O[C@H](CO)[C@@H](O)[C@@H]2O,0
CCCOc1ccc(cc1N)C(=O)OCCN(CC)CC,0
C\C=C\1/[C@@H]2CC3=C(C=CC(=O)N3)[C@]1(N)CC(=C2)C,0
CC(C)(c1ccc(O)cc1)c2ccc(O)cc2,0
Clc1cc2Oc3cc(Cl)c(Cl)cc3Oc2cc1Cl,0
Fc1ccc(cc1)C(N2CCN(C\C=C\c3ccccc3)CC2)c4ccc(F)cc4,1
Cc1[nH]cnc1CN2CCc3c(C2=O)c4ccccc4n3C,0
COC(=O)c1ccc(O)cc1,0
C[C@]12CC[C@H]3[C@@H](CCc4cc(O)ccc34)[C@@H]1C[C@@H](O)[C@@H]2O,0
CCCNC(=O)NS(=O)(=O)c1ccc(Cl)cc1,0
NC1=Nc2[nH]cnc2C(=S)N1,0
NC[C@@H]1CC[C@H](CC1)C(=O)O,0
OC(=O)c1ccccc1OC(=O)c2ccccc2O,0
COCCc1ccc(OCC(O)CNC(C)C)cc1,0
N[C@@H](Cc1ccc(O)c(O)c1)C(=O)O,0
Cc1ncc([N+](=O)[O-])n1CCO,0
COc1ccc2cc(CCC(=O)C)ccc2c1,0
C[C@H]1C[C@@H]2[C@H](CC[C@@]3(C)[C@H]2CC[C@]3(O)C(=O)C)[C@@]4(C)CCC(=O)C=C14,0
N=C(Nc1ccccc1)Nc2ccccc2,0
CC(C)(C)NCC(O)c1ccc(O)c(CO)c1,0
CC(C)[C@@H]1N2C(=O)[C@](NC(=O)[C@H]3CN(C)[C@@H]4Cc5c[nH]c6cccc(C4=C3)c56)(O[C@@]2(O)[C@@H]7CCCN7C1=O)C(C)C,1
C[C@@H]1O[C@H](C[C@H](N)[C@@H]1O)O[C@H]2C[C@@](O)(Cc3c(O)c4C(=O)c5ccccc5C(=O)c4c(O)c23)C(=O)C,0
CCCCC(=O)N(Cc1ccc(cc1)c2ccccc2c3nnn[nH]3)[C@@H](C(C)C)C(=O)O,0
CN1CCN(CCCN2c3ccccc3Sc4ccc(Cl)cc24)CC1,1
ClCC(Cl)Cl,0
[Na+].[Na+].[Na+].[O-][V](=O)([O-])[O-],0
c1ccc2c(c1)cc3ccc4cccc5ccc2c3c45,0
C[C@H]1O[C@H](C[C@H](O)[C@@H]1O)O[C@H]2[C@@H](O)C[C@H](O[C@H]3[C@@H](O)C[C@H](O[C@H]4CC[C@@]5(C)[C@H](CC[C@@H]6[C@@H]5C[C@@H](O)[C@]7(C)[C@H](CC[C@]67O)C8=CC(=O)OC8)C4)O[C@@H]3C)O[C@@H]2C,0
NC(=O)N1c2ccccc2C=Cc3ccccc13,0
Cc1c(O)cccc1C(=O)N[C@@H](CSc2ccccc2)[C@H](O)CN3C[C@H]4CCCC[C@H]4C[C@H]3C(=O)NC(C)(C)C,0
C[C@]12CC(=O)[C@H]3[C@@H](CCC4=CC(=O)C=C[C@]34C)[C@@H]1CC[C@]2(O)C(=O)CO,0
CC[C@@H](CO)NC(=O)[C@H]1CN(C)[C@@H]2Cc3c[nH]c4cccc(C2=C1)c34,1
CC1(C)[C@@H](N2[C@@H](CC2=O)S1(=O)=O)C(=O)O,0
CC1=C(CCN2CCC(CC2)c3noc4cc(F)ccc34)C(=O)N5CCCCC5=N1,1
C[C@]1(O)CC[C@H]2[C@@H]3CCC4=CC(=O)CC[C@]4(C)[C@H]3CC[C@]12C,0
O.C[C@@](Cc1ccc(O)c(O)c1)(NN)C(=O)O,0
C[C@@H]1OC(=O)C[C@H](O)C[C@H](O)CC[C@@H](O)[C@H](O)C[C@H](O)C[C@]2(O)C[C@H](O)[C@H]([C@H](C[C@@H](O[C@@H]3O[C@H](C)[C@@H](O)[C@H](N)[C@@H]3O)\C=C\C=C\C=C\C=C\C=C\C=C\C=C\[C@H](C)[C@@H](O)[C@H]1C)O2)C(=O)O,0
NC1=NC(=O)N(C=N1)[C@@H]2O[C@H](CO)[C@@H](O)[C@H]2O,0
C[C@H]([C@](O)(Cn1cncn1)c2ccc(F)cc2F)S(=O)(=O)C,0
COc1nc(C)nc(Cl)c1NC2=NCCN2,0
CCN1CC(CCN2CCOCC2)C(C1=O)(c3ccccc3)c4ccccc4,0
CC1CCC(CC1)NC(=O)N(CCCl)N=O,0
OCC(=O)O,0
