smiles,value,label
NC(=O)c1cn(nc1Nc2ccc(cc2)[S+]([O-])C(F)F)C3(CC#N)CCC(CC3)Nc4cccc(O)c4,9.1,1
Cc1ccnc(c1)N2CCC(CC#N)(CC2)n3cc(C(=O)N)c(Nc4ccc(F)cc4)n3,7.36,0
NC(=O)c1cn(nc1Nc2ccccc2)C3(CC#N)CCN(CC3)C(=O)c4ccc(cc4)N5CCOCC5,6.15,0
CC(F)(F)C(=O)N1CCC(CC#N)(CC1)n2cc(C(=O)N)c(Nc3ccnc(F)c3)n2,8.7,1
NC(=O)c1cn(nc1Nc2ccc(F)cc2)C3(CC#N)CCC(CC3)Nc4ccc(Cl)cc4,7.7,0
NC(=O)c1cn(nc1Nc2ccccc2)C3(CC#N)CN(C3)C(=O)OCCc4ccccn4,6.07,0
CC(C)(C)OC(=O)N1CCC(CC#N)(CC1)n2cc(C(=O)N)c(Nc3ccnc(F)c3)n2,8.3,1
CC(C)(C)OC(=O)N1CCC(CC#N)(CC1)n2cc(C(=O)N)c(Nc3ccc(C#N)c(F)c3)n2,8.15,1
NC(=O)c1cn(nc1Nc2ccccc2)C3(CC#N)CCN(CC3)S(=O)(=O)c4cccc(Cl)c4,8.7,1
NC(=O)c1cn(nc1Nc2ccc(F)cc2)C3(CC#N)CCC(CC3)Nc4cccnc4,6.12,0
NC(=O)c1cn(nc1Nc2ccnc(F)c2)C3(CC#N)CCN(CC3)C(=O)O[C@H]4CCOC4,7.66,0
CC(C)(C)OC(=O)N1CCC(CC#N)(CC1)n2cc(C(=O)N)c(Nc3ccc(cc3)C(=O)N4CCS(=O)(=O)CC4)n2,9.0,1
NC(=O)c1cn(nc1Nc2ccccc2)C3(CC#N)CN(C3)C(=O)OCCN4CCOCC4,6.31,0
NC(=O)c1cn(nc1Nc2ccnc(F)c2)C3(CC#N)CCN(Cc4ccc(O)nc4)CC3,8.1,1
NC(=O)c1cn(nc1Nc2ccc(F)cc2)C3(CC#N)CCN(CC3)c4ccccn4,8.7,1
NC1CCC(CC#N)(CC1)n2cc(C(=O)N)c(Nc3ccnc(F)c3)n2,,0
C[C@@H](OC(=O)N1CCC(CC#N)(CC1)n2cc(C(=O)N)c(Nc3ccc(F)cc3)n2)C(F)(F)F,7.52,0
CC(C)(O)CC(=O)N1CCC(CC#N)(CC1)n2cc(C(=O)N)c(Nc3ccnc(F)c3)n2,8.1,1
NC(=O)c1cn(nc1Nc2ccnc(F)c2)C3(CC#N)CCC(CC3)NS(=O)(=O)c4cccc(F)c4,6.47,0
NC(=O)c1cn(nc1Nc2ccccc2)C3(CC#N)CCN(CC3)C(=O)c4ccc5ccccc5n4,6.78,0
NC(=O)c1cn(nc1Nc2ccnc(F)c2)C3(CC#N)CCC(CC3)Nc4cccc(Cl)c4,6.08,0
NC(=O)c1cn(nc1Nc2ccnc(F)c2)C3(CC#N)CCN(Cc4ccccc4F)CC3,8.7,1
NC(=O)c1cn(nc1Nc2ccc(F)cc2)C3(CC#N)CCN(Cc4cccnn4)CC3,7.0,0
NC(=O)c1cn(nc1Nc2ccnc(F)c2)C3(CC#N)CCC(CC3)NCc4cccc(Cl)c4,5.84,0
Cc1cnc(F)c(CN2CCC(CC#N)(CC2)n3cc(C(=O)N)c(Nc4ccnc(F)c4)n3)c1,7.89,0
NC(=O)c1cn(nc1Nc2ccc(F)cc2)C3(CC#N)CCC(CC3)NCC4CC4,6.18,0
CCOC(=O)C(C)NC(=O)N1CC(CC#N)(C1)n2cc(C(=O)N)c(Nc3ccccc3)n2,6.25,0
CN1CC(CC#N)(C1)n2cc(C(=O)N)c(Nc3ccccc3)n2,5.83,0
NC(=O)c1cn(nc1Nc2ccnc(F)c2)C3(CC#N)CCN(Cc4ccon4)CC3,7.33,0
CN1CCC(COC(=O)N2CCC(CC#N)(CC2)n3cc(C(=O)N)c(Nc4ccccc4)n3)CC1,6.5,0
CS(=O)(=O)c1ccc(Nc2nn(cc2C(=O)N)C3(CC#N)CCCCC3)cc1,6.71,0
CC(C)(C)OC(=O)N1CCC(CC#N)(CC1)n2cc(C(=O)N)c(Nc3ccc4C(=O)NCc4c3)n2,8.7,1
C[C@H]1CN(CC[C@]1(CC#N)n2cc(C(=O)N)c(Nc3ccccc3)n2)C(=O)OC(C)(C)C,6.31,0
NC(=O)c1cn(nc1Nc2ccnc(F)c2)C3(CC#N)CCC(CC3)N4CCC5C=CC=CC45,7.62,0
NC(=O)c1cn(nc1Nc2ccnc(F)c2)C3(CC#N)CCC(CC3)NCC4CCCCC4,6.82,0
Cn1cnc(c1)S(=O)(=O)N2CCC(CC#N)(CC2)n3cc(C(=O)N)c(Nc4ccccc4)n3,8.05,1
NC(=O)c1cn(nc1Nc2ccccc2)C3(CC#N)CCN(Cc4cccnc4)CC3,7.96,0
NC(=O)c1cn(nc1Nc2ccccc2)C3(CC#N)CCN(CC3)C(=O)OCc4cccc(F)c4,7.06,0
NC(=O)c1cn(nc1Nc2ccc(cc2)S(=O)(=O)C(F)F)C3(CC#N)CCC(CC3)Nc4cccnc4,8.22,1
NC(=O)c1cn(nc1Nc2ccc(F)cc2)C3(CC#N)CCC(CC3)N4CCC(O)CC4,,0
NC(=O)c1cn(nc1Nc2ccnc(F)c2)C3(CC#N)CCN(Cc4cn5ccccc5n4)CC3,,0
NC(=O)c1cn(nc1Nc2ccnc(F)c2)C3(CC#N)CCC(CC3)NCc4cccc(O)c4,6.22,0
NC(=O)c1cn(nc1Nc2ccc(F)cc2)C3(CC#N)CCN(CC3)C(=O)O[C@H]4CCOC4,7.33,0
Cc1ccc(NC(=O)N2CC(CC#N)(C2)n3cc(C(=O)N)c(Nc4ccccc4)n3)c(C)c1,6.48,0
NC(=O)c1cn(nc1Nc2ccccc2)C3(CC#N)CCN(CC3)C(=O)\C=C\c4cccnc4,6.8,0
NC(=O)c1cn(nc1Nc2ccc(F)cc2)C3(CC#N)CCC(CC3)N4CCc5ccccc45,6.86,0
NC(=O)c1cn(nc1Nc2ccc(nc2)c3cn[nH]c3)C4(CC#N)CCN(CC4)C(=O)OCC(F)(F)F,9.22,1
NC(=O)c1cn(nc1Nc2ccc(nc2)C3CC3)C4(CC#N)CCN(CC4)C(=O)OCC(F)F,7.96,0
NC(=O)c1cn(nc1Nc2ccc(F)cc2)C3(CC#N)CCC(CC3)NCc4ccc(cc4)C#N,5.98,0
CC(C)c1ccc(NC(=O)N2CC(CC#N)(C2)n3cc(C(=O)N)c(Nc4ccccc4)n3)cc1,7.1,0
NC(=O)c1cn(nc1Nc2ccc(cc2)S(=O)(=O)C(F)F)C3(CC#N)CCC(CC3)Nc4ccccc4,9.0,1
NC(=O)c1cn(nc1Nc2ccnc(F)c2)C3(CC#N)CCC(CC3)NCc4ccccc4Cl,8.7,1
CC(C)(C(=O)N1CCC(CC#N)(CC1)n2cc(C(=O)N)c(Nc3ccnc(F)c3)n2)C(F)(F)F,7.55,0
NC(=O)c1cn(nc1Nc2ccc(F)cc2)C3(CC#N)CCC(CC3)Nc4ccc(F)cc4,8.0,0
NC(=O)c1cn(nc1Nc2ccc(F)cc2)C3(CC#N)CCN(CC4CCCCC4)CC3,6.68,0
NC(=O)c1cn(nc1Nc2ccc(F)cc2)C3(CC#N)CCN(CC3)C(=O)OCC4CC4(F)F,7.42,0
CC(=O)c1cccc(NC(=O)N2CC(CC#N)(C2)n3cc(C(=O)N)c(Nc4ccccc4)n3)c1,7.07,0
NC1CCC(CC#N)(CC1)n2cc(C(=O)N)c(Nc3ccnc(F)c3)n2,6.79,0
CN1CCC(CC1)OC(=O)N2CCC(CC#N)(CC2)n3cc(C(=O)N)c(Nc4ccccc4)n3,6.1,0
CN1CCN(CC1)c2ccc(cc2)C(=O)N3CCC(CC#N)(CC3)n4cc(C(=O)N)c(Nc5ccccc5)n4,6.08,0
NC(=O)c1cn(nc1Nc2ccc(F)cc2)C3(CC#N)CCN(Cc4ccc5[nH]ccc5c4)CC3,7.28,0
NC(=O)c1cn(nc1Nc2ccc(F)cc2)C3(CC#N)CCC(CC3)N4CCC(O)CC4,6.56,0
NC(=O)c1cn(nc1Nc2ccc(F)cc2)C3(CC#N)CCC(CC3)NC4CCOCC4,,0
CCOc1ccc(cn1)N2CCC(CC#N)(CC2)n3cc(C(=O)N)c(Nc4ccc(F)cc4)n3,7.34,0
CC(F)(F)C(=O)N1CC[C@](CC#N)([C@@H](F)C1)n2cc(C(=O)N)c(Nc3ccc(F)nc3)n2,10.0,1
CC(CO)OC(=O)N1CCC(CC#N)(CC1)n2cc(C(=O)N)c(Nc3ccc(F)cc3)n2,8.1,1
CC(CF)(CF)C(=O)N1CCC(CC#N)(CC1)n2cc(C(=O)N)c(Nc3ccnc(F)c3)n2,7.32,0
CCC(=O)N1CCC(CC#N)(CC1)n2cc(C(=O)N)c(Nc3ccccc3)n2,7.58,0
Cc1cc(C)c(NC(=O)N2CC(CC#N)(C2)n3cc(C(=O)N)c(Nc4ccccc4)n3)c(C)c1,5.84,0
NC(=O)c1cn(nc1Nc2ccnc(F)c2)C3(CC#N)CCC(CC3)NCc4cccc(c4)C#N,5.85,0
NC(=O)c1cn(nc1Nc2ccc(F)cc2)C3(CC#N)CCC(CC3)Nc4cc(F)ccc4F,8.22,1
CC(C)(C)OC(=O)N1CCC(CC#N)(CC1)n2cc(C(=O)N)c(Nc3ccnc(c3)C#N)n2,8.22,1
CC(C)(C)OC(=O)N1CC(CC#N)(C1)n2cc(C(=O)N)c(Nc3ccc(cc3)S(=O)(=O)C)n2,8.15,1
NC(=O)c1cn(nc1Nc2ccnc(F)c2)C3(CC#N)CCN(Cc4cccc(O)c4)CC3,9.0,1
NC(=O)c1cn(nc1Nc2ccnc(F)c2)C3(CC#N)CCN(CC3)C(=O)C4(CC4)C(F)(F)F,7.4,0
NC(=O)c1cn(nc1Nc2ccc(cc2)S(=O)(=O)C(F)F)C3(CC#N)CCC(CC3)NC4CCOCC4,,0
Cc1ccc(cc1F)N2CCC(CC#N)(CC2)n3cc(C(=O)N)c(Nc4ccc(F)cc4)n3,6.67,0
NC(=O)c1cn(nc1Nc2ccccc2)C3(CC#N)CCN(Cc4ccc5OCOc5c4)CC3,7.11,0
NC(=O)c1cn(nc1Nc2ccnc(F)c2)C3(CC#N)CCC(CC3)Nc4cccc(F)c4,6.39,0
NC(=O)c1cn(nc1Nc2ccccc2)C3(CC#N)CCN(Cc4cccc(F)c4)CC3,7.14,0
CC(C)(C)OC(=O)N1CC(CC#N)(C1)n2cc(C(=O)N)c(Nc3ccc(cc3)C(=O)N4CCS(=O)(=O)CC4)n2,8.3,1
CC(C)(C)OC(=O)NC1CCC(CC#N)(CC1)n2cc(C(=O)N)c(Nc3ccccc3)n2,6.57,0
NC(=O)c1cn(nc1Nc2ccnc(F)c2)C3(CC#N)CCC(CC3)Nc4cccc(Cl)c4,8.4,1
NC(=O)c1cn(nc1Nc2ccccc2)C3(CC#N)CCN(CC3)S(=O)(=O)c4occc4,8.7,1
NC(=O)c1cn(nc1Nc2ccc(F)cc2)C3(CC#N)CCN(CC3)c4ccc(F)c(F)c4,7.16,0
NC(=O)c1cn(nc1Nc2ccccc2)C3(CC#N)CCN(CC3)C(=O)C(c4ccccc4)c5ccccc5,6.15,0
C[C@@H](OC(=O)N1CCC(CC#N)(CC1)n2cc(C(=O)N)c(Nc3ccnc(F)c3)n2)C4CC4,7.92,0
Cc1cccc(Cl)c1NC(=O)N2CC(CC#N)(C2)n3cc(C(=O)N)c(Nc4ccccc4)n3,6.75,0
COc1ccccc1CN2CCC(CC#N)(CC2)n3cc(C(=O)N)c(Nc4ccnc(F)c4)n3,7.09,0
NC(=O)c1cn(nc1Nc2ccnc(F)c2)C3(CC#N)CCN(CC3)C(=O)CCC(F)(F)F,8.05,1
NC(=O)c1cn(nc1Nc2ccc(F)cc2)C3(CC#N)CCN(CC3)c4cc(F)cc(F)c4,7.17,0
NC(=O)c1cn(nc1Nc2ccnc(F)c2)C3(CC#N)CCC(CC3)Nc4ccc(F)c(F)c4,,0
Cc1ccncc1N2CCC(CC#N)(CC2)n3cc(C(=O)N)c(Nc4ccc(F)cc4)n3,6.99,0
CC(C)(C)OC(=O)N1CCC(CC#N)(CC1)n2cc(C(=O)N)c(Nc3ccnc(c3)C(F)(F)F)n2,8.0,0
CNC1CCC(CC#N)(CC1)n2cc(C(=O)N)c(Nc3ccc(F)cc3)n2,6.58,0
CCOC(=O)COC(=O)N1CC(CC#N)(C1)n2cc(C(=O)N)c(Nc3ccccc3)n2,6.32,0
NC(=O)c1cn(nc1Nc2ccccc2)C3(CC#N)CN(C3)C(=O)OCCF,7.57,0
NC(=O)c1cn(nc1Nc2ccccc2)C3(CC#N)CCN(Cc4c(F)cccc4F)CC3,7.89,0
NC(=O)c1cn(nc1Nc2ccnc(F)c2)C3(CC#N)CCN(Cc4ccccc4)CC3,8.22,1
COC(=O)Cc1ccc(Nc2nn(cc2C(=O)N)C3(CC#N)CCN(CC3)C(=O)OC(C)(C)C)cc1,8.52,1
CC(C)(C)OC(=O)N1CCC(CC#N)(CC1)n2cc(C(=O)N)c(Nc3ccc(F)c(F)c3)n2,7.62,0
Cc1cc(C)cc(NC(=O)N2CC(CC#N)(C2)n3cc(C(=O)N)c(Nc4ccccc4)n3)c1,6.49,0
NC(=O)c1cn(nc1Nc2ccnc(F)c2)C3(CC#N)CCC(CC3)NCc4ccccc4Cl,6.04,0
Cc1ncc(CN2CCC(CC#N)(CC2)n3cc(C(=O)N)c(Nc4ccnc(F)c4)n3)s1,7.75,0
NC(=O)c1cn(nc1Nc2ccc(F)cc2)C3(CC#N)CCN(CC3)C(=O)OC4COC4,7.36,0
NC(=O)c1cn(nc1Nc2ccnc(F)c2)C3(CC#N)CCN(Cc4cscn4)CC3,6.68,0
NC(=O)c1cn(nc1Nc2ccnc(F)c2)C3(CC#N)CCN(Cc4ccccc4C#N)CC3,7.89,0
NC(=O)c1cn(nc1Nc2ccc(F)cc2)C3(CC#N)CCC(CC3)NCC(F)(F)F,7.51,0
NC(=O)c1cn(nc1Nc2ccnc(F)c2)C3(CC#N)CCN(CC3)C(=O)OCC(F)F,8.3,1
COc1ncc(cn1)N2CCC(CC#N)(CC2)n3cc(C(=O)N)c(Nc4ccc(F)cc4)n3,7.68,0
NC(=O)c1cn(nc1Nc2ccc(cc2)S(=O)(=O)C(F)F)C3(CC#N)CCC(CC3)N4CC(F)C4,6.49,0
NC(=O)c1cn(nc1Nc2ccc(F)cc2)C3(CC#N)CCN(CC3)c4cncc(F)c4,8.4,1
NC(=O)c1cn(nc1Nc2ccnc(F)c2)C3(CC#N)CCC(CC3)NCc4ccccc4C#N,,0
NC(=O)c1cn(nc1Nc2ccc(F)cc2)C3(CC#N)CCN(CC3)c4ccc(F)nc4,7.92,0
NC(=O)c1cn(nc1Nc2ccc(F)cc2)C3(CC#N)CCC(CC3)Nc4ccccc4,8.52,1
Cc1ccc(cn1)N2CCC(CC#N)(CC2)n3cc(C(=O)N)c(Nc4ccc(F)cc4)n3,8.1,1
NC(=O)c1cn(nc1Nc2ccnc(F)c2)C3(CC#N)CCC(CC3)Nc4cccc(F)c4,8.7,1
COCC(=O)N1CCC(CC#N)(CC1)n2cc(C(=O)N)c(Nc3ccccc3)n2,7.03,0
NC(=O)c1cn(nc1Nc2ccccc2)C3(CC#N)CCN(CC3)S(=O)(=O)c4ccc(cc4)c5ccccc5,7.62,0
NC(=O)c1cn(nc1Nc2ccccc2)C3(CC#N)CN(C3)C(=O)OCc4cccnc4,6.57,0
CC(C)NC(=O)N1CCC(CC#N)(CC1)n2cc(C(=O)N)c(Nc3ccc(cc3)S(=O)(=O)C(F)(F)F)n2,8.7,1
NC(=O)c1cn(nc1Nc2ccccc2)C3(CC#N)CCN(CC3)C(=O)C4CCCCC4,7.36,0
NC(=O)c1cn(nc1Nc2ccc(F)cc2)C3(CC#N)CCN(Cc4cc5ccccc5[nH]4)CC3,7.19,0
N[C@@H]1CC[C@](CC#N)(CC1)n2cc(C(=O)N)c(Nc3ccc(cc3)S(=O)(=O)C(F)F)n2,,0
NC(=O)c1cn(nc1Nc2ccccc2)C3(CC#N)CCN(CC3)C(=O)CC#N,7.11,0
NC(=O)c1cn(nc1Nc2ccc(F)cc2)C3(CC#N)CCN(CC3)c4cccnc4F,9.22,1
COC1CN(C1)C2CCC(CC#N)(CC2)n3cc(C(=O)N)c(Nc4ccnc(F)c4)n3,,0
Cc1cncc(c1)N2CCC(CC#N)(CC2)n3cc(C(=O)N)c(Nc4ccc(F)cc4)n3,7.58,0
CC(C)(O)C1CC(CN2CCC(CC#N)(CC2)n3cc(C(=O)N)c(Nc4ccnc(F)c4)n3)C1,,0
NC(=O)c1cn(nc1Nc2ccc(F)cc2)C3(CC#N)CCN(Cc4ccon4)CC3,7.47,0
CS(=O)(=O)N1CCC(CC#N)(CC1)n2cc(C(=O)N)c(Nc3ccccc3)n2,8.52,1
CS(=O)(=O)c1ccc(Nc2nn(cc2C(=O)N)C3(CC#N)CN(C3)C(=O)OC4CCOCC4)cc1,6.54,0
CC(C)(C)CC(=O)N1CCC(CC#N)(CC1)n2cc(C(=O)N)c(Nc3ccnc(F)c3)n2,7.36,0
CC(C)(C)OC(=O)N1CC(CC#N)(C1)n2cc(C(=O)N)c(Nc3ccccc3)n2,7.24,0
NC(=O)c1cn(nc1Nc2ccccc2)C3(CC#N)CCN(CC3)C(=O)OCc4cccnc4,7.42,0
CC(C)(C)OC(=O)N1CCC(CC#N)(CC1)n2cc(C(=O)N)c(Nc3ccc(CC(=O)O)cc3)n2,8.0,0
CC(C)(C)COC(=O)N1CC(CC#N)(C1)n2cc(C(=O)N)c(Nc3ccccc3)n2,6.43,0
COc1ccc2cc(CN3CCC(CC#N)(CC3)n4cc(C(=O)N)c(Nc5ccccc5)n4)ccc2c1,6.53,0
CC(C)c1ccc(CN2CCC(CC#N)(CC2)n3cc(C(=O)N)c(Nc4ccccc4)n3)cc1,5.98,0
NC(=O)c1cn(nc1Nc2cncc(F)c2)C3(CC#N)CCN(CC3)C(=O)OCC(F)F,7.72,0
C[C@H]1C[C@@](CC#N)(CCN1C(=O)OC(C)(C)C)n2cc(C(=O)N)c(Nc3ccccc3)n2,7.68,0
N[C@@H]1CC[C@@](CC#N)(CC1)n2cc(C(=O)N)c(Nc3ccc(cc3)S(=O)(=O)C(F)F)n2,7.48,0
CCOc1ccccc1NC(=O)N2CC(CC#N)(C2)n3cc(C(=O)N)c(Nc4ccccc4)n3,6.29,0
NC(=O)c1cn(nc1Nc2ccccc2)C3(CC#N)CCN(CC3)C(=O)c4cnccn4,6.55,0
CS(=O)(=O)c1ccc(Nc2nn(cc2C(=O)N)C3(CC#N)CCC4(CC3)OCCO4)cc1,6.69,0
NC(=O)c1cn(nc1Nc2ccnc(F)c2)C3(CC#N)CCN(CC3)C(=O)CC4CCCO4,7.38,0
COc1ccc(cc1)C(=O)N2CCC(CC#N)(CC2)n3cc(C(=O)N)c(Nc4ccccc4)n3,6.86,0
NC(=O)c1cn(nc1Nc2ccc(F)cc2)C3(CC#N)CCC(CC3)NC4CCCCC4,7.32,0
CC(C)(C)OC(=O)N1CCC(CC#N)(CC1)n2cc(C(=O)N)c(Nc3ccc(C(=O)N4CCOCC4)c(F)c3)n2,9.15,1
Cc1ncccc1N2CCC(CC#N)(CC2)n3cc(C(=O)N)c(Nc4ccc(F)cc4)n3,6.68,0
CC(O)c1ccc(Nc2nn(cc2C(=O)N)C3(CC#N)CCN(CC3)C(=O)OC(C)(C)C)cc1,8.22,1
NC(=O)c1cn(nc1Nc2ccc(cc2)[S+]([O-])C(F)F)C3(CC#N)CCC(CC3)Nc4ccccc4O,6.75,0
NC(=O)c1cn(nc1Nc2ccc(F)cc2)C3(CC#N)CCC(CC3)NCCF,6.88,0
NC(=O)c1cn(nc1Nc2ccnc(F)c2)C3(CC#N)CCC(CC3)NC4CCCCC4,6.62,0
NC(=O)c1cn(nc1Nc2ccccc2)C3(CC#N)CN(C3)S(=O)(=O)c4occc4,6.61,0
NC(=O)c1cn(nc1Nc2ccc(cc2)S(=O)(=O)C(F)F)C3(CC#N)CCC(CC3)Nc4ccccc4,,0
NC(=O)c1cn(nc1Nc2ccccc2)C3(CC#N)CCN(CC3)C(=O)OCc4ccccc4F,7.4,0
NC(=O)c1cn(nc1Nc2ccnc(F)c2)C3(CC#N)CCN(CC3)C(=O)OC4CCOC4,7.42,0
CCCNC(=O)N1CC(CC#N)(C1)n2cc(C(=O)N)c(Nc3ccccc3)n2,6.97,0
NC(=O)c1cn(nc1Nc2ccc(F)cc2)C3(CC#N)CCC(CC3)Nc4ccccc4,8.7,1
CC(C)Oc1cccc(n1)N2CCC(CC#N)(CC2)n3cc(C(=O)N)c(Nc4ccc(F)cc4)n3,,0
NC(=O)c1cn(nc1Nc2ccccc2)C3(CC#N)CCN(CC3)C(=O)c4ccccc4c5ccccc5,5.83,0
NC(=O)c1cn(nc1Nc2ccnc(F)c2)C3(CC#N)CCN(Cc4cccc(F)n4)CC3,7.08,0
NC(=O)c1cn(nc1Nc2ccc(F)cc2)C3(CC#N)CCN(CC3)C(=O)OCC(F)(F)CO,7.96,0
NC(=O)c1cn(nc1Nc2ccccc2)C3(CC#N)CCN(CC3)C(=O)c4ccc(Cl)cc4,6.74,0
Cc1cc(Nc2nn(cc2C(=O)N)C3(CC#N)CCN(CC3)C(=O)OC(C)(C)C)ccn1,6.88,0
CC(C)(C)OC(=O)N1CCC(CC#N)(CC1)n2cc(C(=O)N)c(Nc3cccnn3)n2,6.75,0
NC(=O)c1cn(nc1Nc2ccnc(F)c2)C3(CC#N)CCN(Cc4cncc(F)c4)CC3,8.3,1
Cc1ccc(NC(=O)N2CC(CC#N)(C2)n3cc(C(=O)N)c(Nc4ccccc4)n3)cc1Cl,6.47,0
NC(=O)c1cn(nc1Nc2ccc(cc2)S(=O)(=O)C(F)F)C3(CC#N)CCC(CC3)NCC(F)F,8.52,1
NC(=O)c1cn(nc1Nc2ccnc(F)c2)C3(CC#N)CCN(CCc4ccccc4)CC3,6.81,0
NC(=O)c1cn(nc1Nc2ccccc2)C3(CC#N)CCN(CC3)C(=O)Cc4ccc(cc4)C(F)(F)F,6.44,0
NC(=O)c1cn(nc1Nc2ccccc2)C3(CC#N)CCN(CC3)C(=O)c4cccc5ccccc45,6.46,0
NC(=O)c1cn(nc1Nc2ccc(F)cc2)C3(CC#N)CCN(Cc4ccnc5[nH]ccc45)CC3,7.06,0
NC(=O)c1cn(nc1Nc2ccccc2)C3(CC#N)CCN(CC3)C(=O)OC4CCCC4,7.3,0
COC(=O)N1CCC(CC#N)(CC1)n2cc(C(=O)N)c(Nc3ccccc3)n2,6.63,0
NC(=O)c1cn(nc1Nc2ccnc(F)c2)C3(CC#N)CCN(Cc4cn[nH]c4)CC3,7.16,0
CC(C)(C)OC(=O)N1CCC(CC#N)(CC1)n2cc(C(=O)N)c(Nc3cnc(nc3)C#N)n2,7.42,0
NC(=O)c1cn(nc1Nc2cccnc2)C3(CC#N)CCN(CC3)C(=O)OCC(F)(F)F,8.4,1
NC(=O)c1cn(nc1Nc2ccc(F)cc2)C3(CC#N)CCN(CC3)c4cncc(c4)C#N,7.7,0
CC(C)(C)OC(=O)N1CCC(CC#N)(CC1)n2cc(C(=O)N)c(Nc3ccc(cc3)C(=O)N4CCOCC4)n2,9.15,1
CC(C)COC(=O)N1CC(CC#N)(C1)n2cc(C(=O)N)c(Nc3ccccc3)n2,6.53,0
NC(=O)c1cn(nc1Nc2ccc(nc2)C(O)C(F)(F)F)C3(CC#N)CCN(CC3)C(=O)OCC(F)(F)F,9.22,1
NC(=O)c1cn(nc1Nc2ccc(cc2)S(=O)(=O)C(F)F)C3(CC#N)CCC(CC3)Nc4cccnc4,6.45,0
NC(=O)c1cn(nc1Nc2ccccc2)C3(CC#N)CCN(CC3)C(=O)c4cccs4,8.1,1
NC(=O)c1cn(nc1Nc2ccc(F)cc2)C3(CC#N)CCN(CC3)C(=O)OC4CCCOC4,6.92,0
NC(=O)c1cn(nc1Nc2ccnc(F)c2)C3(CC#N)CCN(Cc4cccc(Cl)c4)CC3,8.0,0
NC(=O)c1cn(nc1Nc2ccccc2)C3(CC#N)CCN(Cc4cccc(O)c4)CC3,8.22,1
CN1CCN(CCOC(=O)N2CCC(CC#N)(CC2)n3cc(C(=O)N)c(Nc4ccccc4)n3)CC1,6.5,0
NC(=O)c1cn(nc1Nc2ccc(F)cc2)C3(CC#N)CCN(CC3)C(=O)O[C@@H]4CCOC4,7.21,0
NC(=O)c1cn(nc1Nc2ccc(F)cc2)C3(CC#N)CCN(CC3)c4ccc(cc4)C#N,8.52,1
CCc1cccc(C)c1NC(=O)N2CC(CC#N)(C2)n3cc(C(=O)N)c(Nc4ccccc4)n3,5.92,0
C\C=C\C(=O)N1CCC(CC#N)(CC1)n2cc(C(=O)N)c(Nc3ccccc3)n2,7.19,0
CCn1ccnc1CN2CCC(CC#N)(CC2)n3cc(C(=O)N)c(Nc4ccnc(F)c4)n3,6.35,0
NC(=O)c1cn(nc1Nc2ccc(F)cc2)C3(CC#N)CCN(CC3)c4ccc(nc4)C(F)(F)F,7.58,0
COc1ccc(cn1)N2CCC(CC#N)(CC2)n3cc(C(=O)N)c(Nc4ccc(F)cc4)n3,8.05,1
CN(CCS(=O)(=O)C)C1CCC(CC#N)(CC1)n2cc(C(=O)N)c(Nc3ccc(F)cc3)n2,7.43,0
Cc1cccc(Nc2nn(cc2C(=O)N)C3(CC#N)CCN(CC3)C(=O)OC(C)(C)C)n1,6.0,0
COc1cc(ccc1F)N2CCC(CC#N)(CC2)n3cc(C(=O)N)c(Nc4ccc(F)cc4)n3,7.13,0
NC(=O)c1cn(nc1Nc2ccccc2)C3(CC#N)CN(C3)C(=O)c4ccccn4,6.27,0
NC(=O)c1cn(nc1Nc2ccc(cc2)S(=O)(=O)C(F)F)C3(CC#N)CCC(CC3)NCC(F)(F)F,9.7,1
CS(=O)(=O)c1ccc(Nc2nn(cc2C(=O)N)C3(CC#N)CN(C3)C(=O)Nc4cc(F)ccc4F)cc1,6.62,0
CC(C)(C)OC(=O)N1CC[C@@](CC#N)([C@H](F)C1)n2cc(C(=O)N)c(Nc3ccc(F)cc3)n2,9.7,1
CN(C)c1ccc(cc1)C(=O)N2CCC(CC#N)(CC2)n3cc(C(=O)N)c(Nc4ccccc4)n3,6.64,0
CNC(=O)c1cn(nc1Nc2ccccc2)C3(CC#N)CCN(CC3)C(=O)OC(C)(C)C,5.83,0
CCC(F)(F)C(=O)N1CCC(CC#N)(CC1)n2cc(C(=O)N)c(Nc3ccnc(F)c3)n2,8.52,1
NC(=O)c1cn(nc1Nc2ccnc(F)c2)C3(CC#N)CCN(CC4CCCCC4)CC3,7.24,0
NC(=O)c1cn(nc1Nc2ccccc2)C3(CC#N)COC3,6.62,0
CCS(=O)(=O)N1CC(CC#N)(C1)n2cc(C(=O)N)c(Nc3ccccc3)n2,6.39,0
CC(C)(C)OC(=O)N1CCC(CC#N)(CC1)n2cc(C(=O)N)c(Nc3cccc(c3)c4ccc(Cl)cc4)n2,5.83,0
NC(=O)c1cn(nc1Nc2ccnc(F)c2)C3(CC#N)CCC(CC3)Nc4ccc(Cl)cc4,6.11,0
NC(=O)c1cn(nc1Nc2ccnc(F)c2)C3(CC#N)CCN(CC3)C(=O)OCC(F)(F)F,8.1,1
NC(=O)c1cn(nc1Nc2ccccc2)C3(CC#N)CCN(CC3)C(=O)c4cc5ccccc5[nH]4,6.75,0
NC(=O)c1cn(nc1Nc2ccc(cc2)C(F)(F)F)C3(CC#N)CCC(CC3)N4CC(F)C4,8.52,1
Cn1cc(cn1)c2cncc(Nc3nn(cc3C(=O)N)C4(CC#N)CCN(CC4)C(=O)OCC(F)(F)F)c2,7.15,0
NC(=O)c1cn(nc1Nc2ccc(F)cc2)C3(CC#N)CCC(CC3)Nc4cccc(Cl)c4,7.22,0
NC(=O)c1cn(nc1Nc2ccccc2)C3(CC#N)CCN(CC3)S(=O)(=O)c4ccc(cc4)C(F)(F)F,8.1,1
NC(=O)c1cn(nc1Nc2ccc(F)cc2)C3(CC#N)CCC(CC3)Nc4cccnc4,8.15,1
Cc1ccc(F)cc1NC(=O)N2CC(CC#N)(C2)n3cc(C(=O)N)c(Nc4ccccc4)n3,6.74,0
NC(=O)c1cn(nc1Nc2ccc(F)cc2)C3(CC#N)CCSCC3,6.95,0
COc1cccc(CN2CCC(CC#N)(CC2)n3cc(C(=O)N)c(Nc4ccnc(F)c4)n3)c1,7.7,0
NC(=O)c1cn(nc1Nc2ccccc2)C3(CC#N)CCN(CC3)C(=O)CO,6.61,0
NC(=O)c1cn(nc1Nc2ccc(F)cc2)C3(CC#N)CCN(Cc4cccnc4)CC3,8.05,1
Cc1c(CN2CCC(CC#N)(CC2)n3cc(C(=O)N)c(Nc4ccnc(F)c4)n3)cnn1C,6.24,0
NC(=O)c1cn(nc1Nc2ccc(F)cc2)C3(CC#N)CCC(CC3)Nc4cccc(F)c4,,0
NC(=O)c1cn(nc1Nc2ccnc(F)c2)C3(CC#N)CCC(CC3)NCC(F)F,6.28,0
COCCOC(=O)N1CCC(CC#N)(CC1)n2cc(C(=O)N)c(Nc3ccc(F)cc3)n2,7.15,0
NC(=O)c1cn(nc1Nc2ccccc2)C3(CC#N)CN(C3)C(=O)OCCc4ccccc4,6.09,0
NC(=O)c1cn(nc1Nc2ccc(cc2)[S+]([O-])C(F)F)C3(CC#N)CCC(CC3)Nc4ccc(O)cc4,8.52,1
NC(=O)c1cn(nc1Nc2ccc(cc2)S(=O)(=O)C(F)F)C3(CC#N)CCC(CC3)N4CCC(O)CC4,6.11,0
NC(=O)c1cn(nc1Nc2ccnc(F)c2)[C@]3(CC#N)CCN(C[C@@H]3F)C(=O)OCC(F)F,10.0,1
NC(=O)c1cn(nc1Nc2ccnc(F)c2)C3(CC#N)CCN(Cc4nc5ccccc5[nH]4)CC3,6.19,0
CC(C)(C)OC(=O)N1CCC(CC#N)(CC1)n2cc(C(=O)N)c(Nc3ccc(Br)cc3)n2,7.64,0
Cc1cc(cnc1F)N2CCC(CC#N)(CC2)n3cc(C(=O)N)c(Nc4ccc(F)cc4)n3,7.64,0
NC(=O)c1cn(nc1Nc2ccc(F)cc2)C3(CC#N)CCN(CC3)c4cccc(n4)C#N,7.05,0
NC(=O)c1cn(nc1Nc2cncc(Cl)c2)C3(CC#N)CCN(CC3)C(=O)OCC(F)(F)F,7.82,0
NC(=O)c1cn(nc1Nc2ccnc(F)c2)C3(CC#N)CCC(CC3)N4CCC(O)CC4,,0
NC(=O)c1cn(nc1Nc2ccnc(F)c2)C3(CC#N)CCN(Cc4ccc5[nH]ccc5c4)CC3,7.51,0
NC(=O)c1cn(nc1Nc2ccnc(F)c2)C3(CC#N)CCC(CC3)NCc4ccccc4F,6.51,0
Cc1onc(CN2CCC(CC#N)(CC2)n3cc(C(=O)N)c(Nc4ccnc(F)c4)n3)c1,6.8,0
CC(C)COC(=O)N1CCC(CC#N)(CC1)n2cc(C(=O)N)c(Nc3ccccc3)n2,6.99,0
CC(C)(C)OC(=O)N1CC[C@@](CC#N)([C@@H](F)C1)n2cc(C(=O)N)c(Nc3ccc(F)cc3)n2,7.6,0
NC(=O)c1cn(nc1Nc2ccnc(F)c2)C3(CC#N)CCC(CC3)NCc4ccc(F)cc4,8.05,1
NC(=O)c1cn(nc1Nc2ccc(F)cc2)C3(CC#N)CCC(CC3)Nc4ccccc4F,8.15,1
NC(=O)c1cn(nc1Nc2ccc(F)cc2)C3(CC#N)CCC(CC3)Nc4ccccc4F,6.12,0
NC(=O)c1cn(nc1Nc2ccc(F)cc2)C3(CC#N)CCC(CC3)N4CCC4,6.49,0
NC(=O)c1cn(nc1Nc2ccc(F)cc2)C3(CC#N)CCC(CC3)NCC(F)(F)F,6.56,0
NC(=O)c1cn(nc1Nc2ccccc2)C3(CC#N)CN(C3)S(=O)(=O)Cc4ccccc4,6.28,0
NC(=O)c1cn(nc1Nc2ccnc(F)c2)C3(CC#N)CCN(Cc4ccc(O)cc4)CC3,8.22,1
CS(=O)(=O)c1ccc(Nc2nn(cc2C(=O)N)[C@@]3(CC#N)C[C@@H](C3)C#N)cc1,6.9,0
NC(=O)c1cn(nc1Nc2ccccc2)C3(CC#N)CCN(Cc4ccccc4Cl)CC3,7.26,0
CC(C)NC(=O)N1CC(CC#N)(C1)n2cc(C(=O)N)c(Nc3ccccc3)n2,6.73,0
Cc1cc(cnc1C)N2CCC(CC#N)(CC2)n3cc(C(=O)N)c(Nc4ccc(F)cc4)n3,7.31,0
CC(C)(C)OC(=O)N1CCC(CC#N)(CC1)n2cc(C(=O)N)c(Nc3cccc(c3)c4ccc(F)cc4)n2,5.96,0
CC(C)(C)OC(=O)N1CCC(CC#N)(CC1)n2cc(C(=O)N)c(Nc3ccc(F)cn3)n2,6.74,0
NC(=O)c1cn(nc1Nc2ccc(F)cc2)C3(CC#N)CCN(CC3)c4cc(ccn4)C(F)(F)F,7.12,0
NC(=O)c1cn(nc1Nc2ccnc(F)c2)C3(CC#N)CCC(CC3)NCc4ccc(F)cc4F,6.66,0
CCc1cccc(NC(=O)N2CC(CC#N)(C2)n3cc(C(=O)N)c(Nc4ccccc4)n3)c1,6.84,0
NC(=O)c1cn(nc1Nc2ccccc2)C3(CC#N)CN(C3)C(=O)NC4CCCCC4,6.2,0
CC1(COC(=O)N2CCC(CC#N)(CC2)n3cc(C(=O)N)c(Nc4ccc(F)cc4)n3)CC1,7.14,0
NC(=O)c1cn(nc1Nc2ccnc(F)c2)C3(CC#N)CCC(CC3)NCc4ccc(O)cc4,6.12,0
NC(=O)c1cn(nc1Nc2ccccc2)C3(CC#N)CCN(CC3)C(=O)OC4CCCCC4,6.5,0
CC(C)(C)OC(=O)N1CCC(CC#N)(CC1)n2cc(C(=O)N)c(Nc3cccc(Br)c3)n2,7.43,0
COc1ccccc1N2CCC(CC#N)(CC2)n3cc(C(=O)N)c(Nc4ccc(F)cc4)n3,,0
NC(=O)c1cn(nc1Nc2ccnc(F)c2)C3(CC#N)CCN(CC3)C(=O)C(C4CCC4)C(F)(F)F,7.43,0
NC(=O)c1cn(nc1Nc2ccccc2)C3(CC#N)CN(C3)C(=O)OCCc4cccc5ccccc45,5.83,0
NC(=O)c1cn(nc1Nc2ccc(F)cc2)C3(CC#N)CCN(CC3)c4ccc(OC(F)F)nc4,7.68,0
Cc1ccc(Cl)cc1NC(=O)N2CC(CC#N)(C2)n3cc(C(=O)N)c(Nc4ccccc4)n3,6.83,0
Cn1cc(cn1)c2ccc(Nc3nn(cc3C(=O)N)C4(CC#N)CCN(CC4)C(=O)OCC(F)(F)F)cn2,9.3,1
NC(=O)c1cn(nc1Nc2ccccc2)C3(CC#N)CCN(Cc4cccc5ccccc45)CC3,5.89,0
Cc1cc(Nc2nn(cc2C(=O)N)C3(CC#N)CCN(CC3)C(=O)OC(C)(C)C)nc(C)n1,6.75,0
CC(C)(CO)OC(=O)N1CCC(CC#N)(CC1)n2cc(C(=O)N)c(Nc3ccc(F)cc3)n2,7.02,0
COc1cncc(c1)N2CCC(CC#N)(CC2)n3cc(C(=O)N)c(Nc4ccc(F)cc4)n3,7.77,0
CC1(C)CC(CN2CCC(CC#N)(CC2)n3cc(C(=O)N)c(Nc4ccnc(F)c4)n3)CCO1,6.91,0
Cc1cc(Nc2nn(cc2C(=O)N)C3(CC#N)CCN(CC3)C(=O)OC(C)(C)C)ncn1,6.9,0
NC(=O)c1cn(nc1Nc2ccnc(F)c2)C3(CC#N)CCC(CC3)Nc4ccc(F)cc4F,9.1,1
NC(=O)c1cn(nc1Nc2ccnc(F)c2)C3(CC#N)CCC(CC3)NC4CCCCC4,,0
CC(C)(C)OC(=O)N1CC[C@@](CC#N)([C@@H](F)C1)n2cc(C(=O)N)c(Nc3ccc(F)cc3)n2,7.08,0
NC(=O)c1cn(nc1Nc2ccc(cc2)[S+]([O-])C(F)F)C3(CC#N)CCC(CC3)NC4CCCCC4,,0
CC(C)(C)OC(=O)N1CCC(CC#N)(CC1)n2cc(C(=O)N)c(Nc3ccc(cc3)S(=O)(=O)C(F)(F)F)n2,7.89,0
NC(=O)c1cn(nc1Nc2ccccc2)C3(CC#N)CN(C3)C(=O)Nc4ccc(F)cc4F,7.1,0
NC(=O)c1cn(nc1Nc2ccnc(F)c2)C3(CC#N)CCC(CC3)Nc4ccccc4F,6.74,0
Cc1ccc(NC(=O)N2CC(CC#N)(C2)n3cc(C(=O)N)c(Nc4ccc(cc4)S(=O)(=O)C)n3)cc1,6.76,0
Cc1ccc(CN2CCC(CC#N)(CC2)n3cc(C(=O)N)c(Nc4ccccc4)n3)cc1,6.87,0
NC(=O)c1cn(nc1Nc2ccc(F)cc2)C3(CC#N)CCN(CC3)c4ccnc5ccccc45,6.31,0
NC(=O)c1cn(nc1Nc2ccc(F)cc2)C3(CC#N)CCN(CC3)c4cncc5ccccc45,6.38,0
NC(=O)c1cn(nc1Nc2ccc(cc2)S(=O)(=O)C(F)F)C3(CC#N)CCC(CC3)NCC(F)F,,0
CC(C)S(=O)(=O)N1CCC(CC#N)(CC1)n2cc(C(=O)N)c(Nc3ccccc3)n2,7.89,0
CC(C)(C)OC(=O)N1CCC(CC#N)(CC1)n2cc(C(=O)N)c(Nc3cccc(Cn4nnc5ccccc45)c3)n2,7.75,0
CCCc1ccc(CN2CCC(CC#N)(CC2)n3cc(C(=O)N)c(Nc4ccccc4)n3)cc1,6.05,0
CC(C)(C)OC(=O)N1CCC(CC#N)(CC1)n2cc(C(=O)N)c(Nc3cccnc3)n2,8.4,1
CC(C)c1ccccc1NC(=O)N2CC(CC#N)(C2)n3cc(C(=O)N)c(Nc4ccccc4)n3,6.37,0
CC(=O)N1CC(CC#N)(C1)n2cc(C(=O)N)c(Nc3ccccc3)n2,6.29,0
CC(C)(C)OC(=O)N1CC[C@](CC#N)([C@H](F)C1)n2cc(C(=O)N)c(Nc3ccc(F)cc3)n2,7.5,0
CS(=O)(=O)c1ccc(Nc2nn(cc2C(=O)N)C3(CC#N)CN(C3)C(=O)OC4CCCC4)cc1,6.88,0
NC(=O)c1cn(nc1Nc2ccnc(F)c2)C3(CC#N)CCN(Cc4ccn[nH]4)CC3,7.41,0
NC(=O)c1cn(nc1Nc2ccc(F)cc2)C3(CC#N)CCN(CC3)C(=O)OC(CF)CF,8.3,1
NC(=O)c1cn(nc1Nc2ccccc2)C3(CC#N)CCN(CC3)C(=O)OC4CCOC4,7.4,0
CC(=O)Nc1ccc(CN2CCC(CC#N)(CC2)n3cc(C(=O)N)c(Nc4ccccc4)n3)cc1,6.89,0
C[C@@H]1CN(CC[C@]1(CC#N)n2cc(C(=O)N)c(Nc3ccccc3)n2)C(=O)OC(C)(C)C,7.62,0
CCS(=O)(=O)N1CCC(CC#N)(CC1)n2cc(C(=O)N)c(Nc3ccccc3)n2,7.92,0
NC(=O)c1cn(nc1Nc2ccc(F)cc2)C3(CC#N)CCC(CC3)Nc4ccc(F)cc4,,0
CC(C)(C)OC(=O)N1CCC(CC#N)(CC1)n2cc(C(=O)N)c(Nc3ccc(nc3)C#N)n2,8.22,1
NC(=O)c1cn(nc1Nc2ccccc2)C3(CC#N)CCN(CC3)C(=O)CN4CCCC4=O,6.71,0
CC(O)(C(F)F)C(=O)N1CCC(CC#N)(CC1)n2cc(C(=O)N)c(Nc3ccnc(F)c3)n2,7.42,0
NC(=O)c1cn(nc1Nc2ccccc2)C3(CC#N)CCN(CC3)C(=O)c4cccc(Cl)c4,7.2,0
NC(=O)c1cn(nc1Nc2ccc(F)cc2)C3(CC#N)CCC(CC3)N4CCC(F)(F)CC4,8.05,1
NC(=O)c1cn(nc1Nc2ccc(F)cc2)C3(CC#N)CCN(CC3)c4cc(F)ccn4,8.22,1
NC(=O)c1cn(nc1Nc2ccc(F)cc2)C3(CC#N)CCC(CC3)Nc4ccc(F)c(F)c4,7.52,0
NC(=O)c1cn(nc1Nc2ccnc(F)c2)C3(CC#N)CCN(Cc4occn4)CC3,7.14,0
Cc1ccccc1NC(=O)N2CC(CC#N)(C2)n3cc(C(=O)N)c(Nc4ccccc4)n3,6.79,0
NC(=O)c1cn(nc1Nc2ccccc2)C3(CC#N)CCN(CC3)C(=O)OCc4ccncc4,7.24,0
NC(=O)c1cn(nc1Nc2ccnc(F)c2)C3(CC#N)CCC(CC3)NCc4ccccn4,5.86,0
Cc1cccc(n1)N2CCC(CC#N)(CC2)n3cc(C(=O)N)c(Nc4ccc(F)cc4)n3,6.99,0
NC(=O)c1cn(nc1Nc2ccc(cc2)S(=O)(=O)C(F)(F)F)C3(CC#N)CCN(CC3)C(=O)OCC(F)(F)F,8.4,1
NC(=O)c1cn(nc1Nc2ccc(F)cc2)C3(CC#N)CCN(CC3)C(=O)OC4CCOC4,7.43,0
NC(=O)c1cn(nc1Nc2ccnc(F)c2)C3(CC#N)CCN(CC3)C(=O)OC4CCOCC4,7.02,0
CS(=O)(=O)N1CC(CC#N)(C1)n2cc(C(=O)N)c(Nc3ccccc3)n2,6.44,0
COC(=O)N1CCC(CC#N)(CC1)n2cc(C(=O)N)c(Nc3ccc(cc3)S(=O)(=O)C)n2,7.8,0
NC(=O)c1cn(nc1Nc2ccnc(F)c2)C3(CC#N)CCN(Cc4cnn5ccccc45)CC3,6.3,0
NC(=O)c1cn(nc1Nc2ccc(F)cc2)C3(CC#N)CCC(CC3)Nc4ccc(Cl)cc4,,0
NC(=O)c1cn(nc1Nc2ccc(F)cc2)C3(CC#N)CCN(CC3)C(=O)OCC4CCC4,6.92,0
NC(=O)c1cn(nc1Nc2ccc(F)cc2)C3(CC#N)CCC(CC3)N4CC(F)C4,6.67,0
NC(=O)c1cn(nc1Nc2ccccc2)C3(CC#N)CCOCC3,6.88,0
NC(=O)c1cn(nc1Nc2ccccc2)C3(CC#N)CCN(CC3)C(=O)c4cccnc4,6.72,0
NC(=O)c1cn(nc1Nc2ccccc2)C3(CC#N)CCN(CC3)S(=O)(=O)c4ccccc4,9.0,1
COc1cccc(COC(=O)N2CC(CC#N)(C2)n3cc(C(=O)N)c(Nc4ccccc4)n3)c1,6.37,0
CN1CCC(COC(=O)N2CC(CC#N)(C2)n3cc(C(=O)N)c(Nc4ccccc4)n3)CC1,5.83,0
C[C@@H]1C[C@@](CC#N)(CCN1C(=O)OC(C)(C)C)n2cc(C(=O)N)c(Nc3ccccc3)n2,6.21,0
CC(=O)N1CCN(CC1)C2CCC(CC#N)(CC2)n3cc(C(=O)N)c(Nc4ccc(F)cc4)n3,6.65,0
COc1ccc(cc1OC)N2CCC(CC#N)(CC2)n3cc(C(=O)N)c(Nc4ccc(F)cc4)n3,6.81,0
NC(=O)c1cn(nc1Nc2ccc(F)cc2)C3(CC#N)CCS(=O)(=O)CC3,6.09,0
NC(=O)c1cn(nc1Nc2ccnc(F)c2)C3(CC#N)CCC(CC3)NCc4cccc(F)c4,5.99,0
