smiles,label
O=C1Nc2ccccc2c3ccccc13,0
Cc1cccc(Nc2ccccc2C(=O)O)c1C,0
CN(C)CCCC1(OCc2cc(ccc12)C#N)c3ccc(F)cc3,0
OC(=O)c1cc(ccc1O)\N=N\c2ccc(cc2)S(=O)(=O)Nc3ccccn3,0
CC(=O)N1CCN(CC1)c2ccc(OCC3COC(Cn4ccnc4)(O3)c5ccc(Cl)cc5Cl)cc2,0
NC1=NC(=O)C2=C(NCC(CNc3ccc(cc3)C(=O)N[C@@H](CCC(=O)O)C(=O)O)N2C=O)N1,0
Cc1ccc(cc1)S(=O)(=O)NC(=O)NN2CC3CCCC3C2,0
CCN1C=C(C(=O)O)C(=O)c2cc(F)c(cc12)N3CCNCC3,0
CC[C@]1(O)CC[C@H]2[C@@H]3CCC4=CCCC[C@@H]4[C@H]3CC[C@]12C,0
C[C@H]1O[C@H](C[C@H](O)[C@@H]1O)O[C@H]2[C@@H](O)C[C@H](O[C@H]3[C@@H](O)C[C@H](O[C@H]4CC[C@@]5(C)[C@H](CC[C@@H]6[C@@H]5CC[C@]7(C)[C@H](CC[C@]67O)C8=CC(=O)OC8)C4)O[C@@H]3C)O[C@@H]2C,0
OC(CCN1CCCCC1)(C2CCCCC2)c3ccccc3,0
NC(=O)CN1CCCC1=O,0
OC[C@H]1O[C@@H]2O[C@H]3[C@H](O)[C@@H](O)[C@H](O[C@@H]3CO)O[C@H]4[C@H](O)[C@@H](O)[C@H](O[C@@H]4CO)O[C@H]5[C@H](O)[C@@H](O)C(O[C@@H]5CO)OC6[C@H](O)[C@@H](O)C(O[C@@H]6CO)C7[C@H](O)[C@@H](O)C(O[C@@H]7CO)O[C@H]8[C@H](O)[C@@H](O)[C@H](O[C@@H]8CO)O[C@H]9[C@H](O)[C@@H](O)[C@H](O[C@@H]9CO)O[C@H]1[C@H](O)[C@H]2O,0
CCCC(=O)Nc1ccc(OCC(O)CNC(C)C)c(c1)C(=O)C,0
C[C@]12CCC(=O)C=C1CC[C@@H]3[C@@H]2CC[C@@]4(C)[C@H]3CC[C@@]4(O)C#C,0
[Cl-].[Cl-].C[n+]1ccc(cc1)c2cc[n+](C)cc2,0
CC1(C)S[C@@H]2[C@H](NC(=O)Cc3ccccc3)C(=O)N2[C@H]1C(=O)O,0
CC[C@]1(O)C[C@H]2CN(CCc3c([nH]c4ccccc34)[C@@](C2)(C(=O)OC)c5cc6c(cc5OC)N(C)[C@H]7[C@](O)([C@H](O)[C@]8(CC)C=CCN9CC[C@]67[C@H]89)C(=O)N)C1,0
CNCCCN1c2ccccc2CCc3ccccc13,0
Cc1ccccc1C(=O)N2CCC(Cc3ccccc3)CC2,0
Br.CN1[C@@H]2CC[C@H]1C[C@H](C2)OC(=O)C(O)c3ccccc3,0
Cc1[nH]cnc1CN2CCc3c(C2=O)c4ccccc4n3C,0
CCC(=C)C(=O)c1ccc(OCC(=O)O)c(Cl)c1Cl,0
O.C[C@@](Cc1ccc(O)c(O)c1)(NN)C(=O)O,0
[Br-].CC[N+]1(CCOC(=O)C(O)(c2ccccc2)c3ccccc3)CCCCC1,0
CC(=O)S[C@@H]1CC2=CC(=O)CC[C@]2(C)[C@H]3CC[C@@]4(C)[C@@H](CC[C@@]45CCC(=O)O5)[C@H]13,0
CC(C)OC(=O)C(C)(C)Oc1ccc(cc1)C(=O)c2ccc(Cl)cc2,0
CC(=O)Nc1ccc(O)cc1,0
COC(=O)c1ccccc1O,0
[O-][N+](=O)c1oc(\C=N\N2CCOC2=O)cc1,0
COc1cccc2C(=O)c3c(O)c4C[C@](O)(C[C@H](O[C@H]5C[C@H](N)[C@@H](O)[C@H](C)O5)c4c(O)c3C(=O)c12)C(=O)CO,0
CO[C@@H]1C[C@H](C[C@@H](C)[C@@H]2CC(=O)[C@H](C)\C=C(/C)\[C@@H](O)[C@@H](OC)C(=O)[C@H](C)C[C@H](C)\C=C\C=C\C=C(/C)\[C@H](C[C@@H]3CC[C@@H](C)[C@@](O)(O3)C(=O)C(=O)N4CCCC[C@H]4C(=O)O2)OC)CC[C@H]1O,0
COc1ccc2cc(ccc2c1)[C@H](C)C(=O)O,0
O=C1CC2(CCCC2)CC(=O)N1CCCCN3CCN(CC3)c4ncccn4,1
CC[C@@H](CO)NC(=O)[C@H]1CN(C)[C@@H]2Cc3cn(C)c4cccc(C2=C1)c34,1
CC(C(=O)O)c1cccc(c1)C(=O)c2ccccc2,0
Nc1cc(nc(N)[n+]1[O-])N2CCCCC2,0
CN1C(=O)CN=C(c2ccccc2)c3cc(ccc13)[N+](=O)[O-],0
OC(=O)C1=CN(C2CC2)c3cc(N4CCNCC4)c(F)cc3C1=O,0
CN(C)\N=N\c1[nH]cnc1C(=O)N,0
CN1[C@@H]2CC[C@H]1C[C@H](C2)OC(=O)c3c[nH]c4ccccc34,0
CCCCOC(=O)c1ccc(N)cc1,0
CC(CCc1ccccc1)NCC(O)c2ccc(O)c(c2)C(=O)N,0
NC1=Nc2[nH]cnc2C(=S)N1,0
C\C(=C/c1ccccc1)\C=C\2/SC(=S)N(CC(=O)O)C2=O,0
CN(C)CCOC(c1ccccc1)c2ccccc2,0
COc1ccc2[nH]c(nc2c1)[S+]([O-])Cc3ncc(C)c(OC)c3C,0
NNC(=O)c1ccncc1,0
NC[C@@H]1O[C@H](O[C@H]2[C@@H](O)[C@H](O[C@@H]3[C@@H](O)[C@H](N)C[C@H](N)[C@H]3O[C@H]4O[C@H](CN)[C@@H](O)[C@H](O)[C@H]4N)O[C@@H]2CO)[C@H](N)[C@@H](O)[C@@H]1O,0
Cc1cc2c(OCC(CNC(C)(C)C)OC(=O)c3ccccc3)cccc2[nH]1,0
[O-][N+](=O)c1ccc2NC(=O)CN=C(c3ccccc3)c2c1,0
CCCCOc1cc(CC2CNC(=O)N2)ccc1OC,0
CCN(CC)CCNC(=O)c1cc(Cl)c(N)cc1OC,1
C[C@@H]1O[C@@H](O[C@H]2CC[C@]3(C)[C@H]4CC[C@]5(C)[C@H](CC[C@]5(O)[C@@H]4CCC3=C2)C6=COC(=O)C=C6)[C@H](O)[C@H](O)[C@H]1O,0
Oc1ccccc1,0
CC1(C)[C@@H]2CC[C@@]1(C)C(=O)C2,0
CNC[C@H](O)c1ccc(O)c(O)c1,0
C(\C=C\c1ccccc1)N2CCN(CC2)C(c3ccccc3)c4ccccc4,1
CN1C(=O)N(C)c2ncn(C)c2C1=O,0
CC(C)n1c(\C=C\C(O)CC(O)CC(=O)O)c(c2ccc(F)cc2)c3ccccc13,0
O=C\C=C\c1ccccc1,0
CNC(=O)Oc1ccc2N(C)[C@H]3N(C)CC[C@@]3(C)c2c1,0
CN1CCN2C(C1)c3ccccc3Cc4ccccc24,0
ClC(=C)Cl,0
COc1ccc2c(c1)c(CC(=O)O)c(C)n2C(=O)c3ccc(Cl)cc3,0
CCC1(C(=O)NCNC1=O)c2ccccc2,0
COc1cc(\C=C\C(=O)O)ccc1O,0
CC1(C)S[C@@H]2[C@H](NC(=O)[C@H](N)c3ccc(O)cc3)C(=O)N2[C@H]1C(=O)O,0
Cc1onc(O)c1CC(N)C(=O)O,0
Oc1ccc(cc1)c2sc3cc(O)ccc3c2C(=O)c4ccc(OCCN5CCCCC5)cc4,1
CC(C)(C)c1ccc(cc1)C(=O)CCCN2CCC(CC2)OC(c3ccccc3)c4ccccc4,1
CC(C)[C@@H]1CC[C@H](CC1)C(=O)N[C@H](Cc2ccccc2)C(=O)O,0
CC(C)(C)NCC(O)COc1cccc2C[C@@H](O)[C@@H](O)Cc12,0
CN(C)[C@H]1[C@@H]2C[C@H]3C(=C(O)[C@]2(O)C(=O)C(=C1O)C(=O)N)C(=O)c4c(O)cccc4[C@@]3(C)O,0
CC1CCC(CC1)NC(=O)N(CCCl)N=O,0
COS(=O)(=O)C,0
NC1=NC(=O)C(O1)c2ccccc2,0
CCN1CCN(CC1)c2cc3N(C=C(C(=O)O)C(=O)c3cc2F)C4CC4,0
CC(=C)[C@@H]1[C@H]2OC(=O)[C@@H]1[C@]3(O)C[C@H]4O[C@]45C(=O)O[C@H]2[C@]35C,0
CC[C@H](C)C(=O)O[C@H]1C[C@H](O)C=C2C=C[C@H](C)[C@H](CC[C@@H](O)C[C@@H](O)CC(=O)O)[C@@H]12,0
COC(=O)Nc1nc2ccc(cc2[nH]1)C(=O)c3ccccc3,0
CN1CCN(CC1)C(c2ccccc2)c3ccccc3,0
COc1ccc(Cc2nccc3cc(OC)c(OC)cc23)cc1OC,0
CN1C(=O)N(C)c2ncn(CC3OCCO3)c2C1=O,0
CCC1(C(=O)NC(=O)NC1=O)c2ccccc2,0
NC(=O)c1cnccn1,0
CC[C@H]1OC(=O)[C@H](C)[C@@H](O[C@H]2C[C@@](C)(OC)[C@@H](O)[C@H](C)O2)[C@H](C)[C@@H](O[C@@H]3O[C@H](C)C[C@@H]([C@H]3OC(=O)CC)N(C)C)[C@](C)(O)C[C@@H](C)C(=O)[C@H](C)[C@@H](O)[C@]1(C)O,0
CC(C)(Oc1ccc(cc1)C2CC2(Cl)Cl)C(=O)O,0
COc1cc(NS(=O)(=O)c2ccc(N)cc2)nc(OC)n1,0
COc1c(N2CCNC(C)C2)c(F)cc3C(=O)C(=CN(C4CC4)c13)C(=O)O,0
Clc1ccc(CSC(Cn2ccnc2)c3ccc(Cl)cc3Cl)cc1,0
C[C@]12CCC(=O)C=C1CC[C@H]3[C@@H]4CC[C@](O)(C(=O)CO)[C@@]4(C)C[C@H](O)[C@H]23,0
CC[C@H](C)[C@H]1O[C@@]2(C[C@@H]3C[C@@H](C\C=C(/C)\[C@@H](O[C@H]4C[C@H](OC)[C@@H](O[C@H]5C[C@H](OC)[C@@H](O)[C@H](C)O5)[C@H](C)O4)[C@@H](C)\C=C\C=C\6/CO[C@@H]7[C@H](O)C(=C[C@@H](C(=O)O3)[C@]67O)C)O2)C=C[C@@H]1C.CO[C@H]8C[C@H](O[C@H]9[C@H](C)O[C@H](C[C@@H]9OC)O[C@H]%10[C@@H](C)\C=C\C=C\%11/CO[C@@H]%12[C@H](O)C(=C[C@@H](C(=O)O[C@H]%13C[C@@H](C\C=C\%10/C)O[C@@]%14(C%13)O[C@H](C(C)C)[C@@H](C)C=C%14)[C@]%11%12O)C)O[C@@H](C)[C@@H]8O,0
Nc1c2CCCCc2nc3ccccc13,0
COC(=O)c1ccc(O)cc1,0
CCN1C=C(C(=O)O)C(=O)c2cc(F)c(cc12)N3CCN(C)CC3,0
CC(C)c1cccc(C(C)C)c1O,0
CCCNCC(O)COc1ccccc1C(=O)CCc2ccccc2,0
C\C(=C\C(=O)O)\C=C\C=C(/C)\C=C\C1=C(C)CCCC1(C)C,0
Clc1ccc2OC(=O)Nc2c1,0
CC(O)(P(=O)(O)O)P(=O)(O)O,0
ClCC(Cl)Cl,0
Nc1ccc(cc1)S(=O)(=O)Nc2ncccn2,0
CC(=O)Oc1ccc(cc1)C(c2ccc(OC(=O)C)cc2)c3ccccn3,0
CCS(=O)(=O)CCn1c(C)ncc1[N+](=O)[O-],0
[Br-].C[N+]1(C)[C@H]2C[C@@H](C[C@H]1[C@H]3O[C@@H]23)OC(=O)[C@H](CO)c4ccccc4,0
Cc1c(OCC(F)(F)F)ccnc1C[S+]([O-])c2nc3ccccc3[nH]2,0
CC1=C(CC(=O)O)c2cc(F)ccc2/C/1=C\c3ccc(cc3)S(=O)(=O)C,0
CN1CCC(=C2c3ccccc3CC(=O)c4sccc24)CC1,0
CC(C)(C)c1ccc(cc1)S(=O)(=O)\C=C\C#N,0
C[C@]12Cc3cnoc3C=C1CC[C@@H]4[C@@H]2CC[C@@]5(C)[C@H]4CC[C@@]5(O)C#C,0
COC(=O)Nc1nc2ccc(cc2[nH]1)C(=O)c3cccs3,0
COCCOC(=O)C1=C(C)NC(=C(C1c2cccc(c2)[N+](=O)[O-])C(=O)OC(C)C)C,0
Oc1ccc(cc1)C2=COc3cc(O)cc(O)c3C2=O,0
CCC(C)(C)C(=O)O[C@H]1C[C@@H](C)C=C2C=C[C@H](C)[C@H](CC[C@@H]3C[C@@H](O)CC(=O)O3)[C@@H]12,0
CC1=C(Oc2c(cccc2C1=O)C(=O)OCCN3CCCCC3)c4ccccc4,0
CC(N)Cc1c[nH]c2ccc(OCc3cccs3)cc12,0
NC1=NC(=O)N(C=N1)[C@@H]2O[C@H](CO)[C@@H](O)[C@H]2O,0
NCC1(CC(=O)O)CCCCC1,0
FC(F)(F)c1ccccc1C(=O)N2CCC(Cc3ccccc3)CC2,0
Cc1cc(c(O)c(C)c1CC2=NCCN2)C(C)(C)C,0
COc1c(C)c2COC(=O)c2c(O)c1C\C=C(/C)\CCC(=O)OCCN3CCOCC3,0
CCCCCC[C@@H]1[C@@H](OC(=O)CC(C)C)[C@H](C)OC(=O)[C@@H](NC(=O)c2cccc(NC=O)c2O)[C@@H](C)OC1=O,0
CN1C[C@H](CNC(=O)OCc2ccccc2)C[C@H]3[C@H]1Cc4cn(C)c5cccc3c45,1
Cc1ccc2cc3c(ccc4ccccc34)c5CCc1c25,0
Cc1cn[nH]c1,0
CC(C)NNC(=O)c1ccncc1,0
CCCC(C)C1(CC=C)C(=O)NC(=O)NC1=O,0
CN(C)C(=O)C(CCN1CCC(O)(CC1)c2ccc(Cl)cc2)(c3ccccc3)c4ccccc4,0
Cc1onc(c2ccccc2)c1c3ccc(cc3)S(=O)(=O)N,0
OC(=O)CCNC(=O)c1ccccc1,0
CN1C=CNC1=S,0
Oc1c(Cl)cc(Cl)cc1Sc2cc(Cl)cc(Cl)c2O,0
C[C@@H]1CC[C@@]2(OC1)O[C@H]3[C@@H](O)[C@H]4[C@@H]5CC[C@H]6C[C@@H](O[C@@H]7O[C@H](CO)[C@H](O[C@@H]8O[C@H](CO)C(O)[C@H](O[C@@H]9OC[C@@H](O)[C@H](O)[C@H]9O)[C@H]8O[C@@H]%10O[C@H](CO)[C@H](O)[C@H](O[C@@H]%11O[C@H](CO)[C@@H](O)[C@H](O)[C@H]%11O)[C@H]%10O)[C@H](O)[C@H]7O)[C@H](O)C[C@]6(C)[C@H]5CC[C@]4(C)[C@H]3[C@@H]2C,0
COc1ccc2cc(CCC(=O)C)ccc2c1,0
CCCC1=CC(=O)NC(=S)N1,0
COc1ccc(CN(CCN(C)C)c2ccccn2)cc1,0
CN(Cc1cnc2nc(N)nc(N)c2n1)c3ccc(cc3)C(=O)N[C@@H](CCC(=O)O)C(=O)O,0
COc1cc(N)[nH]c2nc(c3ccc(F)cc3)c(c4ccncc4)c12,0
CC12CCC(CC1)C(C)(C)O2,0
CC(=O)O[C@H]1C(=O)[C@]2(C)[C@@H](O)C[C@H]3OC[C@@]3(OC(=O)C)[C@H]2[C@H](OC(=O)c4ccccc4)[C@]5(O)C[C@H](OC(=O)[C@H](O)[C@@H](NC(=O)c6ccccc6)c7ccccc7)C(=C1C5(C)C)C,0
CC[C@]1(O)C[C@@H]2CN(CCc3c([nH]c4ccccc34)[C@@](C2)(C(=O)OC)c5cc6c(cc5OC)N(C)[C@H]7[C@](O)([C@H](OC(=O)C)[C@]8(CC)C=CCN9CC[C@]67[C@H]89)C(=O)OC)C1,0
CCOC(=O)C1=C(C)NC(=C(C1c2ccccc2\C=C\C(=O)OC(C)(C)C)C(=O)OCC)C,0
CC1(C)O[C@@H]2C[C@H]3[C@@H]4C[C@H](F)C5=CC(=O)C=C[C@]5(C)[C@H]4[C@@H](O)C[C@]3(C)[C@@]2(O1)C(=O)CO,0
Oc1cccc(O)c1O,0
CN1C=CC(=O)C(=C1C)O,0
CCCCN1CCCC[C@H]1C(=O)Nc2c(C)cccc2C,0
CC(C)(Oc1ccc(CCNC(=O)c2ccc(Cl)cc2)cc1)C(=O)O,0
C[C@H]1C[C@H]2[C@@H]3CC[C@](O)(C(=O)C)[C@@]3(C)C[C@H](O)[C@]2(F)[C@@]4(C)C=CC(=O)C=C14,0
C[C@H](CCC(=O)O)[C@H]1CC[C@H]2[C@@H]3[C@H](O)C[C@@H]4C[C@H](O)CC[C@]4(C)[C@H]3C[C@H](O)[C@]12C,0
N#Cc1ccc(cc1)C(c2ccc(cc2)C#N)n3cncn3,0
CCCCCCCCCc1ccc(O)cc1,0
NCCCC[C@H](N[C@@H](CCc1ccccc1)C(=O)O)C(=O)N2CCC[C@H]2C(=O)O,0
CC(=O)[C@H]1CC[C@H]2[C@@H]3CCC4=CC(=O)CC[C@]4(C)[C@H]3CC[C@]12C,0
N[C@@H](Cc1ccc(F)cc1)C(=O)O,0
C(c1ccccc1)n2ccnc2,0
COc1ccc(CCN2CCC(CC2)Nc3nc4ccccc4n3Cc5ccc(F)cc5)cc1,1
CC(C)[C@@]1(NC(=O)[C@@H]2C[C@H]3[C@@H](Cc4c[nH]c5cccc3c45)N(C)C2)O[C@@]6(O)[C@@H]7CCCN7C(=O)[C@H](Cc8ccccc8)N6C1=O.CS(=O)(=O)O,1
C[C@]12CC[C@H]3[C@@H](CCC4=CC(=O)CC[C@H]34)[C@@H]1CC[C@@H]2O,0
NN,0
Nc1nc(Cl)nc2c1ncn2[C@H]3C[C@H](O)[C@@H](CO)O3,0
CCN(CC)C(=O)N[C@@H]1CN(C)[C@@H]2Cc3c[nH]c4cccc(C2=C1)c34,1
CC(C)NC[C@@H](O)COc1cccc2ccccc12,0
CN1C(=O)CN=C(c2ccccc2)c3cc(Cl)ccc13,0
CC1=CN([C@H]2C[C@H](N=[N+]=[N-])[C@@H](CO)O2)C(=O)NC1=O,0
[Br-].CC(O)[C@H](NC(=O)[C@@H](C)[C@@H](O)[C@@H](C)NC(=O)[C@@H](NC(=O)c1cc(N)nc(n1)C(CC(=O)N)NCC(N)C(=O)N)C(O[C@@H]2O[C@@H](CO)[C@@H](O)[C@H](O)[C@@H]2O[C@H]3O[C@H](CO)[C@@H](O)[C@H](OC(=O)N)[C@@H]3O)c4c[nH]cn4)C(=O)NCCc5nc(cs5)c6nc(cs6)C(=O)NCCC[S+](C)C,0
CCN(CC)CC#CCOC(=O)C(O)(C1CCCCC1)c2ccccc2,0
Cc1c(C)c2OC(C)(CN3CCN(CC3)c4cc(nc(n4)N5CCCC5)N6CCCC6)CCc2c(C)c1O,1
CC(=O)OCC(=O)[C@@]12OC(C)(C)O[C@@H]1C[C@H]3[C@@H]4C[C@H](F)C5=CC(=O)C=C[C@]5(C)[C@@]4(F)[C@@H](O)C[C@]23C,0
Clc1ccc(cc1)C(=O)NCCN2CCOCC2,0
OCCNCCNc1ccc(NCCNCCO)c2C(=O)c3c(O)ccc(O)c3C(=O)c12,0
CN(CCOc1ccc(CC2SC(=O)NC2=O)cc1)c3ccccn3,0
CO[C@H]1\C=C\O[C@@]2(C)Oc3c(C)c(O)c4C(=O)C(=C5NC6(CCN(CC(C)C)CC6)N=C5c4c3C2=O)NC(=O)\C(=C/C=C/[C@H](C)[C@H](O)[C@@H](C)[C@@H](O)[C@@H](C)[C@H](OC(=O)C)[C@@H]1C)\C,0
C[C@@H]1O[C@@H](O[C@H]2C[C@@H](O)[C@]3(CO)[C@H]4[C@H](O)C[C@]5(C)[C@H](CC[C@]5(O)[C@@H]4CC[C@]3(O)C2)C6=CC(=O)OC6)[C@H](O)[C@H](O)[C@H]1O,0
C[C@@H](CO)NC(=O)[C@H]1CN(C)[C@@H]2Cc3c[nH]c4cccc(C2=C1)c34,1
O=C1Oc2ccccc2C=C1,0
CC(C(=O)O)c1ccc(c(F)c1)c2ccccc2,0
C[C@]1(Cn2ccnn2)[C@@H](N3[C@@H](CC3=O)S1(=O)=O)C(=O)O,0
COc1ccccc1OCC(O)CO,0
CC[C@@]1(O)C[C@H](O[C@H]2C[C@@H]([C@H](O[C@H]3C[C@H](O)[C@H](O[C@H]4CCC(=O)[C@H](C)O4)[C@H](C)O3)[C@H](C)O2)N(C)C)c5c(O)c6C(=O)c7c(O)cccc7C(=O)c6cc5[C@H]1C(=O)OC,0
CN1C(=O)OC(C)(C)C1=O,0
Oc1cccc2cccnc12,0
ClCCNP1(=O)OCCCN1CCCl,0
CC1=C(N2[C@H](SC1)[C@H](NC(=O)[C@H](N)c3ccccc3)C2=O)C(=O)O,0
CC(C)CN(C[C@@H](O)[C@H](Cc1ccccc1)NC(=O)O[C@H]2CCOC2)S(=O)(=O)c3ccc(N)cc3,0
C[C@@H]1OC(=O)C[C@H](O)C[C@H](O)CC[C@@H](O)[C@H](O)C[C@H](O)C[C@]2(O)C[C@H](O)[C@H]([C@H](C[C@@H](O[C@@H]3O[C@H](C)[C@@H](O)[C@H](N)[C@@H]3O)\C=C\C=C\C=C\C=C\C=C\C=C\C=C\[C@H](C)[C@@H](O)[C@H]1C)O2)C(=O)O,0
NNc1nncc2ccccc12,0
CC(C)(C)NCC(O)c1cc(O)cc(O)c1,0
Fc1ccccc1C(=O)N2CCC(Cc3ccccc3)CC2,0
OC1=C(CC2=C(O)c3ccccc3OC2=O)C(=O)Oc4ccccc14,0
CNCCC(Oc1ccc(cc1)C(F)(F)F)c2ccccc2,0
C[N+](C)(C)CCOP(=O)([O-])OC[C@H](O)CO,0
CO[C@]12[C@H]3N[C@H]3CN1C4=C([C@H]2COC(=O)N)C(=O)C(=C(C)C4=O)N,0
CCCCc1oc2ccccc2c1C(=O)c3cc(I)c(OCCN(CC)CC)c(I)c3,1
CC(C)(Oc1ccc(Cl)cc1)C(=O)O,0
OC(=O)c1cccnc1,0
C\C(=C/C=C/C(=C/C(=O)O)/C)\C=C\C1=C(C)CCCC1(C)C,0
C[C@H]1C[C@H]2[C@@H]3CC[C@](O)(C(=O)CO)[C@@]3(C)C[C@H](O)[C@@H]2[C@@]4(C)C=CC(=O)C=C14,0
CN1C(=C(O)c2ccccc2S1(=O)=O)C(=O)Nc3ncc(C)s3,0
CN(C\C=C\C#CC(C)(C)C)Cc1cccc2ccccc12,0
CN1C(=O)N(CCCCC(=O)C)C(=O)c2c1ncn2C,0
COc1ccc(\C=C\C(=O)Nc2ccccc2C(=O)O)cc1OC,0
COc1ccccc1OCCNCC(O)COc2cccc3[nH]c4ccccc4c23,1
C[C@H]1O[C@H]([C@H](O)[C@@H]1O)N2C=C(F)C(=O)NC2=O,0
C[C@H]1COc2c(N3CCN(C)CC3)c(F)cc4C(=O)C(=CN1c24)C(=O)O,0
C[C@H]([C@](O)(Cn1cncn1)c2ccc(F)cc2F)S(=O)(=O)C,0
Cc1cnc(cn1)C(=O)NCCc2ccc(cc2)S(=O)(=O)NC(=O)NC3CCCCC3,0
CCN(CC)CCCC(C)Nc1c2ccc(Cl)cc2nc3ccc(OC)cc13,0
CC(N)COc1c(C)cccc1C,0
CC\C(=C(/c1ccccc1)\c2ccc(OCCN(C)C)cc2)\c3ccccc3,1
CC[C@@H](CO)NC(=O)[C@H]1CN(C)[C@@H]2Cc3c[nH]c4cccc(C2=C1)c34,1
OC(=O)COC(=O)Cc1ccccc1Nc2c(Cl)cccc2Cl,0
Nc1ccc(cc1)S(=O)(=O)N,0
CC(=O)Nc1ccc2c(Cc3ccccc23)c1,0
CCCN1C[C@H](CSC)C[C@H]2[C@H]1Cc3c[nH]c4cccc2c34,1
Nc1ccc(C(=O)O)c(O)c1,0
CC[C@H](C)C(=O)O[C@H]1CCC=C2C=C[C@H](C)[C@H](CC[C@@H]3C[C@@H](O)CC(=O)O3)[C@@H]12,0
CC(C(=O)O)c1ccc(CC2CCCC2=O)cc1,0
CC[C@H](C)[C@H](N)C1=N[C@@H](CS1)C(=O)N[C@@H](CC(C)C)C(=O)N[C@H](CCC(=O)O)C(=O)N[C@@H]([C@@H](C)CC)C(=O)N[C@H]2CCCCNC(=O)[C@H](CC(=O)N)NC(=O)[C@@H](CC(=O)O)NC(=O)[C@H](Cc3cnc[nH]3)NC(=O)[C@@H](Cc4ccccc4)NC(=O)[C@@H](NC(=O)[C@@H](CCCN)NC2=O)[C@@H](C)CC,0
COC(=O)Nc1nc2cc(ccc2[nH]1)C(=O)c3ccc(F)cc3,0
NC(=O)NC(=O)Cc1ccccc1,0
CC1CN(CCN1)c2cc3N(C=C(C(=O)O)C(=O)c3cc2F)c4ccc(F)cc4F,0
CC(=O)OCC(CCn1cnc2cnc(N)nc12)COC(=O)C,0
[O-][N+](=O)c1oc(\C=N\N2CC(=O)NC2=O)cc1,0
Oc1c(Cl)cc(Cl)cc1C(=O)Nc2ccc(Cl)c(Cl)c2,0
CC(C)(C)c1cc(SC(C)(C)Sc2cc(c(O)c(c2)C(C)(C)C)C(C)(C)C)cc(c1O)C(C)(C)C,0
COc1cc2OC[C@H]3Oc4c5C[C@@H](Oc5ccc4C(=O)[C@H]3c2cc1OC)C(=C)C,0
CO[C@H]1[C@@H](O)[C@H](N)[C@@H](O[C@H]2O[C@@H](CC[C@H]2N)[C@H](C)N)[C@H](O)[C@@H]1N(C)C(=O)CN,0
CCN(C(=O)C)c1cccc(c1)c2ccnc3c(cnn23)C#N,0
[I-].[I-].[I-].CC[N+](CC)(CC)CCOc1cccc(OCC[N+](CC)(CC)CC)c1OCC[N+](CC)(CC)CC,0
CC\C(=C(\CC)/c1ccc(O)cc1)\c2ccc(O)cc2,1
COc1cc(OC)c(C(=O)CCCN2CCCC2)c(OC)c1,0
CCCCC(=O)N(Cc1ccc(cc1)c2ccccc2c3nnn[nH]3)[C@@H](C(C)C)C(=O)O,0
CCCCCCCCN[C@H](C)[C@@H](O)c1ccc(SC(C)C)cc1,0
CCN(CCO)CCCC(C)Nc1ccnc2cc(Cl)ccc12,0
CCCNC(C)C(=O)Nc1ccccc1C,0
[Na+].[O-][As]=O,0
CC(C)CCC[C@@H](C)[C@H]1CC[C@H]2\C(=C\C=C/3\C[C@@H](O)CCC3=C)\CCC[C@]12C,0
C[C@H]1C[C@H]2[C@@H]3CCC4=CC(=O)C=C[C@]4(C)[C@@]3(F)[C@@H](O)C[C@]2(C)[C@@]1(O)C(=O)COP(=O)(O)O,0
CN(C)CCOC(c1ccccc1)c2ccccc2C,0
Nc1nc(O)c2ncn(COC(CO)CO)c2n1,0
CN(C)C=O,0
C[C@@H]1CN(C[C@H](C)N1)c2c(F)c(N)c3C(=O)C(=CN(C4CC4)c3c2F)C(=O)O,0
CC[C@H]1OC(=O)[C@H](C)[C@@H](O[C@H]2C[C@@](C)(OC)[C@@H](O)[C@H](C)O2)[C@H](C)[C@@H](O[C@@H]3O[C@H](C)C[C@@H]([C@H]3O)N(C)C)[C@](C)(O)C[C@@H](C)\C(=N/OCOCCOC)\[C@H](C)[C@@H](O)[C@]1(C)O,0
C1CCN2C[C@H]3C[C@H](CN4CCCC[C@@H]34)[C@H]2C1,0
N[C@@H](Cc1ccc(cc1)N(CCCl)CCCl)C(=O)O,0
COCc1c(nc(C(C)C)c(\C=C\[C@@H](O)C[C@@H](O)CC(=O)O)c1c2ccc(F)cc2)C(C)C,0
CC1=C(CCN2CCC(CC2)c3noc4cc(F)ccc34)C(=O)N5CCCCC5=N1,1
CNS(=O)(=O)Cc1ccc2[nH]cc(CCN(C)C)c2c1,0
C[C@]12CC[C@H]3[C@@H](CCc4cc(O)ccc34)[C@@H]1CCC2=O,0
Cc1cc(C)nc(NS(=O)(=O)c2ccc(N)cc2)n1,0
O=C1CC[C@@H](N2C(=O)c3ccccc3C2=O)C(=O)N1,0
CCOC(=O)C(C)(C)Oc1ccc(Cl)cc1,0
N.CO[C@H]1C[C@@H](O[C@H]2C[C@@H](O[C@H]2[C@]3(C)CC[C@@H](O3)[C@]4(C)CC[C@]5(C[C@H](O)[C@@H](C)[C@H](O5)[C@@H](C)[C@@H]6O[C@](O)(CC(=O)O)[C@@H](C)[C@H](OC)[C@H]6OC)O4)[C@H]7O[C@](C)(O)[C@H](C)C[C@@H]7C)O[C@@H](C)[C@@H]1OC,0
OC(=O)CCCC[C@@H]1CCSS1,0
Nc1nc(O)c2ncn(CCC(CO)CO)c2n1,0
Nc1nc(N)nc(NC2CC2)n1,0
NS(=O)(=O)c1cc(C(=O)O)c(NCc2occc2)cc1Cl,0
COc1c(C)c2COC(=O)c2c(O)c1C\C=C(/C)\CCC(=O)O,0
CCCOc1ccc(cc1N)C(=O)OCCN(CC)CC,0
COc1cc(\C=C/C)ccc1O,0
[Na+].[Na+].[Na+].[O-][V](=O)([O-])[O-],0
N[C@@H](Cc1cc(I)c(Oc2ccc(O)c(I)c2)c(I)c1)C(=O)O,0
CC1CC(CC(C)(C)C1)OC(=O)C(O)c2ccccc2,0
CCc1ccc(cc1)C(=O)C(C)CN2CCCCC2,0
CC[C@H](C)[C@H]1O[C@]2(CC[C@@H]1C)C[C@@H]3C[C@@H](C\C=C(/C)\[C@@H](O[C@H]4C[C@H](OC)[C@@H](O[C@H]5C[C@H](OC)[C@@H](O)[C@H](C)O5)[C@H](C)O4)[C@@H](C)\C=C\C=C\6/CO[C@@H]7[C@H](O)C(=C[C@@H](C(=O)O3)[C@]67O)C)O2.CO[C@H]8C[C@H](O[C@H]9[C@H](C)O[C@H](C[C@@H]9OC)O[C@H]%10[C@@H](C)\C=C\C=C\%11/CO[C@@H]%12[C@H](O)C(=C[C@@H](C(=O)O[C@H]%13C[C@@H](C\C=C\%10/C)O[C@@]%14(CC[C@H](C)[C@H](O%14)C(C)C)C%13)[C@]%11%12O)C)O[C@@H](C)[C@@H]8O,0
N(c1ccccc1)c2ccc(Nc3ccccc3)cc2,0
CC(=O)N[C@H]1[C@@H](O)[C@H](O)[C@H](CO)O[C@H]1O[C@H]2[C@@H]3NC(=O)[C@H](NC(=O)[C@@H]4NC(=O)[C@H]5NC(=O)[C@@H](Cc6ccc(Oc7cc4cc(Oc8ccc2cc8Cl)c7O[C@@H]9O[C@@H](CO)[C@@H](O)[C@H](O)[C@@H]9NC(=O)C)c(Cl)c6)NC(=O)[C@H](N)c%10ccc(O)c(Oc%11cc(O)cc5c%11)c%10)c%12ccc(O)c(c%12)c%13c(O[C@H]%14O[C@H](CO)[C@@H](O)[C@@H](O)[C@@H]%14O)cc(O)cc%13[C@H](NC3=O)C(=O)O,0
OC(=O)COc1ccc(C(=O)c2cccs2)c(Cl)c1Cl,0
Nc1ccc2C(=O)NC(=O)c3cccc1c23,0
Clc1ccc(CO\N=C(/Cn2ccnc2)\c3ccc(Cl)cc3Cl)c(Cl)c1,0
Nc1ccc(cc1)S(=O)(=O)Nc2ccnn2c3ccccc3,0
COc1cc(NC(C)CCCN)c2ncccc2c1,0
OC(CCCN1CCCCC1)(c2ccccc2)c3ccccc3,1
CCN(CC)CCOc1ccc(cc1)\C(=C(\Cl)/c2ccccc2)\c3ccccc3,0
Cc1cccc(Nc2cc(Cl)nc(SCC(=O)O)n2)c1C,0
N[C@@H](COC(=O)C=[N+]=[N-])C(=O)O,0
CCOc1cc(N)c(Cl)cc1C(=O)NCC2CN(Cc3ccc(F)cc3)CCO2,0
[Cl-].[Cl-].[Zn+2],0
OC1(CCN(CCCC(=O)c2ccc(F)cc2)CC1)c3ccc(Cl)cc3,1
CC(C)C(=O)Nc1ccc(c(c1)C(F)(F)F)[N+](=O)[O-],0
CCN(CC)N=O,0
COc1ccc2[C@H]3CC[C@@]4(C)[C@@H](CC[C@@]4(O)C#C)[C@@H]3CCc2c1,0
COc1cc(CC=C)ccc1O,0
CC(NC(C)(C)C)C(=O)c1cccc(Cl)c1,0
CC(C)NCC(O)c1ccccc1Cl,0
CC1(C)O[C@@H]2C[C@H]3[C@@H]4CCC5=CC(=O)C=C[C@]5(C)[C@@]4(F)[C@@H](O)C[C@]3(C)[C@@]2(O1)C(=O)CO,0
NC(=N)NC(=O)Cc1c(Cl)cccc1Cl,0
OC(=O)c1ccccc1OC(=O)c2ccccc2O,0
[Cl-].[Cl-].[Mn+2],0
CC[C@H]1OC(=O)[C@H](C)[C@@H](O[C@H]2C[C@@](C)(OC)[C@@H](O)[C@H](C)O2)[C@H](C)[C@@H](O[C@@H]3O[C@H](C)C[C@@H]([C@H]3O)N(C)C)[C@@](C)(C[C@@H](C)C(=O)[C@H](C)[C@@H](O)[C@]1(C)O)OC,0
NNc1ccccc1,0
CN[C@H](CC(C)C)C(=O)N[C@@H]1[C@H](O)c2ccc(Oc3cc4cc(Oc5ccc(cc5Cl)[C@@H](O)[C@@H]6NC(=O)[C@H](NC(=O)[C@@H]4NC(=O)[C@H](CC(=O)N)NC1=O)c7ccc(O)c(c7)c8c(O)cc(O)cc8[C@H](NC6=O)C(=O)O)c3O[C@@H]9O[C@H](CO)[C@@H](O)[C@H](O)[C@H]9O[C@H]%10C[C@](C)(N)[C@H](O)[C@H](C)O%10)c(Cl)c2,0
Oc1ccc(cc1[N+](=O)[O-])[As](=O)(O)O,0
Oc1c(cc(cc1[N+](=O)[O-])[N+](=O)[O-])C(=O)N\N=C\c2oc(cc2)[N+](=O)[O-],0
ClCCN(N=O)C(=O)NC1CCCCC1,0
CN1CCN(CC1)C2=Nc3cc(Cl)ccc3Nc4ccccc24,1
CNC1(CCCCC1=O)c2ccccc2Cl,0
C[C@@H]1OC(=O)C[C@H](O)C[C@H](O)C[C@H](O)CC[C@@H](O)[C@H](O)C[C@]2(O)C[C@H](O)[C@H]([C@H](C[C@@H](O[C@H]3O[C@@H](C)[C@H](O)[C@@H](N)[C@H]3O)\C=C\C=C\C=C\C=C\CC\C=C\C=C\[C@H](C)[C@@H](O)[C@H]1C)O2)C(=O)O,0
CCCCNc1ccc(cc1)C(=O)OCCN(C)C,0
CC(=O)Nc1c(I)c(NC(=O)C)c(I)c(C(=O)O)c1I,0
CN(C)CCCN1c2ccccc2CCc3ccc(Cl)cc13,1
[Cl-].C[N+](C)(C)CCO,0
CN1CCC[C@H]1c2cccnc2,0
COC(=O)Nc1nc2cc(ccc2[nH]1)[S+]([O-])c3ccccc3,0
CN(C)[C@H]1[C@@H]2[C@@H](O)[C@H]3C(=C(O)[C@]2(O)C(=O)C(=C1O)C(=O)N)C(=O)c4c(O)cccc4[C@@]3(C)O,0
CC(C)Cn1cnc2c(N)nc3ccccc3c12,0
Oc1cc(cc(O)c1O)C(=O)Oc2cc(cc(O)c2O)C(=O)OC[C@H]3O[C@@H](OC(=O)c4cc(O)c(O)c(OC(=O)c5cc(O)c(O)c(O)c5)c4)[C@H](OC(=O)c6cc(O)c(O)c(OC(=O)c7cc(O)c(O)c(O)c7)c6)[C@@H](OC(=O)c8cc(O)c(O)c(OC(=O)c9cc(O)c(O)c(O)c9)c8)[C@@H]3OC(=O)c%10cc(O)c(O)c(OC(=O)c%11cc(O)c(O)c(O)c%11)c%10,0
[Cl-].COc1ccc2cc3c4cc5OCOc5cc4CC[n+]3cc2c1OC,0
C[C@]12CC[C@@H](O)C[C@@H]1CC[C@@H]3[C@@H]2CC[C@@]4(C)[C@H]3CCC4=O,0
CN[C@H]1[C@H](O)[C@@H](O)[C@H](CO)O[C@H]1O[C@H]2[C@H](O[C@H]3[C@H](O)[C@@H](O)[C@H](N=C(N)N)[C@@H](O)[C@@H]3N=C(N)N)O[C@@H](C)[C@]2(O)C=O,0
Cc1ccc(cc1)S(=O)(=O)NC(=O)NN2CCCCCC2,0
COc1ccc(CN2CCNCC2)c(OC)c1OC,0
C[C@@H]1CC[C@H]2[C@@H](C)C(=O)O[C@@H]3O[C@]4(C)CC[C@@H]1[C@@]23OO4,0
CC(C)(C)NC(=O)[C@@H]1CN(Cc2cccnc2)CCN1C[C@@H](O)C[C@@H](Cc3ccccc3)C(=O)N[C@@H]4[C@H](O)Cc5ccccc45,0
CC(C)NC[C@H](O)COc1cccc2ccccc12,0
Cc1ccc(cc1)N(CC2=NCCN2)c3cccc(O)c3,0
C[C@@H](O)[C@H](CO)NC(=O)[C@@H]1CSSC[C@H](NC(=O)[C@H](N)Cc2ccccc2)C(=O)N[C@@H](Cc3ccccc3)C(=O)N[C@H](Cc4c[nH]c5ccccc45)C(=O)N[C@@H](CCCCN)C(=O)N[C@@H]([C@@H](C)O)C(=O)N1,0
NC(=O)c1ncn(n1)[C@@H]2O[C@H](CO)[C@@H](O)[C@H]2O,0
C[C@]12CC[C@H]3[C@@H](CCc4cc(O)ccc34)[C@@H]1CC[C@@H]2O,0
CN(C(=S)Oc1ccc2ccccc2c1)c3cccc(C)c3,0
CC(C)C[C@@H]1N2C(=O)[C@](NC(=O)[C@H]3CN(C)[C@@H]4Cc5c[nH]c6cccc(C4=C3)c56)(O[C@@]2(O)[C@@H]7CCCN7C1=O)C(C)C,1
COc1ccc(C[C@H](N)C(=O)N[C@@H]2[C@@H](CO)O[C@H]([C@@H]2O)n3cnc4c(ncnc34)N(C)C)cc1,0
CC1(C)O[C@@H]2C[C@H]3[C@@H]4CCC5=CC(=O)CC[C@]5(C)[C@@]4(F)[C@@H](O)C[C@]3(C)[C@@]2(O1)C(=O)CCl,0
C\C\1=C/CC[C@@]2(C)O[C@H]2[C@H]3OC(=O)C(=C)[C@@H]3CC1,0
COc1ccc(cc1)C2C(=O)c3ccccc3C2=O,0
C[C@]12CC[C@H]3[C@@H](CCc4cc(O)ccc34)[C@@H]1C[C@@H](O)[C@@H]2O,0
CN(N=O)C(=O)N[C@H]1C(O)O[C@H](CO)[C@@H](O)[C@@H]1O,0
C[S+](C)[O-],0
CC(N)C12CC3CC(CC(C3)C1)C2,0
COc1ccc(Cl)cc1C(=O)NCCc2ccc(cc2)S(=O)(=O)NC(=O)NC3CCCCC3,0
OC(=O)CCc1oc(c2ccccc2)c(n1)c3ccccc3,0
CC1(C)[C@@H](N2[C@@H](CC2=O)S1(=O)=O)C(=O)O,0
NC(=N)NCCN1CCCCCCC1,0
Oc1ccc(\C=C\c2cc(O)cc(O)c2)cc1,0
CN1C(=O)N(C)c2nc[nH]c2C1=O.CN3C(=O)N(C)c4nc[nH]c4C3=O.NCCN,0
OC(=O)C1CCn2c1ccc2C(=O)c3ccccc3,0
Cc1ccnc2N(C3CC3)c4ncccc4C(=O)Nc12,0
CC(O)C(=O)O,0
Clc1cccc(Cl)c1NC2=NCCN2,0
OCc1ccccc1,0
CCN1C[C@]2(COC)[C@H](O)C[C@@H](OC)[C@@]34[C@@H]5C[C@]6(O)[C@@H](OC)[C@H](O)[C@](OC(=O)C)([C@@H]([C@H](OC)[C@H]23)[C@@H]14)[C@H]5[C@H]6OC(=O)c7ccccc7,0
CC1=CN([C@@H]2O[C@H](CO)C=C2)C(=O)NC1=O,0
OC(COc1cccc2OC(=CC(=O)c12)C(=O)O)COc3cccc4OC(=CC(=O)c34)C(=O)O,0
CN(C1CCCCC1)C(=O)CCCOc2ccc3nc(O)ccc3c2,0
CN(C)CCOC(c1ccccc1)c2ccccc2.CN3C(=O)N(C)c4nc(Cl)[nH]c4C3=O,0
COc1ccc(CCN(C)CCCC(C#N)(C(C)C)c2ccc(OC)c(OC)c2)cc1OC,0
CCOc1nc2cccc(C(=O)O)c2n1Cc3ccc(cc3)c4ccccc4c5nnn[nH]5,0
C[C@](N)(Cc1ccc(O)cc1)C(=O)O,0
CO\N=C(/C(=O)N[C@H]1[C@H]2SCC(=C(N2C1=O)C(=O)O)COC(=O)C)\c3csc(N)n3,0
C[C@]12CC[C@H]3[C@@H](CCC4=CC(=O)CC[C@]34C)[C@@H]1CC[C@@H]2O,0
NS(=O)(=O)c1cc(ccc1Cl)C2(O)NC(=O)c3ccccc23,0
NC(=O)C1CCN(CCCN2c3ccccc3Sc4ccc(Cl)cc24)CC1,1
NCC[C@H](O)C(=O)N[C@@H]1C[C@H](N)[C@@H](O[C@H]2O[C@H](CN)[C@@H](O)[C@H](O)[C@H]2O)[C@H](O)[C@H]1O[C@H]3O[C@H](CO)[C@@H](O)[C@H](N)[C@H]3O,0
CCOC(=O)[C@H](CCc1ccccc1)N[C@@H](C)C(=O)N2Cc3ccccc3C[C@H]2C(=O)O,0
OC(=O)C(Cl)(Cl)Cl,0
CC(N(O)C(=O)N)c1cc2ccccc2s1,0
CCCN(CCC)C(=O)C(CCC(=O)O)NC(=O)c1ccccc1,0
CCCOc1ccccc1C2=Nc3nn[nH]c3C(=O)N2,0
OCCN(CCO)c1nc(N2CCCCC2)c3nc(nc(N4CCCCC4)c3n1)N(CCO)CCO,0
OC(=O)CCCc1cccs1,0
O=C1CCc2cc(OCCCCc3nnnn3C4CCCCC4)ccc2N1,0
NC12CC3CC(CC(C3)C1)C2,0
CC(C)(C)NC[C@H](O)COc1cccc2C(=O)CCCc12,0
OC[C@H]1O[C@H](C[C@@H]1O)N2C=C(I)C(=O)NC2=O,0
C[C@]12CC[C@@H](O)C=C1CC[C@H]3[C@@H]4CC[C@](O)(C(=O)CO)[C@@]4(C)CC(=O)[C@H]23,0
CC(C)NC(=O)NS(=O)(=O)c1cnccc1Nc2cccc(C)c2,0
Cn1cnc(c1Sc2ncnc3nc[nH]c23)[N+](=O)[O-],0
OC1N=C(c2ccccc2Cl)c3cc(Cl)ccc3NC1=O,0
C[C@@H]1C[C@H]2[C@@H]3CCC4=CC(=O)C=C[C@]4(C)[C@@]3(F)[C@@H](O)C[C@]2(C)[C@@]1(O)C(=O)CO,0
CO[C@H]1[C@H](O)CC(=O)O[C@H](C)C\C=C\C=C\[C@H](O)[C@H](C)C[C@H](CC=O)[C@@H]1O[C@@H]2O[C@H](C)[C@@H](O[C@H]3C[C@@](C)(O)[C@@H](OC(=O)CC(C)C)[C@H](C)O3)[C@@H]([C@H]2O)N(C)C,0
Nc1nnc(c(N)n1)c2cccc(Cl)c2Cl,0
CC[C@H]1OC(=O)[C@H](C)[C@@H](O[C@H]2C[C@@](C)(OC)[C@@H](O)[C@H](C)O2)[C@H](C)[C@@H](O[C@@H]3O[C@H](C)C[C@@H]([C@H]3O)N(C)C)[C@](C)(O)C[C@@H](C)C(=O)[C@H](C)[C@@H](O)[C@]1(C)O,0
CC(C)NCC(O)COc1ccc(CC(=O)N)cc1,0
CCCC(CCC)C(=O)O,0
CN1C(=C(O)c2ccccc2S1(=O)=O)C(=O)Nc3ccccn3,0
O=C1N=CN=C2NNC=C12,0
NC(=N)c1ccc(OCCCCCOc2ccc(cc2)C(=N)N)cc1,0
NC(=O)N1c2ccccc2C=Cc3ccccc13,0
C[C@H]1O[C@H](C[C@H](O)[C@@H]1O)O[C@H]2[C@@H](O)C[C@H](O[C@H]3[C@@H](O)C[C@H](O[C@H]4CC[C@@]5(C)[C@H](CC[C@@H]6[C@@H]5C[C@@H](O)[C@]7(C)[C@H](CC[C@]67O)C8=CC(=O)OC8)C4)O[C@@H]3C)O[C@@H]2C,0
CC1(COc2ccc(CC3SC(=O)NC3=O)cc2)CCCCC1,0
NCC(=O)O,0
Oc1ccc(\C=C\C(=O)OCCc2ccccc2)cc1O,0
CCN(Cc1ccncc1)C(=O)C(CO)c2ccccc2,0
CNCCC=C1c2ccccc2CCc3ccccc13,0
CCC1(C)CC(=O)NC1=O,0
COc1c2OC(=O)C=Cc2cc3ccoc13,0
C[C@H](C(=O)O)c1ccc2oc(nc2c1)c3ccc(F)cc3,0
Clc1cc2Oc3cc(Cl)c(Cl)cc3Oc2cc1Cl,0
COc1ncnc(NS(=O)(=O)c2ccc(N)cc2)c1OC,0
CC1Cc2ccccc2N1NC(=O)c3ccc(Cl)c(c3)S(=O)(=O)N,0
Clc1ccc2Oc3ccccc3N=C(N4CCNCC4)c2c1,1
CC(=O)Nc1nnc(s1)S(=O)(=O)N,0
[K+].[K+].CC(C)CC(=O)O[C@H]1[C@H](O[C@@H]2C[C@H]([C@H]3CC[C@@]45C[C@@H](CCC4[C@]3(C)C2)C(=C)[C@H]5O)C(=O)O)O[C@H](CO)[C@@H](OS(=O)(=O)[O-])[C@@H]1OS(=O)(=O)[O-],0
CC#C[C@]1(O)CC[C@H]2[C@@H]3CCC4=CC(=O)CCC4=C3[C@H](C[C@]12C)c5ccc(cc5)N(C)C,0
c1ccc2c(c1)cc3ccc4cccc5ccc2c3c45,0
CN1C[C@@H]2C[C@H]1CN2c3cc4N(C=C(C(=O)O)C(=O)c4cc3F)C5CC5,0
CC1COc2c(N3CCN(C)CC3)c(F)cc4C(=O)C(=CN1c24)C(=O)O,0
CC(=O)CC(C1=C(O)c2ccccc2OC1=O)c3ccccc3,0
Clc1cccc(c1)N2CCN(CCCN3N=C4C=CC=CN4C3=O)CC2,0
CCC[C@@H]1C[C@H](N(C)C1)C(=O)N[C@H]([C@@H](C)O)[C@H]2O[C@H](SC)[C@H](O)[C@@H](O)[C@H]2O,0
CC(O)COC[C@@H]1OC[C@H]2O[C@@H]3[C@@H](O)[C@H](O)[C@@H](O[C@H]3COCC(C)O)O[C@@H]4[C@@H](O)[C@H](O)[C@@H](O[C@H]4COCC(C)O)O[C@@H]5[C@@H](O)[C@H](O)[C@@H](O[C@H]5COCC(C)O)O[C@@H]6[C@@H](O)[C@H](O)[C@@H](O[C@H]6COCC(C)O)O[C@@H]7[C@@H](O)[C@H](O)[C@@H](O[C@H]7COCC(C)O)O[C@@H]8[C@@H](O)[C@H](O)[C@@H](O[C@H]8COCC(C)O)O[C@@H]9[C@@H](O)[C@H](O)[C@@H](O[C@H]9COCC(C)O)O[C@@H]1[C@H]2O,0
O=C1C[C@@H]2OCC=C3CN4CC[C@@]56[C@@H]4C[C@@H]3[C@@H]2[C@@H]5N1c7ccccc67,0
CN1CCN(CCCN2c3ccccc3Sc4ccc(Cl)cc24)CC1,1
CO[C@H]1C[C@@H](O[C@H]2C[C@@H](O[C@H]2[C@]3(C)CC[C@@H](O3)[C@]4(C)CC[C@]5(C[C@H](O)[C@@H](C)[C@H](O5)[C@@H](C)[C@@H]6O[C@](O)(CC(=O)O)[C@@H](C)[C@H](OC)[C@H]6OC)O4)[C@H]7O[C@](C)(O)[C@H](C)C[C@@H]7C)O[C@@H](C)[C@@H]1OC,1
Clc1cc(Cl)c(OCC#CI)cc1Cl,0
COc1ccc2C[C@H]3[C@H]4CCCC[C@@]4(CCN3C)c2c1,0
Nc1nc2ccc(OC(F)(F)F)cc2s1,0
OC[C@@H](NC(=O)C(Cl)Cl)[C@H](O)c1ccc(cc1)[N+](=O)[O-],0
COc1ccnc(C[S+]([O-])c2nc3cc(OC(F)F)ccc3[nH]2)c1OC,0
OC[C@@H](O)[C@@H](O)[C@H](O)[C@H](O)CO,0
CC[C@H](C)[C@@H](CO[C@@H](Cc1ccccc1)C(=O)N[C@@H](CCS(=O)(=O)C)C(=O)OC(C)C)NC[C@@H](N)CS,1
CCN1C=C(C(=O)O)C(=O)c2cc(F)c(N3CCNC(C)C3)c(F)c12,0
CN(\C=N\c1ccc(C)cc1C)\C=N\c2ccc(C)cc2C,0
O=C1CC[C@H](N2C(=O)c3ccccc3C2=O)C(=O)N1,0
NC[C@H]1O[C@H](O[C@@H]2[C@@H](N)C[C@@H](N)[C@H](O[C@H]3O[C@H](CO)[C@@H](O)[C@H](N)[C@H]3O)[C@H]2O)[C@H](N)C[C@@H]1O,0
COc1cc(CNC(=O)CCCC\C=C\C(C)C)ccc1O,0
CCOC(=O)N1C=CN(C)C1=S,0
CC[C@@]1(O)C(=O)OCC2=C1C=C3N(Cc4cc5c(CN(C)C)c(O)ccc5nc34)C2=O,0
COP(=O)(OC)OC=C(Cl)Cl,0
CCN(CC)CCOCCC1=CCC2CC1C2(C)C,0
