smiles,label
NC1=CC(=CNC1=O)c2ccncc2,0
CC[C@H](C)C(=O)O[C@H]1C[C@@H](C)C=C2C=C[C@H](C)[C@H](CC[C@@H]3C[C@@H](O)CC(=O)O3)[C@@H]12,0
FC1=CNC(=O)NC1=O,0
NC(=O)c1ccccc1O,0
CCO,0
COC1=CC(=O)OC1(O)C(=C)C,0
Cc1nccn1CC2CCc3c(C2=O)c4ccccc4n3C,0
Clc1ccc2N(C3CCN(CCCN4C(=O)Nc5ccccc45)CC3)C(=O)Nc2c1,1
CN1CCN(CCCN2c3ccccc3Sc4ccc(cc24)C(F)(F)F)CC1,0
S(Sc1nc2ccccc2s1)c3nc4ccccc4s3,1
CN1C(=C(O)c2sccc2S1(=O)=O)C(=O)Nc3ccccn3,0
Cc1nnc(NS(=O)(=O)c2ccc(N)cc2)s1,0
CCOC(=O)C1=C(C)NC(=C(C1c2cccc(c2)[N+](=O)[O-])C(=O)OC)C,0
C[C@]12C[C@H](O)[C@H]3[C@@H](CCC4=CC(=O)C=C[C@]34C)[C@@H]1CC[C@]2(O)C(=O)CO,0
CC[C@H]([C@H]1CC[C@H](C)[C@@H](O1)[C@@H](C)[C@H](O)[C@H](C)C(=O)[C@H](CC)[C@H]2O[C@@]3(O[C@@]4(CC[C@](C)(O4)[C@H]5CC[C@](O)(CC)[C@H](C)O5)[C@H](O)C=C3)[C@H](C)C[C@@H]2C)C(=O)O,0
ClC1=C(Cl)[C@@]2(Cl)[C@H]3[C@H]4C[C@H]([C@@H]5O[C@H]45)[C@H]3[C@]1(Cl)C2(Cl)Cl,0
CC(C)N1CCN(CC1)c2ccc(OC[C@H]3CO[C@@](Cn4cncn4)(O3)c5ccc(Cl)cc5Cl)cc2,0
CN1CCCCC1C(=O)Nc2c(C)cccc2C,0
Nc1ccc(cc1)S(=O)(=O)Nc2nccs2,0
CNCCc1ccccn1,0
C[C@](O)(CS(=O)(=O)c1ccc(F)cc1)C(=O)Nc2ccc(C#N)c(c2)C(F)(F)F,0
CN(C)C(=N)NC(=N)N,0
CC1(C)O[C@@H]2C[C@H]3[C@@H]4C[C@H](F)C5=CC(=O)CC[C@]5(C)[C@H]4[C@@H](O)C[C@]3(C)[C@@]2(O1)C(=O)CO,0
N[C@H](CSC(=S)NCc1ccccc1)C(=O)O,0
COc1ccc2CN(C)CC[C@@]34C=C[C@H](O)C[C@@H]3Oc1c24,0
NS(=O)(=O)c1cc2c(NC(NS2(=O)=O)C(Cl)Cl)cc1Cl,0
C[C@H]1C[C@H]2[C@@H]3C[C@H](F)C4=CC(=O)C=C[C@]4(C)[C@@]3(F)[C@@H](O)C[C@]2(C)[C@@]1(OC(=O)C)C(=O)COC(=O)C,0
C[C@]1(O)CC[C@H]2[C@@H]3CCC4=CC(=O)CC[C@]4(C)[C@H]3CC[C@]12C,0
CCc1oc2ccccc2c1C(=O)c3cc(Br)c(O)c(Br)c3,0
NC(=O)N1c2ccccc2CC(=O)c3ccccc13,0
O=C1CCC(N2C(=O)c3ccccc3C2=O)C(=O)N1,0
C[C@H]1C[C@@H]2[C@H](CC[C@@]3(C)[C@H]2CC[C@]3(O)C(=O)C)[C@@]4(C)CCC(=O)C=C14,0
CC[C@@H](CO)NCCN[C@@H](CC)CO,0
C[C@]12CC[C@H]3[C@@H](CC[C@H]4CC(=O)CC[C@]34C)[C@@H]1CC[C@@H]2O,0
CC(C)(C)NCC(O)c1ccc(O)c(CO)c1,0
Cc1ccc(C)c(OCCCC(C)(C)C(=O)O)c1,0
CC(C)Cc1ccc(cc1)[C@@H](C)C(=O)O,0
CC(C)[C@@H](C)\C=C\[C@@H](C)[C@H]1CC[C@H]2\C(=C\C=C/3\C[C@@H](O)CCC3=C)\CCC[C@]12C,0
ClCCNC(=O)N(CCCl)N=O,0
OC[C@@H]1CC[C@@H](O1)n2cnc3C(=O)NC=Nc23,0
CN1[C@@H]2CC[C@H]1C[C@H](C2)OC(=O)C(CO)c3ccccc3,0
CCOC(=O)[C@H](CCc1ccccc1)N[C@@H](C)C(=O)N2[C@H]3CCC[C@H]3C[C@H]2C(=O)O,0
CN1CCC(=C2c3ccccc3C=Cc4ccccc24)CC1,1
CC(C)CCC[C@@H](C)[C@H]1CC[C@H]2\C(=C\C=C/3\C[C@@H](O)C[C@H](O)C3=C)\CCC[C@]12C,0
OC(=O)c1ccccc1O,0
CC(C)(C(=O)c1cccnc1)c2cccnc2,0
Clc1ccc(COC(Cn2ccnc2)c3ccc(Cl)cc3Cl)c(Cl)c1,1
OC(=O)C1=CN(c2ccc(F)cc2)c3cc(N4CCNCC4)c(F)cc3C1=O,0
CCCCC1=NC2(CCCC2)C(=O)N1Cc3ccc(cc3)c4ccccc4c5nn[nH]n5,0
OC[C@H](O)[C@H]1OC(=O)C(=C1O)O,0
[Na+].[O-]S(=O)(=O)CCS,0
Clc1ccccc1CN2CCc3sccc3C2,0
CO[C@H]1O[C@@H]2O[C@@]3(C)CC[C@H]4[C@H](C)CC[C@@H]([C@H]1C)[C@@]24OO3,0
CCc1c2CN3C(=O)C4=C(C=C3c2nc5ccc(OC(=O)N6CCC(CC6)N7CCCCC7)cc15)[C@@](O)(CC)C(=O)OC4,0
CC(=O)[C@@]1(O)CC[C@H]2[C@@H]3CCC4=CC(=O)CC[C@]4(C)[C@H]3CC[C@]12C,0
Oc1ccc2C[C@H]3N(CC4CC4)CC[C@@]56[C@@H](Oc1c25)C(=O)CC[C@@]36O,0
CC(C)[C@@H]1N2C(=O)[C@](NC(=O)[C@H]3CN(C)[C@@H]4Cc5c[nH]c6cccc(C4=C3)c56)(O[C@@]2(O)[C@@H]7CCCN7C1=O)C(C)C,1
CC(=O)O[C@H]1CC[C@@H]2[C@H]3CC[C@@]4(C)[C@@H](CC[C@@]4(OC(=O)C)C#C)[C@@H]3CCC2=C1,0
C[C@](N)(Cc1ccc(O)c(O)c1)C(=O)O,0
CN(Cc1ccc(cc1)C(C)(C)C)Cc2cccc3ccccc23,0
CCCCCCCCc1ccc(O)cc1,0
[Cl-].[Cl-].C[N+](C)(C)CCOC(=O)CCC(=O)OCC[N+](C)(C)C,0
CC[C@H]1CN2CCc3cc(OC)c(OC)cc3[C@@H]2C[C@@H]1C[C@H]4NCCc5cc(OC)c(OC)cc45,0
ClC(Cl)C(c1ccc(Cl)cc1)c2ccccc2Cl,0
CC(C)(C)c1ccc(cc1)C(O)CCCN2CCC(CC2)C(O)(c3ccccc3)c4ccccc4,1
COC1CN(CCCOc2ccc(F)cc2)CCC1NC(=O)c3cc(Cl)c(N)cc3OC,1
CCN(CC)CC(=O)Nc1c(C)cccc1C,0
COc1cc2nc(nc(N)c2cc1OC)N3CCN(CC3)C(=O)c4occc4,0
C(C(C1CCCCC1)C2CCCCC2)C3CCCCN3,0
NC(=O)c1cccc(N)c1,0
CO[C@]1(NC(=O)CSCC#N)[C@H]2SCC(=C(N2C1=O)C(=O)O)CSc3nnnn3C,0
Cc1ccccc1N2CCN(CCc3nnc4CCCCn34)CC2,0
CCOc1ccc(NC(=O)C)cc1,0
Nc1nc(N)nc(n1)c2cc(Cl)ccc2Cl.OC(=O)\C=C/C(=O)O,0
OCCO,0
Cc1ccc(Cl)c(Nc2ccccc2C(=O)O)c1Cl,0
C[C@@H](O)[C@@H]1[C@H]2[C@@H](C)C(=C(N2C1=O)C(=O)O)S[C@@H]3CN[C@@H](C3)C(=O)N(C)C,0
CN1CCN(CC1)C2=Nc3ccccc3Nc4sc(C)cc24,1
Fc1ccc(cc1)C(N2CCN(C\C=C\c3ccccc3)CC2)c4ccc(F)cc4,1
OC(=O)CNCP(=O)(O)O,0
CSc1ccc2Sc3ccccc3N(CCC4CCCCN4C)c2c1,1
CN1C2CCCC1CC(C2)NC(=O)c3nn(C)c4ccccc34,0
CCN(CC)CCNC(=O)c1cc(ccc1OC)S(=O)(=O)C,1
CCC(C)CCCC(=O)N[C@@H](CCN)C(=O)N[C@@H]([C@@H](C)O)C(=O)N[C@@H](CCN)C(=O)N[C@H]1CCNC(=O)[C@@H](NC(=O)[C@H](CCN)NC(=O)[C@H](CCN)NC(=O)[C@H](CC(C)C)NC(=O)[C@@H](CC(C)C)NC(=O)[C@H](CCN)NC1=O)[C@H](C)O,0
CCOC(=O)[C@H](CCc1ccccc1)N[C@@H](C)C(=O)N2CCC[C@H]2C(=O)O,0
N1c2ccccc2Sc3ccccc13,0
CCOC(=O)N,0
COC1=CC(=O)C[C@@H](C)[C@]12Oc3c(Cl)c(OC)cc(OC)c3C2=O,0
CCOC(=O)C1=C(COCCN)NC(=C(C1c2ccccc2Cl)C(=O)OC)C,0
CC(C)CC(N(C)C)C1(CCC1)c2ccc(Cl)cc2,0
Brc1c(NC2=NCCN2)ccc3nccnc13,0
OC(=O)CC(O)(CC(=O)O)C(=O)O,0
COc1ccccc1C(=O)N2CCC(Cc3ccccc3)CC2,0
[Cl-].C[N+](C)(C)CCOC(=O)N,0
NC(=N)NC(=O)c1nc(Cl)c(N)nc1N,0
CC(C)CCC[C@@H](C)CCC[C@@H](C)CCC[C@]1(C)CCc2c(C)c(O)c(C)c(C)c2O1,0
CSc1ccc(\C=C/2\C(=C(CC(=O)O)c3cc(F)ccc23)C)cc1,0
CC(C)(C)NC(=O)[C@@H]1C[C@@H]2CCCC[C@@H]2CN1C[C@@H](O)[C@H](Cc3ccccc3)NC(=O)[C@H](CC(=O)N)NC(=O)c4ccc5ccccc5n4,0
NC1=NC(=O)N(C=C1)[C@@H]2O[C@H](CO)[C@@H](O)[C@@H]2O,0
CNCCCC12CCC(c3ccccc13)c4ccccc24,1
[Na+].CN(CS(=O)(=O)[O-])C1=C(C)N(C)N(C1=O)c2ccccc2,0
Oc1ccc2C[C@H]3N(CC=C)CC[C@@]45[C@@H](Oc1c24)C(=O)CC[C@@]35O,0
Oc1ccc2C[C@H]3N(CC=C)CC[C@@]45[C@@H](Oc1c24)\C(=N\N=C\6/CC[C@@]7(O)[C@H]8Cc9ccc(O)c%10O[C@@H]6[C@]7(CCN8CC=C)c9%10)\CC[C@@]35O,0
CS(=O)(=O)c1ccc(cc1)[C@@H](O)[C@@H](CO)NC(=O)C(Cl)Cl,0
CC(CCc1ccc(O)cc1)NCCc2ccc(O)c(O)c2,0
CCN(CC)C(=S)SSC(=S)N(CC)CC,1
CC(=O)[C@H]1[C@@H](C[C@H]2[C@@H]3CC=C4C[C@@H](O)CC[C@]4(C)[C@H]3CC[C@]12C)C#N,0
COC(=O)[C@H]1[C@@H](O)CC[C@H]2CN3CCc4c([nH]c5ccccc45)[C@@H]3C[C@H]12,1
CN(C)CCC=C1c2ccccc2CCc3ccccc13,1
Cc1cc(C(C#N)c2ccc(Cl)cc2)c(Cl)cc1NC(=O)c3cc(I)cc(I)c3O,0
O.O.O.CC(=O)O[C@@]12CO[C@@H]1C[C@H](O)[C@]3(C)[C@@H]2[C@H](OC(=O)c4ccccc4)[C@]5(O)C[C@H](OC(=O)[C@H](O)[C@@H](NC(=O)OC(C)(C)C)c6ccccc6)C(=C([C@@H](O)C3=O)C5(C)C)C,0
CC(C)Cc1ccc(cc1)C(C)C(=O)O,0
Oc1ccc(C=C(C#N)C#N)cc1O,0
CN(C)CC[C@@H](c1ccc(Cl)cc1)c2ccccn2,0
CCC(=O)O[C@@]1([C@@H](C)C[C@H]2[C@@H]3CCC4=CC(=O)C=C[C@]4(C)[C@@]3(F)[C@@H](O)C[C@]12C)C(=O)CCl,0
CC(C)c1c(C(=O)Nc2ccccc2)c(c3ccccc3)c(c4ccc(F)cc4)n1CC[C@@H](O)C[C@@H](O)CC(=O)O,0
COC(=O)[C@@H](N1CCc2sccc2C1)c3ccccc3Cl,0
COc1ccccc1N,0
O=C1C(C(=O)c2ccccc12)c3ccccc3,0
CNC(=C[N+](=O)[O-])NCCSCc1csc(CN(C)C)n1,0
COc1ccccc1OCC(O)COC(=O)N,0
CC(=O)O[C@@]1(CC[C@H]2[C@@H]3C=C(Cl)C4=CC(=O)[C@@H]5C[C@@H]5[C@]4(C)[C@H]3CC[C@]12C)C(=O)C,0
Cc1onc(c2ccccc2Cl)c1C(=O)N[C@H]3[C@H]4SC(C)(C)[C@@H](N4C3=O)C(=O)O,0
Nc1nc(O)c2ncn(COCCO)c2n1,0
C[C@H](C(=O)O)c1cccc(c1)C(=O)c2ccccc2,0
[Br-].CCCCCCCCCCCCCCCC[n+]1ccccc1,0
C=CCc1ccc2OCOc2c1,0
CC1(C)[C@H](CC[C@@]2(C)[C@H]1CC[C@]3(C)[C@@H]2C(=O)C=C4[C@@H]5C[C@](C)(CC[C@]5(C)CC[C@@]34C)C(=O)O)O[C@H]6O[C@@H]([C@@H](O)[C@H](O)[C@H]6O[C@@H]7O[C@@H]([C@@H](O)[C@H](O)[C@H]7O)C(=O)O)C(=O)O,0
CC1=CC(=O)Oc2c(C)c3oc(C)cc3cc12,0
Cl.CCCCN1CCCCC1C(=O)Nc2c(C)cccc2C,0
Cc1c(O)cccc1C(=O)N[C@@H](CSc2ccccc2)[C@H](O)CN3C[C@H]4CCCC[C@H]4C[C@H]3C(=O)NC(C)(C)C,0
Nc1c(Br)cc(Br)cc1CN[C@@H]2CC[C@@H](O)CC2,0
CC(=O)OCC(COC(=O)C)OC(=O)C,0
CC(C)(CO)C(O)C(=O)NCCCO,0
CN(C)C(=O)Oc1cc(OC(=O)N(C)C)cc(c1)C(O)CNC(C)(C)C,0
CC(O)CO,0
CC[C@@H]1NC(=O)[C@H]([C@H](O)[C@H](C)C\C=C\C)N(C)C(=O)[C@H](C(C)C)N(C)C(=O)[C@H](CC(C)C)N(C)C(=O)[C@H](CC(C)C)N(C)C(=O)[C@@H](C)NC(=O)[C@H](C)NC(=O)[C@H](CC(C)C)N(C)C(=O)[C@@H](NC(=O)[C@H](CC(C)C)N(C)C(=O)CN(C)C1=O)C(C)C,0
Oc1c(Cl)cc(Cl)c(Cl)c1Cc2c(O)c(Cl)cc(Cl)c2Cl,0
Cc1onc(NS(=O)(=O)c2ccc(N)cc2)c1,0
CC1CN(CCN1)c2cc3N(C=C(C(=O)O)C(=O)c3c(C)c2F)C4CC4,0
OCCN1CCN(CCCN2c3ccccc3Sc4ccc(cc24)C(F)(F)F)CC1,1
CC(C)(C)NC(=O)[C@H]1CC[C@H]2[C@@H]3CC[C@H]4NC(=O)C=C[C@]4(C)[C@H]3CC[C@]12C,0
CC(C)C[C@H](NC(=O)[C@@H](O)[C@H](N)Cc1ccccc1)C(=O)O,0
[Cl-].CC(C)(C)CC(C)(C)c1ccc(OCCOCC[N+](C)(C)Cc2ccccc2)cc1,0
C[C@H]1O[C@H](O[C@H]2[C@H](O)[C@@H](O)[C@@H](O[C@H]3[C@H](O)[C@@H](O)[C@H](O)O[C@@H]3CO)O[C@@H]2CO)[C@H](O)[C@@H](O)[C@@H]1N[C@H]4C=C(CO)[C@@H](O)[C@H](O)[C@H]4O,0
NC(=O)N1C(=O)\C(=C(/O)\c2cccs2)\c3cc(Cl)ccc13,0
OC(=O)Cc1ccc(cc1)c2ccccc2,0
COc1ccc(cc1)C(=O)N2CCCC2=O,0
OC(=O)CCCc1ccc(cc1)N(CCCl)CCCl,0
OC[C@H]1O[C@H]([C@H](O)[C@@H]1O)N2N=CC(=O)NC2=O,0
CCN(CC)CCNC(=O)c1ccc(N)cc1,0
C[C@H]1C[C@H](C)C(=O)[C@@H](C1)[C@H](O)CC2CC(=O)NC(=O)C2,0
CC(C)[C@H](NC(=O)N(C)Cc1csc(n1)C(C)C)C(=O)N[C@H](C[C@H](O)[C@H](Cc2ccccc2)NC(=O)OCc3cncs3)Cc4ccccc4,0
Nc1ccc(Cc2ccc(N)cc2)cc1,0
COc1cccc(c1)C2(O)CCCCC2CN(C)C,0
OC(=O)Cc1ccccc1Nc2c(Cl)cccc2Cl,0
COc1cc2O[C@H]3OC=C[C@H]3c2c4OC(=O)C5=C(CCC5=O)c14,0
COc1cc(ccc1Cc2cn(C)c3ccc(NC(=O)OC4CCCC4)cc23)C(=O)NS(=O)(=O)c5ccccc5C,0
CCCCc1nc(Cl)c(CO)n1Cc2ccc(cc2)c3ccccc3c4nnn[nH]4,0
[Cl-].CN(C)c1ccc(cc1)C(=C2C=CC(=[N+](C)C)C=C2)c3ccc(cc3)N(C)C,1
CN1CCN(CC1)c2c(F)cc3C(=O)C(=CN(CCF)c3c2F)C(=O)O,0
Oc1ccccc1O,0
OC(=O)P(=O)(O)O,0
NCCCCCC(=O)O,0
COc1ccc(cc1)C(CN(C)C)C2(O)CCCCC2,0
CN(CCOc1ccc(C[C@H](Nc2ccccc2C(=O)c3ccccc3)C(=O)O)cc1)c4ccccn4,0
CC(C(=O)O)c1ccc2oc(nc2c1)c3ccc(Cl)cc3,0
CC(=N)S,0
C[C@]1(O)CC[C@H]2[C@@H]3CC[C@H]4Cc5n[nH]cc5C[C@]4(C)[C@H]3CC[C@]12C,0
C[C@@H]1CC2=C(CCC(=O)C2)[C@H]3CC[C@@]4(C)[C@@H](CC[C@@]4(O)C#C)[C@H]13,0
CCC1(CCC(=O)NC1=O)c2ccc(N)cc2,0
CC(CN1CCCCC1)C(=O)c2ccc(C)cc2,0
CCN1CCN(C(=O)N[C@@H](C(=O)N[C@H]2[C@H]3SC(C)(C)[C@@H](N3C2=O)C(=O)O)c4ccccc4)C(=O)C1=O,0
OCCN1CCN(CCCN2c3ccccc3Sc4ccc(Cl)cc24)CC1,0
CC1(C)O[C@@H]2C[C@H]3[C@@H]4C[C@H](F)C5=CC(=O)C=C[C@]5(C)[C@@]4(F)[C@@H](O)C[C@]3(C)[C@@]2(O1)C(=O)CO,0
CC(C)NCC(O)COc1cccc2ccccc12,0
CC(C)NCC(O)c1ccc(NS(=O)(=O)C)cc1,0
CC(C)(S)[C@@H](N)C(=O)O,0
CCN1CC(CCN2CCOCC2)C(C1=O)(c3ccccc3)c4ccccc4,0
O=C1C=C(Oc2c1ccc3ccccc23)c4ccccc4,0
CN(Cc1cc(Br)cc(Br)c1N)C2CCCCC2,0
CC(C)Cc1ccc(cc1)[C@H](C)C(=O)O,0
CN1C[C@@H](C=C2[C@H]1Cc3c[nH]c4cccc2c34)C(=O)N[C@]5(C)O[C@@]6(O)[C@@H]7CCCN7C(=O)[C@H](Cc8ccccc8)N6C5=O,1
CCCCC1C(=O)N(N(C1=O)c2ccccc2)c3ccccc3,0
CN(C)CCC=C1c2ccccc2COc3ccccc13,0
N=C(Nc1ccccc1)Nc2ccccc2,0
COC(=O)C[C@](O)(CCC(C)(C)O)C(=O)O[C@H]1[C@H]2c3cc4OCOc4cc3CCN5CCC[C@]25C=C1OC,0
Cl.NC[C@@H]1CC[C@H](CC1)C(=O)Oc2ccc(CCC(=O)O)cc2,0
CNNCc1ccc(cc1)C(=O)NC(C)C,0
ClC(Cl)Cl,0
O[C@H]1CC[C@@]2(O)[C@H]3Cc4ccc(O)c5O[C@@H]1[C@]2(CCN3CC6CCC6)c45,0
CCOC(=O)[C@H](CCc1ccccc1)N[C@H]2CCc3ccccc3N(CC(=O)O)C2=O,0
CC(=O)OC[C@H]1O[C@H]([C@H](OC(=O)C)[C@@H]1OC(=O)C)N2N=CC(=O)NC2=O,0
c1ccc2c(c1)c3cccc4ccc5cccc2c5c34,0
Nc1nc(N)c2nc(c(N)nc2n1)c3ccccc3,0
CCOC(=O)c1ccc(N)cc1,0
O=C1C=C(Oc2c1cccc2c3ccccc3)N4CCOCC4,0
CCCCCCNC(=O)N1C=C(F)C(=O)NC1=O,0
Clc1ccc(COC(Cn2ccnc2)c3ccc(Cl)cc3Cl)cc1,1
COc1ccc2[C@H](OC(=O)c2c1OC)[C@@H]3N(C)CCc4cc5OCOc5c(OC)c34,0
COc1ccc(cc1)[C@@H]2Sc3ccccc3N(CCN(C)C)C(=O)[C@@H]2OC(=O)C,0
C[C@H]1C[C@@H]2[C@H](CC[C@@]3(C)[C@H]2CC[C@]3(OC(=O)C)C(=O)C)[C@@]4(C)CCC(=O)C=C14,0
NC(=O)c1cccnc1,0
OC[C@H]1O[C@@H]2O[C@H]3[C@H](O)[C@@H](O)[C@H](O[C@@H]3CO)O[C@H]4[C@H](O)[C@@H](O)[C@H](O[C@@H]4CO)O[C@H]5[C@H](O)[C@@H](O)[C@H](O[C@@H]5CO)O[C@H]6[C@H](O)[C@@H](O)[C@H](O[C@@H]6CO)O[C@H]7[C@H](O)[C@@H](O)[C@H](O[C@@H]7CO)O[C@H]8[C@H](O)[C@@H](O)[C@H](O[C@@H]8CO)O[C@H]1[C@H](O)[C@H]2O,0
CCN(CC)CCOC(=O)c1ccc(N)cc1,0
NCCCC(O)(P(=O)(O)O)P(=O)(O)O,0
Sc1ncnc2nc[nH]c12,0
CCN[C@@H](C)Cc1cccc(c1)C(F)(F)F,0
COc1ccc(C[C@H]2NC[C@H](O)[C@H]2OC(=O)C)cc1,0
CN1C(=O)COc2c1cc(Cl)cc2C(=O)NC3CN4CCC3CC4,0
NS(=O)(=O)c1cc2c(NCNS2(=O)=O)cc1Cl,0
CC1=CC(=O)N(O)C(=C1)C2CCCCC2,0
CCc1ccc(CCOc2ccc(CC3SC(=O)NC3=O)cc2)nc1,0
Cc1ccc(cc1)C(=O)c2ccc(CC(=O)O)n2C,0
NC(=O)NO,0
CC1(C)[C@H]2CC[C@]1(C)C(=O)C2,0
CN1CCN(Cc2ccc(cc2)C(=O)Nc3ccc(C)c(Nc4nccc(n4)c5cccnc5)c3)CC1,0
CNC1=Nc2ccc(Cl)cc2C(=[N+]([O-])C1)c3ccccc3,0
CC1Nc2cc(Cl)c(cc2C(=O)N1c3ccccc3C)S(=O)(=O)N,0
COc1cccc2C(=O)c3c(O)c4C[C@](O)(C[C@H](O[C@H]5C[C@H](N)[C@H](O)[C@H](C)O5)c4c(O)c3C(=O)c12)C(=O)C,0
Clc1ccc2C(=C3CCNCC3)c4ncccc4CCc2c1,0
N[C@@H](CCC(=O)N[C@@H](CSSC[C@H](NC(=O)CC[C@H](N)C(=O)O)C(=O)NCC(=O)O)C(=O)NCC(=O)O)C(=O)O,0
CC(=O)OCC(=O)[C@@]1(O)CC[C@H]2[C@@H]3CCC4=CC(=O)CC[C@]4(C)[C@@]3(F)[C@@H](O)C[C@]12C,0
ClC(Cl)(Cl)Cl,0
CN(C)CCCN1c2ccccc2Sc3ccccc13,1
CCOC(=O)N1CCC(=C2c3ccc(Cl)cc3CCc4cccnc24)CC1,0
C[C@H]1C[C@H]2[C@@H]3CCC4=CC(=O)C=C[C@]4(C)[C@@]3(Cl)[C@@H](O)C[C@]2(C)[C@@]1(O)C(=O)CO,0
CC(=O)Nc1cccc(O)c1,0
CC1(C)S[C@@H]2[C@H](NC(=O)[C@H](N)c3ccccc3)C(=O)N2[C@H]1C(=O)O,0
CCCSc1ccc2nc(NC(=O)OC)[nH]c2c1,0
CC(=O)O[C@@]1(CC[C@H]2[C@@H]3C=C(C)C4=CC(=O)CC[C@]4(C)[C@H]3CC[C@]12C)C(=O)C,0
C[C@@H]1O[C@H](C[C@H](N)[C@@H]1O)O[C@H]2C[C@@](O)(Cc3c(O)c4C(=O)c5ccccc5C(=O)c4c(O)c23)C(=O)C,0
CC(C)Oc1ccc2C(=O)C(=COc2c1)c3ccccc3,0
CCOC(=O)C1=C(C)NC(=C(C1c2cccc(Cl)c2Cl)C(=O)OC)C,0
Cc1ccnc(NS(=O)(=O)c2ccc(N)cc2)n1,0
[Cl-].C[n+]1ccccc1\C=N\O,0
Oc1c(Br)cc(Br)cc1C(=O)Nc2ccc(Br)cc2,0
C[C@]12CC[C@H]3[C@@H](CCc4cc(OC(=O)c5ccccc5)ccc34)[C@@H]1CC[C@@H]2O,0
CCC1=C[C@@H]2CN(C1)Cc3c([nH]c4ccccc34)[C@@](C2)(C(=O)OC)c5cc6c(cc5OC)N(C)[C@H]7[C@](O)([C@H](OC(=O)C)[C@]8(CC)C=CCN9CC[C@]67[C@H]89)C(=O)OC,0
COc1ccc2c(c1)c(CC(=O)OCC(=O)O)c(C)n2C(=O)c3ccc(Cl)cc3,0
OC[C@H]1O[C@@H]2O[C@H]3[C@H](O)[C@@H](O)[C@H](O[C@@H]3CO)O[C@H]4[C@H](O)[C@@H](O)[C@H](O[C@@H]4CO)O[C@H]5[C@H](O)[C@@H](O)[C@H](O[C@@H]5CO)O[C@H]6[C@H](O)[C@@H](O)[C@H](O[C@@H]6CO)O[C@H]7[C@H](O)[C@@H](O)[C@H](O[C@@H]7CO)O[C@H]1[C@H](O)[C@H]2O,0
Nc1nc(F)nc2c1ncn2[C@@H]3O[C@H](CO)[C@@H](O)[C@@H]3O,0
C[C@@H]1[C@H]2[C@H](O)[C@H]3[C@H](N(C)C)C(=C(C(=O)N)C(=O)[C@@]3(O)C(=C2C(=O)c4c(O)cccc14)O)O,0
Clc1ccccc1C(=O)N2CCC(Cc3ccccc3)CC2,0
CCN(CC)CCOC(=O)C1(CCCCC1)C2CCCCC2,0
CC1=NS(=O)(=O)c2cc(Cl)ccc2N1,0
NC[C@H]1O[C@H](O[C@@H]2[C@@H](N)C[C@@H](N)[C@H](O[C@H]3O[C@H](CO)[C@@H](O)[C@H](N)[C@H]3O)[C@H]2O)[C@H](O)[C@@H](O)[C@@H]1O,0
NCCCNCCSP(=O)(O)O,0
Clc1ccccc1C(c2ccccc2)(c3ccccc3)n4ccnc4,1
FC1=CN(C2CCCO2)C(=O)NC1=O,0
Fc1ccc(cc1)C(=O)CCCN2CCC(=CC2)N3C(=O)Nc4ccccc34,1
CC(O)Cn1c(C)ncc1[N+](=O)[O-],0
C[C@@H]1C\C=C\C=C\C=C\C=C\[C@@H](C[C@@H]2O[C@](O)(C[C@@H](O)C[C@H]3O[C@@H]3\C=C\C(=O)O1)C[C@H](O)[C@H]2C(=O)O)O[C@@H]4O[C@H](C)[C@@H](O)[C@H](N)[C@@H]4O,0
OC(=O)c1cccnc1Nc2cccc(c2)C(F)(F)F,0
CCC[C@@H]1C[C@H](N(C)C1)C(=O)N[C@H]([C@H](C)Cl)[C@H]2O[C@H](SC)[C@H](O)[C@@H](O)[C@H]2O,0
CO[C@H]1\C=C\O[C@@]2(C)Oc3c(C)c(O)c4c(O)c(NC(=O)\C(=C/C=C/[C@H](C)[C@H](O)[C@@H](C)[C@@H](O)[C@@H](C)[C@H](OC(=O)C)[C@@H]1C)\C)c(\C=N\N5CCN(CC5)C6CCCC6)c(O)c4c3C2=O,0
COC(=O)C1=C(C)NC(=C(C1c2ccccc2[N+](=O)[O-])C(=O)OCC(C)C)C,0
C[C@@]12[C@H]3CC[C@H](O3)[C@]1(C)C(=O)OC2=O,0
CC1=NN(C(=O)C1)c2ccccc2,0
Nc1ccc(cc1)S(=O)(=O)NC(=O)c2ccccc2,0
COc1ccc2cc(CC(=O)O)ccc2c1,0
Fc1ccc(SC2=NN3C=NC(=O)C(=C3C=C2)c4c(Cl)cccc4Cl)c(F)c1,0
CC(C)(c1ccc(O)cc1)c2ccc(O)cc2,0
COC(=O)Nc1nc2ccc(Sc3ccccc3)cc2[nH]1,0
OC(Cc1cccnc1)(P(=O)(O)O)P(=O)(O)O,0
C[C@]12CC(=O)[C@H]3[C@@H](CCC4=CC(=O)C=C[C@]34C)[C@@H]1CC[C@]2(O)C(=O)CO,0
Nc1c(CC(=O)O)cccc1C(=O)c2ccc(Br)cc2,0
CC(C)C(Br)C(=O)NC(=O)N,0
[O-][N+](=O)c1ccc2NC(=O)CN=C(c3ccccc3Cl)c2c1,0
CN[C@H]1CC[C@@H](c2ccc(Cl)c(Cl)c2)c3ccccc13,0
CNC(C)[C@@H]1CC[C@@H](N)[C@@H](O[C@@H]2[C@@H](N)C[C@@H](N)[C@H](O[C@H]3OC[C@](C)(O)[C@H](NC)[C@H]3O)[C@H]2O)O1.CN[C@@H]4[C@@H](O)[C@@H](O[C@H]5[C@H](N)C[C@H](N)[C@@H](O[C@H]6O[C@H](CN)CC[C@H]6N)[C@@H]5O)OC[C@]4(C)O.CN[C@@H]7[C@@H](O)[C@@H](O[C@H]8[C@H](N)C[C@H](N)[C@@H](O[C@H]9O[C@@H](CC[C@H]9N)C(C)N)[C@@H]8O)OC[C@]7(C)O,0
CC[C@]1(O)C[C@H]2CN(CCc3c([nH]c4ccccc34)[C@@](C2)(C(=O)OC)c5cc6c(cc5OC)N(C=O)[C@H]7[C@](O)([C@H](OC(=O)C)[C@]8(CC)C=CCN9CC[C@]67[C@H]89)C(=O)OC)C1,0
CCOC(=O)c1ncn2c1CN(C)C(=O)c3cc(F)ccc23,0
NC1=NC(=O)N(C=C1)[C@@H]2O[C@H](CO)[C@@H](O)C2(F)F,0
Cc1noc(NS(=O)(=O)c2ccc(N)cc2)c1C,0
CO[C@@H]1C[C@@H](CC[C@H]1O)\C=C(/C)\[C@H]2OC(=O)[C@@H]3CCCCN3C(=O)C(=O)[C@]4(O)O[C@H]([C@H](C[C@@H](C)C\C(=C\[C@@H](CC=C)C(=O)C[C@H](O)[C@H]2C)\C)OC)[C@H](C[C@H]4C)OC,0
C[C@H](Cc1ccccc1)N(C)CC#C,0
c1ccc2[nH]c(nc2c1)c3cscn3,0
C[C@@H]1C[C@H]2[C@@H]3CCC4=CC(=O)C=C[C@]4(C)C3=CC[C@]2(C)[C@H]1C(=O)CN5CCN(CC5)c6cc(nc(n6)N7CCCC7)N8CCCC8,0
CC(CN1c2ccccc2Sc3ccccc13)N(C)C,1
COc1cccc2C(=O)c3c(O)c4C[C@](O)(C[C@H](O[C@H]5C[C@H](N)[C@H](O)[C@H](C)O5)c4c(O)c3C(=O)c12)C(=O)CO,0
CO[C@H]1[C@@H](C[C@@H]2CN3CCc4c([nH]c5cc(OC)ccc45)[C@H]3C[C@@H]2[C@@H]1C(=O)OC)OC(=O)c6cc(OC)c(OC)c(OC)c6,0
CC(C)C[C@@H]1N2C(=O)[C@](NC(=O)[C@H]3CN(C)[C@@H]4Cc5c(Br)[nH]c6cccc(C4=C3)c56)(O[C@@]2(O)[C@@H]7CCCN7C1=O)C(C)C,1
Nn1nnc2ccccc12,0
NC(=O)C[S+]([O-])C(c1ccccc1)c2ccccc2,0
CCN1CCCC1CNC(=O)c2cc(ccc2OC)S(=O)(=O)N,1
CCCN(CCC)S(=O)(=O)c1ccc(cc1)C(=O)O,0
N[C@@H](Cc1ccc(O)c(O)c1)C(=O)O,0
CCCNC(=O)NS(=O)(=O)c1ccc(Cl)cc1,0
CN(C)[C@H]1[C@@H]2C[C@H]3C(=C(O)[C@]2(O)C(=O)C(=C1O)C(=O)N)C(=O)c4c(O)ccc(Cl)c4[C@@]3(C)O,0
Cc1ccc(cc1)c2cc(nn2c3ccc(cc3)S(=O)(=O)N)C(F)(F)F,0
CC(=CCC\C(=C\CO)\C)C,0
NC(=N)NCCCCNC(=N)N.OS(=O)(=O)O,0
CCOC(=O)OC(C)OC1=C(N(C)S(=O)(=O)c2ccccc12)C(=O)Nc3ccccn3,0
C[S+]([O-])c1ccc(\C=C/2\C(=C(CC(=O)O)c3cc(F)ccc23)C)cc1,0
CN1CCCC(CN2c3ccccc3Sc4ccccc24)C1,0
S=C=Nc1cccc2ccccc12,0
CCC1(CCC(C)C)C(=O)NC(=NC1=O)O,0
OC1=NC(=O)C(N1)(c2ccccc2)c3ccccc3,0
CN(C)CCCN1c2ccccc2Sc3ccc(Cl)cc13,1
C[C@H]1C[C@H]2[C@@H]3CCC4=CC(=O)C=C[C@]4(C)[C@@]3(F)[C@@H](O)C[C@]2(C)[C@@]1(O)C(=O)CO,0
COC1=CC=C2C(=CC1=O)[C@H](CCc3cc(OC)c(OC)c(OC)c23)NC(=O)C,0
COc1cc(cc(OC)c1OC)[C@H]2[C@@H]3[C@H](COC3=O)[C@@H](O)c4cc5OCOc5cc24,0
Cc1cc(O)cc(C)c1Cl,0
OCC=C,0
N[C@@H]1[C@H]2CN(C[C@@H]12)c3nc4N(C=C(C(=O)O)C(=O)c4cc3F)c5ccc(F)cc5F,0
CC(C)NCC(O)c1ccc(O)c(O)c1,0
Oc1ccc(OCc2ccccc2)cc1,0
CC(C)NC[C@H](O)COc1cccc2[nH]ccc12,0
OC(=O)c1ccccc1,0
CC(C)(C(=O)O)c1ccc(cc1)C(O)CCCN2CCC(CC2)C(O)(c3ccccc3)c4ccccc4,0
CS(=O)(=O)c1ccc(cc1)C2=C(C(=O)OC2)c3ccccc3,0
CCCc1nn(C)c2C(=O)NC(=Nc12)c3cc(ccc3OCC)S(=O)(=O)N4CCN(C)CC4,0
OCC(=O)O,0
C[C@H]1[C@H](NC(=O)\C(=N/OC(C)(C)C(=O)O)\c2csc(N)n2)C(=O)N1S(=O)(=O)O,0
CC(N)C(=O)Nc1c(C)cccc1C,0
COCCCOc1ccnc(C[S+]([O-])c2nc3ccccc3[nH]2)c1C,0
CN([C@H]1CC[C@@]2(CCCO2)C[C@@H]1N3CCCC3)C(=O)Cc4ccc(Cl)c(Cl)c4,0
CC(=O)O[C@@]1(CC[C@H]2[C@@H]3C=C(Cl)C4=CC(=O)CC[C@]4(C)[C@H]3CC[C@]12C)C(=O)C,0
Cc1ncc([N+](=O)[O-])n1CCO,0
CC(C)(C)NCC(O)c1cc(Cl)c(N)c(Cl)c1,0
OC(=O)CCNC(=O)c1ccc(cc1)\N=N\c2ccc(O)c(c2)C(=O)O,0
NC(=N)N\N=C\c1c(Cl)cccc1Cl,0
C[C@]12CC[C@H]3[C@@H](CCC4=CC(=O)CC[C@H]34)[C@@H]1CC[C@@]2(O)C#C,0
NC(=Nc1nc(CSCC\C(=N\S(=O)(=O)N)\N)cs1)N,0
CCCCOc1ccc(OCCCN2CCOCC2)cc1,0
CC(=O)O[C@]1(CC[C@H]2[C@@H]3CCC4=CC(=O)CC[C@@H]4[C@H]3CC[C@]12C)C#C,0
C[C@]12C[C@H](O)[C@@]3(F)[C@@H](CCC4=CC(=O)C=C[C@]34C)[C@@H]1C[C@@H](O)[C@]2(O)C(=O)CO,0
CC(C)(C#N)c1cc(Cn2cncn2)cc(c1)C(C)(C)C#N,0
CCN1C=C(C(=O)O)C(=O)c2cc(F)c(nc12)N3CCNCC3,0
CCc1cccc2c3CCOC(CC)(CC(=O)O)c3[nH]c12,0
CC(=O)OCC(=O)[C@@]1(O)CC[C@H]2[C@@H]3CCC4=CC(=O)CC[C@]4(C)[C@H]3C(=O)C[C@]12C,0
O=C(C1CCCCC1)N2CC3N(CCc4ccccc34)C(=O)C2,0
CCN1C=C(C(=O)O)C(=O)c2cnc(nc12)N3CCCC3,0
CN1N(C(=O)C=C1C)c2ccccc2,0
COc1cc2nc(nc(N)c2cc1OC)N3CCN(CC3)C(=O)C4COc5ccccc5O4,0
CCN1CCC[C@H]1CNC(=O)c2cc(ccc2OC)S(=O)(=O)N,1
CN[C@@H]1[C@H](O)[C@H](NC)[C@H]2O[C@]3(O)[C@@H](O[C@H](C)CC3=O)O[C@@H]2[C@H]1O,0
CC1=C(C=C(C#N)C(=O)N1)c2ccncc2,0
CC(C(=O)O)c1cccc(Oc2ccccc2)c1,0
CN[C@@H]1[C@@H](O)[C@@H](O[C@H]2[C@H](N)C[C@H](N)[C@@H](O[C@H]3OC(=CC[C@H]3N)CN)[C@@H]2O)OC[C@]1(C)O,0
COc1cc(cc(OC)c1O)[C@H]2[C@@H]3[C@H](COC3=O)[C@H](O[C@@H]4O[C@@H]5CO[C@@H](C)O[C@H]5[C@H](O)[C@H]4O)c6cc7OCOc7cc26,0
CN1C(=O)N(C)c2[nH]cnc2C1=O,0
C[C@]12CC[C@H]3[C@@H](CCc4cc(O)ccc34)[C@@H]1CC[C@@]2(O)C#C,0
C[N+](C)(C)C[C@H](O)CC(=O)[O-],0
[Br-].CC(=O)O[C@H]1C[C@@H]2CC[C@@H]3[C@H](CC[C@@]4(C)[C@H]3C[C@@H]([C@@H]4OC(=O)C)[N+]5(C)CCCCC5)[C@@]2(C)C[C@@H]1N6CCCCC6,0
CN1CCC[C@@H]1CCO[C@](C)(c2ccccc2)c3ccc(Cl)cc3,1
CC[C@H]1OC(=O)[C@H](C)[C@@H](O[C@H]2C[C@@](C)(OC)[C@@H](O)[C@H](C)O2)[C@H](C)[C@@H](O[C@@H]3O[C@H](C)C[C@@H]([C@H]3O)N(C)C)[C@](C)(O)C[C@@H](C)CN(C)[C@H](C)[C@@H](O)[C@]1(C)O,0
CN1C[C@@H](C[C@H]2[C@H]1Cc3c[nH]c4cccc2c34)C(=O)N[C@]5(C)O[C@@]6(O)[C@@H]7CCCN7C(=O)[C@H](Cc8ccccc8)N6C5=O,1
O.O.O.O.O.O.[Cl-].[Cl-].[Sr+2],0
CN1[C@@H]2CC[C@H]1C[C@H](C2)OC(c3ccccc3)c4ccccc4,0
[O-][S+](CCC1C(=O)N(N(C1=O)c2ccccc2)c3ccccc3)c4ccccc4,0
COc1ccc2[nH]cc(CCNC(=O)C)c2c1,0
CS(=O)(=O)OCCCCOS(=O)(=O)C,0
C\C=C\1/[C@@H]2CC3=C(C=CC(=O)N3)[C@]1(N)CC(=C2)C,0
NC1=C(F)C=NC(=O)N1,0
CC(C)[C@H]1NC(=O)[C@@H](NC(=O)C2=C(N)C(=O)C(=C3Oc4c(C)ccc(C(=O)N[C@H]5[C@@H](C)OC(=O)[C@H](C(C)C)N(C)C(=O)CN(C)C(=O)[C@@H]6CCCN6C(=O)[C@H](NC5=O)C(C)C)c4N=C23)C)[C@@H](C)OC(=O)[C@H](C(C)C)N(C)C(=O)CN(C)C(=O)[C@@H]7CCCN7C1=O,0
CN\C(=N\CCSCc1nc[nH]c1C)\NC#N,0
COc1nc(C)nc(Cl)c1NC2=NCCN2,0
CC(C)(O)c1ccccc1CC[C@@H](SCC2(CC(=O)O)CC2)c3cccc(\C=C\c4ccc5ccc(Cl)cc5n4)c3,0
CN1C(=O)N(C)c2ncn(CC(O)CO)c2C1=O,0
C[C@@H](N)[C@@H]1CC[C@H](CC1)C(=O)Nc2ccncc2,0
CCC(C)N1N=CN(C1=O)c2ccc(cc2)N3CCN(CC3)c4ccc(OCC5COC(Cn6cncn6)(O5)c7ccc(Cl)cc7Cl)cc4,0
COC(=O)C1=C(C)NC(=C(C1c2ccccc2[N+](=O)[O-])C(=O)OC)C,0
COc1cc2nc(nc(N)c2cc1OC)N3CCN(CC3)C(=O)C4CCCO4,0
Nc1nc(N)c2nc(CNc3ccc(cc3)C(=O)N[C@@H](CCC(=O)O)C(=O)O)cnc2n1,0
C[S+]([O-])c1ccc(cc1)c2nc(c3ccc(F)cc3)c([nH]2)c4ccncc4,0
Cc1oncc1C(=O)Nc2ccc(cc2)C(F)(F)F,0
C[C@H](CS)C(=O)N1CCC[C@H]1C(=O)O,0
O=C1C=C(Oc2ccc3ccccc3c12)c4ccccc4,0
CCC1=C(C)CN(C(=O)NCCc2ccc(cc2)S(=O)(=O)NC(=O)N[C@@H]3CC[C@@H](C)CC3)C1=O,0
CO[C@H]1\C=C\O[C@@]2(C)Oc3c(C)c(O)c4c(O)c(NC(=O)\C(=C/C=C/[C@H](C)[C@H](O)[C@@H](C)[C@@H](O)[C@@H](C)[C@H](OC(=O)C)[C@@H]1C)\C)c(\C=N\N5CCN(C)CC5)c(O)c4c3C2=O,0
Oc1c(I)cc(I)c2cccnc12,0
CN(C)CCN(Cc1cccs1)c2ccccn2,0
CC(C)NCC(O)COc1cccc2[nH]ccc12,0
Cc1nnc2CN=C(c3ccccc3)c4cc(Cl)ccc4n12,0
CCC1C2CC3C4N(C)c5ccccc5C46CC(C2[C@H]6O)N3C1O,0
OC(=O)c1ccccc1C2=C3C=CC(=O)C=C3Oc4cc(O)ccc24,0
NCC(CC(=O)O)c1ccc(Cl)cc1,0
C[C@@H]1C[C@H]2[C@@H]3CCC4=CC(=O)C=C[C@]4(C)[C@@]3(F)[C@@H](O)C[C@]2(C)[C@H]1C(=O)CO,0
OC(=O)c1cc(ccc1O)c2ccc(F)cc2F,0
CCN(C(=O)\C=C\C)c1ccccc1C,0
C[C@H]1OC=C2C(=C(C(=O)O)C(=O)C(=C2[C@@H]1C)C)O,0
OCCOCCN1CCN(CC1)C2=Nc3ccccc3Sc4ccccc24,1
NC(=O)N1c2ccccc2CCc3ccccc13,0
CNC(=C[N+](=O)[O-])NCCSCc1oc(CN(C)C)cc1,0
COCCc1ccc(OCC(O)CNC(C)C)cc1,0
COc1cc(cc(OC)c1OC)C(=O)NC2CCCNC2,0
Fc1ccc(cc1)[C@@H]2CCNC[C@H]2COc3ccc4OCOc4c3,0
NNCCc1ccccc1,0
CC(C)(Oc1ccc(cc1)C2CCCc3ccccc23)C(=O)O,0
OC[C@H]1O[C@H](C[C@@H]1O)N2C=C(F)C(=O)NC2=O,0
NC1=NC(=O)N(C=C1)[C@@H]2CS[C@H](CO)O2,0
CC[C@@]1(O)C(=O)OCC2=C1C=C3N(Cc4cc5ccccc5nc34)C2=O,0
CCCC[C@@H](CC)COC(=O)c1ccccc1C(=O)OC[C@@H](CC)CCCC,0
CCN[C@@H]1C[C@H](N)[C@@H](O[C@H]2OC(=CC[C@H]2N)CN)[C@H](O)[C@H]1O[C@H]3OC[C@](C)(O)[C@H](NC)[C@H]3O,0
Brc1ccccc1,0
Cc1c(C)c2OC(C)(COc3ccc(CC4SC(=O)NC4=O)cc3)CCc2c(C)c1O,0
[Cl-].COc1cc2CC[N+](C)(C)[C@@H]3Cc4ccc(O)c(Oc5cc6[C@H](Cc7ccc(Oc(c1O)c23)cc7)N(C)CCc6cc5OC)c4,0
COC1=C(OC)C(=O)C(=C(C)C1=O)CCCCCCCCCCO,0
C[C@]1(O)CC[C@H]2[C@@H]3CC[C@H]4CC(=O)\C(=C/O)\C[C@]4(C)[C@H]3CC[C@]12C,0
[O-2].[Cu+2],0
ClCCN(CCCl)P1(=O)NCCCO1,0
OC(Cn1cncn1)(Cn2cncn2)c3ccc(F)cc3F,0
CC1(C)S[C@@H]2[C@H](NC(=O)[C@H](NC(=O)N3CCNC3=O)c4ccccc4)C(=O)N2[C@H]1C(=O)O,0
CC(C)[C@H](N)C(=O)OCCOCn1cnc2C(=O)N=C(N)Nc12,0
COC(=O)CCc1ccc(OCC(O)CNC(C)C)cc1,0
NC1CCN(C1)c2nc3N(C=C(C(=O)O)C(=O)c3cc2F)c4ccc(F)cc4F,0
[Br-].CN(C)C(=O)Oc1cccc(c1)[N+](C)(C)C,0
CS(=O)(=O)Nc1ccc(cc1Oc2ccccc2)[N+](=O)[O-],0
NC(CO)(CO)CO,0
CC(=O)Oc1ccccc1C(=O)O,0
CN(C)c1nc(nc(n1)N(C)C)N(C)C,0
C1CN2C[C@@H](N=C2S1)c3ccccc3,0
OC[C@H]1O[C@@H](OC[C@H]2O[C@@H](O[C@@H](C#N)c3ccccc3)[C@H](O)[C@@H](O)[C@@H]2O)[C@H](O)[C@@H](O)[C@@H]1O,0
CC(C)(C)NC[C@H](O)COc1nsnc1N2CCOCC2,0
CCCC1O[C@@H]2C[C@H]3[C@@H]4CCC5=CC(=O)C=C[C@]5(C)[C@H]4[C@@H](O)C[C@]3(C)[C@@]2(O1)C(=O)CO,0
[Br-].CCC(C)C(C(=O)OCC[N+](C)(CC)CC)c1ccccc1,0
N[C@@H](CN1C=CC(=O)C(=C1)O)C(=O)O,0
CC[C@]12CC[C@H]3[C@@H](CCC4=CC(=O)CC[C@H]34)[C@@H]1CCC2(O)C#C,0
NC[C@@H]1CC[C@H](CC1)C(=O)O,0
