smiles,label
C[C@]12CC[C@H]3[C@@H](CC[C@H]4CC(=O)CC[C@]34C)[C@@H]1CC[C@@H]2O,0
OC[C@H]1O[C@@H]2O[C@H]3[C@H](O)[C@@H](O)[C@H](O[C@@H]3CO)O[C@H]4[C@H](O)[C@@H](O)[C@H](O[C@@H]4CO)O[C@H]5[C@H](O)[C@@H](O)C(O[C@@H]5CO)OC6[C@H](O)[C@@H](O)C(O[C@@H]6CO)C7[C@H](O)[C@@H](O)C(O[C@@H]7CO)O[C@H]8[C@H](O)[C@@H](O)[C@H](O[C@@H]8CO)O[C@H]9[C@H](O)[C@@H](O)[C@H](O[C@@H]9CO)O[C@H]1[C@H](O)[C@H]2O,0
Cc1c(O)cccc1C(=O)N[C@@H](CSc2ccccc2)[C@H](O)CN3C[C@H]4CCCC[C@H]4C[C@H]3C(=O)NC(C)(C)C,0
OC(=O)C1=CN(C2CC2)c3cc(N4CCNCC4)c(F)cc3C1=O,0
C[N+](C)(C)C[C@H](O)CC(=O)[O-],0
C1CCN2C[C@H]3C[C@H](CN4CCCC[C@@H]34)[C@H]2C1,0
CCC1C2CC3C4N(C)c5ccccc5C46CC(C2[C@H]6O)N3C1O,0
COc1nc(C)nc(Cl)c1NC2=NCCN2,0
CN1C(=O)N(C)c2nc[nH]c2C1=O.CN3C(=O)N(C)c4nc[nH]c4C3=O.NCCN,0
CC[C@H](C)[C@@H](CO[C@@H](Cc1ccccc1)C(=O)N[C@@H](CCS(=O)(=O)C)C(=O)OC(C)C)NC[C@@H](N)CS,1
CC(C)(Oc1ccc(CCNC(=O)c2ccc(Cl)cc2)cc1)C(=O)O,0
COc1ccc2[C@H]3CC[C@@]4(C)[C@@H](CC[C@@]4(O)C#C)[C@@H]3CCc2c1,0
Cc1onc(c2ccccc2)c1c3ccc(cc3)S(=O)(=O)N,0
CC(=O)O[C@@]1(CC[C@H]2[C@@H]3C=C(Cl)C4=CC(=O)CC[C@]4(C)[C@H]3CC[C@]12C)C(=O)C,0
OC(=O)c1ccccc1OC(=O)c2ccccc2O,0
[Br-].CC(=O)O[C@H]1C[C@@H]2CC[C@@H]3[C@H](CC[C@@]4(C)[C@H]3C[C@@H]([C@@H]4OC(=O)C)[N+]5(C)CCCCC5)[C@@]2(C)C[C@@H]1N6CCCCC6,0
CC(=O)N[C@H]1[C@@H](O)[C@H](O)[C@H](CO)O[C@H]1O[C@H]2[C@@H]3NC(=O)[C@H](NC(=O)[C@@H]4NC(=O)[C@H]5NC(=O)[C@@H](Cc6ccc(Oc7cc4cc(Oc8ccc2cc8Cl)c7O[C@@H]9O[C@@H](CO)[C@@H](O)[C@H](O)[C@@H]9NC(=O)C)c(Cl)c6)NC(=O)[C@H](N)c%10ccc(O)c(Oc%11cc(O)cc5c%11)c%10)c%12ccc(O)c(c%12)c%13c(O[C@H]%14O[C@H](CO)[C@@H](O)[C@@H](O)[C@@H]%14O)cc(O)cc%13[C@H](NC3=O)C(=O)O,0
CC(=O)N1CCN(CC1)c2ccc(OCC3COC(Cn4ccnc4)(O3)c5ccc(Cl)cc5Cl)cc2,0
CC(C)[C@@H]1CC[C@H](CC1)C(=O)N[C@H](Cc2ccccc2)C(=O)O,0
COc1c(N2CCNC(C)C2)c(F)cc3C(=O)C(=CN(C4CC4)c13)C(=O)O,0
CCN(Cc1ccncc1)C(=O)C(CO)c2ccccc2,0
CC(C)Cc1ccc(cc1)C(C)C(=O)O,0
CN(C1CCCCC1)C(=O)CCCOc2ccc3nc(O)ccc3c2,0
CC(=O)Nc1nnc(s1)S(=O)(=O)N,0
NC(CO)(CO)CO,0
CC[C@H](C)C(=O)O[C@H]1C[C@H](O)C=C2C=C[C@H](C)[C@H](CC[C@@H](O)C[C@@H](O)CC(=O)O)[C@@H]12,0
Oc1ccc(OCc2ccccc2)cc1,0
[Na+].CN(CS(=O)(=O)[O-])C1=C(C)N(C)N(C1=O)c2ccccc2,0
Clc1cccc(c1)N2CCN(CCCN3N=C4C=CC=CN4C3=O)CC2,0
C[S+]([O-])c1ccc(cc1)c2nc(c3ccc(F)cc3)c([nH]2)c4ccncc4,0
C[C@H]1OC=C2C(=C(C(=O)O)C(=O)C(=C2[C@@H]1C)C)O,0
NC(=N)NCCCCNC(=N)N.OS(=O)(=O)O,0
OC[C@@H](NC(=O)C(Cl)Cl)[C@H](O)c1ccc(cc1)[N+](=O)[O-],0
CO[C@H]1[C@@H](C[C@@H]2CN3CCc4c([nH]c5cc(OC)ccc45)[C@H]3C[C@@H]2[C@@H]1C(=O)OC)OC(=O)c6cc(OC)c(OC)c(OC)c6,0
CCN(CC)C(=S)SSC(=S)N(CC)CC,1
C[C@](O)(CS(=O)(=O)c1ccc(F)cc1)C(=O)Nc2ccc(C#N)c(c2)C(F)(F)F,0
COc1ccccc1OCC(O)CO,0
NC1=NC(=O)N(C=N1)[C@@H]2O[C@H](CO)[C@@H](O)[C@H]2O,0
CC[C@H]1OC(=O)[C@H](C)[C@@H](O[C@H]2C[C@@](C)(OC)[C@@H](O)[C@H](C)O2)[C@H](C)[C@@H](O[C@@H]3O[C@H](C)C[C@@H]([C@H]3OC(=O)CC)N(C)C)[C@](C)(O)C[C@@H](C)C(=O)[C@H](C)[C@@H](O)[C@]1(C)O,0
NS(=O)(=O)c1cc(ccc1Cl)C2(O)NC(=O)c3ccccc23,0
C[C@]12CC[C@@H](O)C[C@@H]1CC[C@@H]3[C@@H]2CC[C@@]4(C)[C@H]3CCC4=O,0
CNCCCN1c2ccccc2CCc3ccccc13,0
C[C@]12CC[C@H]3[C@@H](CCc4cc(O)ccc34)[C@@H]1CC[C@@H]2O,0
COc1c(C)c2COC(=O)c2c(O)c1C\C=C(/C)\CCC(=O)O,0
CC[C@H]1OC(=O)[C@H](C)[C@@H](O[C@H]2C[C@@](C)(OC)[C@@H](O)[C@H](C)O2)[C@H](C)[C@@H](O[C@@H]3O[C@H](C)C[C@@H]([C@H]3O)N(C)C)[C@](C)(O)C[C@@H](C)C(=O)[C@H](C)[C@@H](O)[C@]1(C)O,0
COc1ncnc(NS(=O)(=O)c2ccc(N)cc2)c1OC,0
NC[C@H]1O[C@H](O[C@@H]2[C@@H](N)C[C@@H](N)[C@H](O[C@H]3O[C@H](CO)[C@@H](O)[C@H](N)[C@H]3O)[C@H]2O)[C@H](N)C[C@@H]1O,0
OC(=O)C1CCn2c1ccc2C(=O)c3ccccc3,0
CC(C)CN(C[C@@H](O)[C@H](Cc1ccccc1)NC(=O)O[C@H]2CCOC2)S(=O)(=O)c3ccc(N)cc3,0
COC1CN(CCCOc2ccc(F)cc2)CCC1NC(=O)c3cc(Cl)c(N)cc3OC,1
CC(C)CCC[C@@H](C)CCC[C@@H](C)CCC[C@]1(C)CCc2c(C)c(O)c(C)c(C)c2O1,0
CCS(=O)(=O)CCn1c(C)ncc1[N+](=O)[O-],0
N[C@@H](COC(=O)C=[N+]=[N-])C(=O)O,0
COC(=O)Nc1nc2ccc(cc2[nH]1)C(=O)c3cccs3,0
CC(C)NCC(O)COc1ccc(CC(=O)N)cc1,0
COc1ccc2[nH]c(nc2c1)[S+]([O-])Cc3ncc(C)c(OC)c3C,0
N=C(Nc1ccccc1)Nc2ccccc2,0
CC(O)C(=O)O,0
C[C@]12CC[C@H]3[C@@H](CCC4=CC(=O)CC[C@H]34)[C@@H]1CC[C@@H]2O,0
N[C@@H]1[C@H]2CN(C[C@@H]12)c3nc4N(C=C(C(=O)O)C(=O)c4cc3F)c5ccc(F)cc5F,0
N(c1ccccc1)c2ccc(Nc3ccccc3)cc2,0
CC(C)N1CCN(CC1)c2ccc(OC[C@H]3CO[C@@](Cn4cncn4)(O3)c5ccc(Cl)cc5Cl)cc2,0
CC(O)CO,0
NCC(CC(=O)O)c1ccc(Cl)cc1,0
COCCCOc1ccnc(C[S+]([O-])c2nc3ccccc3[nH]2)c1C,0
NC(=O)N1c2ccccc2CCc3ccccc13,0
CNCCC(Oc1ccc(cc1)C(F)(F)F)c2ccccc2,0
NCCCC[C@H](N[C@@H](CCc1ccccc1)C(=O)O)C(=O)N2CCC[C@H]2C(=O)O,0
CN1N(C(=O)C=C1C)c2ccccc2,0
CC(C)(C)NC(=O)[C@@H]1C[C@@H]2CCCC[C@@H]2CN1C[C@@H](O)[C@H](Cc3ccccc3)NC(=O)[C@H](CC(=O)N)NC(=O)c4ccc5ccccc5n4,0
CC1(C)O[C@@H]2C[C@H]3[C@@H]4CCC5=CC(=O)CC[C@]5(C)[C@@]4(F)[C@@H](O)C[C@]3(C)[C@@]2(O1)C(=O)CCl,0
CCN(CC)CCOc1ccc(cc1)\C(=C(\Cl)/c2ccccc2)\c3ccccc3,0
Cc1c(OCC(F)(F)F)ccnc1C[S+]([O-])c2nc3ccccc3[nH]2,0
CC(C)NC(=O)NS(=O)(=O)c1cnccc1Nc2cccc(C)c2,0
CC1=C(CC(=O)O)c2cc(F)ccc2/C/1=C\c3ccc(cc3)S(=O)(=O)C,0
CC(C)Cc1ccc(cc1)[C@H](C)C(=O)O,0
C[C@@H]1CC2=C(CCC(=O)C2)[C@H]3CC[C@@]4(C)[C@@H](CC[C@@]4(O)C#C)[C@H]13,0
Cc1cnc(cn1)C(=O)NCCc2ccc(cc2)S(=O)(=O)NC(=O)NC3CCCCC3,0
OC[C@H]1O[C@H](C[C@@H]1O)N2C=C(I)C(=O)NC2=O,0
CN(C)CCOC(c1ccccc1)c2ccccc2C,0
CNS(=O)(=O)Cc1ccc2[nH]cc(CCN(C)C)c2c1,0
OC(Cn1cncn1)(Cn2cncn2)c3ccc(F)cc3F,0
CC1=C(C=C(C#N)C(=O)N1)c2ccncc2,0
CC1CN(CCN1)c2cc3N(C=C(C(=O)O)C(=O)c3c(C)c2F)C4CC4,0
CC(=N)S,0
CC(C)(S)[C@@H](N)C(=O)O,0
CC[C@@]1(O)C(=O)OCC2=C1C=C3N(Cc4cc5ccccc5nc34)C2=O,0
CC1Nc2cc(Cl)c(cc2C(=O)N1c3ccccc3C)S(=O)(=O)N,0
S=C=Nc1cccc2ccccc12,0
OC[C@@H]1CC[C@@H](O1)n2cnc3C(=O)NC=Nc23,0
CC12CCC(CC1)C(C)(C)O2,0
CC(C)NNC(=O)c1ccncc1,0
CN[C@@H]1[C@@H](O)[C@@H](O[C@H]2[C@H](N)C[C@H](N)[C@@H](O[C@H]3OC(=CC[C@H]3N)CN)[C@@H]2O)OC[C@]1(C)O,0
C[C@H]1C[C@H]2[C@@H]3CCC4=CC(=O)C=C[C@]4(C)[C@@]3(F)[C@@H](O)C[C@]2(C)[C@@]1(O)C(=O)CO,0
C[C@]12CC[C@H]3[C@@H](CCc4cc(O)ccc34)[C@@H]1CCC2=O,0
CCC1(C(=O)NC(=O)NC1=O)c2ccccc2,0
CN1CCN(CCCN2c3ccccc3Sc4ccc(Cl)cc24)CC1,1
CCC1(CCC(=O)NC1=O)c2ccc(N)cc2,0
COC(=O)C1=C(C)NC(=C(C1c2ccccc2[N+](=O)[O-])C(=O)OCC(C)C)C,0
COc1ccc(\C=C\C(=O)Nc2ccccc2C(=O)O)cc1OC,0
CC1CCC(CC1)NC(=O)N(CCCl)N=O,0
Cc1cn[nH]c1,0
CNC(=C[N+](=O)[O-])NCCSCc1csc(CN(C)C)n1,0
Clc1ccc2Oc3ccccc3N=C(N4CCNCC4)c2c1,1
NC(=O)N1c2ccccc2C=Cc3ccccc13,0
OC(=O)c1ccccc1,0
Clc1ccc(COC(Cn2ccnc2)c3ccc(Cl)cc3Cl)c(Cl)c1,1
COc1cc2nc(nc(N)c2cc1OC)N3CCN(CC3)C(=O)c4occc4,0
COc1cc(\C=C\C(=O)O)ccc1O,0
N.CO[C@H]1C[C@@H](O[C@H]2C[C@@H](O[C@H]2[C@]3(C)CC[C@@H](O3)[C@]4(C)CC[C@]5(C[C@H](O)[C@@H](C)[C@H](O5)[C@@H](C)[C@@H]6O[C@](O)(CC(=O)O)[C@@H](C)[C@H](OC)[C@H]6OC)O4)[C@H]7O[C@](C)(O)[C@H](C)C[C@@H]7C)O[C@@H](C)[C@@H]1OC,0
CCOC(=O)c1ccc(N)cc1,0
Cc1ccc(Cl)c(Nc2ccccc2C(=O)O)c1Cl,0
CO\N=C(/C(=O)N[C@H]1[C@H]2SCC(=C(N2C1=O)C(=O)O)COC(=O)C)\c3csc(N)n3,0
CCOC(=O)N1CCC(=C2c3ccc(Cl)cc3CCc4cccnc24)CC1,0
COc1cc(cc(OC)c1OC)C(=O)NC2CCCNC2,0
C[C@H](CS)C(=O)N1CCC[C@H]1C(=O)O,0
NC(=O)c1cccnc1,0
CCc1cccc2c3CCOC(CC)(CC(=O)O)c3[nH]c12,0
CC(C(=O)O)c1cccc(Oc2ccccc2)c1,0
C[N+](C)(C)CCOP(=O)([O-])OC[C@H](O)CO,0
CCOC(=O)[C@H](CCc1ccccc1)N[C@@H](C)C(=O)N2CCC[C@H]2C(=O)O,0
Cc1ccc(cc1)c2cc(nn2c3ccc(cc3)S(=O)(=O)N)C(F)(F)F,0
COc1cccc2C(=O)c3c(O)c4C[C@](O)(C[C@H](O[C@H]5C[C@H](N)[C@@H](O)[C@H](C)O5)c4c(O)c3C(=O)c12)C(=O)CO,0
CCN(CC)N=O,0
CC1(C)S[C@@H]2[C@H](NC(=O)[C@H](NC(=O)N3CCNC3=O)c4ccccc4)C(=O)N2[C@H]1C(=O)O,0
CCCOc1ccccc1C2=Nc3nn[nH]c3C(=O)N2,0
CCCCCCCCN[C@H](C)[C@@H](O)c1ccc(SC(C)C)cc1,0
[O-2].[Cu+2],0
C(\C=C\c1ccccc1)N2CCN(CC2)C(c3ccccc3)c4ccccc4,1
Oc1ccc2C[C@H]3N(CC=C)CC[C@@]45[C@@H](Oc1c24)\C(=N\N=C\6/CC[C@@]7(O)[C@H]8Cc9ccc(O)c%10O[C@@H]6[C@]7(CCN8CC=C)c9%10)\CC[C@@]35O,0
[Br-].C[N+]1(C)[C@H]2C[C@@H](C[C@H]1[C@H]3O[C@@H]23)OC(=O)[C@H](CO)c4ccccc4,0
CCCNC(C)C(=O)Nc1ccccc1C,0
CCOC(=O)C1=C(C)NC(=C(C1c2ccccc2\C=C\C(=O)OC(C)(C)C)C(=O)OCC)C,0
COc1ccc2cc(ccc2c1)[C@H](C)C(=O)O,0
CN([C@H]1CC[C@@]2(CCCO2)C[C@@H]1N3CCCC3)C(=O)Cc4ccc(Cl)c(Cl)c4,0
CC(C)(O)c1ccccc1CC[C@@H](SCC2(CC(=O)O)CC2)c3cccc(\C=C\c4ccc5ccc(Cl)cc5n4)c3,0
CC(C)(C)NCC(O)COc1cccc2C[C@@H](O)[C@@H](O)Cc12,0
COC(=O)C[C@](O)(CCC(C)(C)O)C(=O)O[C@H]1[C@H]2c3cc4OCOc4cc3CCN5CCC[C@]25C=C1OC,0
[O-][N+](=O)c1oc(\C=N\N2CC(=O)NC2=O)cc1,0
O=C1N=CN=C2NNC=C12,0
COC(=O)[C@@H](N1CCc2sccc2C1)c3ccccc3Cl,0
COc1cc(cc(OC)c1OC)[C@H]2[C@@H]3[C@H](COC3=O)[C@@H](O)c4cc5OCOc5cc24,0
[Br-].CC[N+]1(CCOC(=O)C(O)(c2ccccc2)c3ccccc3)CCCCC1,0
CC(C)NCC(O)c1ccc(NS(=O)(=O)C)cc1,0
Cc1ccc(cc1)C(=O)c2ccc(CC(=O)O)n2C,0
OC[C@H]1O[C@H](C[C@@H]1O)N2C=C(F)C(=O)NC2=O,0
CCCCCC[C@@H]1[C@@H](OC(=O)CC(C)C)[C@H](C)OC(=O)[C@@H](NC(=O)c2cccc(NC=O)c2O)[C@@H](C)OC1=O,0
C[C@H]1O[C@H]([C@H](O)[C@@H]1O)N2C=C(F)C(=O)NC2=O,0
OC(=O)COC(=O)Cc1ccccc1Nc2c(Cl)cccc2Cl,0
NC(=O)CN1CCCC1=O,0
Brc1c(NC2=NCCN2)ccc3nccnc13,0
Clc1ccccc1CN2CCc3sccc3C2,0
Cc1onc(O)c1CC(N)C(=O)O,0
C[C@@H]1[C@H]2[C@H](O)[C@H]3[C@H](N(C)C)C(=C(C(=O)N)C(=O)[C@@]3(O)C(=C2C(=O)c4c(O)cccc14)O)O,0
Clc1cccc(Cl)c1NC2=NCCN2,0
O=C(C1CCCCC1)N2CC3N(CCc4ccccc34)C(=O)C2,0
OC1(CCN(CCCC(=O)c2ccc(F)cc2)CC1)c3ccc(Cl)cc3,1
N[C@@H](CCC(=O)N[C@@H](CSSC[C@H](NC(=O)CC[C@H](N)C(=O)O)C(=O)NCC(=O)O)C(=O)NCC(=O)O)C(=O)O,0
Nc1nc(O)c2ncn(COCCO)c2n1,0
CCOC(=O)C1=C(C)NC(=C(C1c2cccc(c2)[N+](=O)[O-])C(=O)OC)C,0
C[C@]12CC[C@H]3[C@@H](CCc4cc(O)ccc34)[C@@H]1C[C@@H](O)[C@@H]2O,0
CC1=NS(=O)(=O)c2cc(Cl)ccc2N1,0
CN1C(=C(O)c2sccc2S1(=O)=O)C(=O)Nc3ccccn3,0
CC(C)C[C@@H]1N2C(=O)[C@](NC(=O)[C@H]3CN(C)[C@@H]4Cc5c(Br)[nH]c6cccc(C4=C3)c56)(O[C@@]2(O)[C@@H]7CCCN7C1=O)C(C)C,1
C[C@]12CC[C@H]3[C@@H](CCc4cc(O)ccc34)[C@@H]1CC[C@@]2(O)C#C,0
CN(C)CCCN1c2ccccc2Sc3ccccc13,1
Nc1c(Br)cc(Br)cc1CN[C@@H]2CC[C@@H](O)CC2,0
CCCCOc1ccc(OCCCN2CCOCC2)cc1,0
CN(Cc1cc(Br)cc(Br)c1N)C2CCCCC2,0
OC(=O)CCNC(=O)c1ccccc1,0
[Br-].CCC(C)C(C(=O)OCC[N+](C)(CC)CC)c1ccccc1,0
CC[C@]12CC[C@H]3[C@@H](CCC4=CC(=O)CC[C@H]34)[C@@H]1CCC2(O)C#C,0
N[C@@H](Cc1ccc(cc1)N(CCCl)CCCl)C(=O)O,0
CS(=O)(=O)c1ccc(cc1)C2=C(C(=O)OC2)c3ccccc3,0
CCN(CC)CCNC(=O)c1ccc(N)cc1,0
CC1=NN(C(=O)C1)c2ccccc2,0
FC1=CNC(=O)NC1=O,0
ClCCN(N=O)C(=O)NC1CCCCC1,0
Oc1c(Br)cc(Br)cc1C(=O)Nc2ccc(Br)cc2,0
CN(Cc1ccc(cc1)C(C)(C)C)Cc2cccc3ccccc23,0
CC1(C)S[C@@H]2[C@H](NC(=O)[C@H](N)c3ccc(O)cc3)C(=O)N2[C@H]1C(=O)O,0
CC(C)C[C@H](NC(=O)[C@@H](O)[C@H](N)Cc1ccccc1)C(=O)O,0
[O-][N+](=O)c1ccc2NC(=O)CN=C(c3ccccc3)c2c1,0
CO[C@]1(NC(=O)CSCC#N)[C@H]2SCC(=C(N2C1=O)C(=O)O)CSc3nnnn3C,0
CSc1ccc2Sc3ccccc3N(CCC4CCCCN4C)c2c1,1
CN1CCN(Cc2ccc(cc2)C(=O)Nc3ccc(C)c(Nc4nccc(n4)c5cccnc5)c3)CC1,0
CN[C@H]1CC[C@@H](c2ccc(Cl)c(Cl)c2)c3ccccc13,0
CO[C@H]1C[C@@H](O[C@H]2C[C@@H](O[C@H]2[C@]3(C)CC[C@@H](O3)[C@]4(C)CC[C@]5(C[C@H](O)[C@@H](C)[C@H](O5)[C@@H](C)[C@@H]6O[C@](O)(CC(=O)O)[C@@H](C)[C@H](OC)[C@H]6OC)O4)[C@H]7O[C@](C)(O)[C@H](C)C[C@@H]7C)O[C@@H](C)[C@@H]1OC,1
OCCOCCN1CCN(CC1)C2=Nc3ccccc3Sc4ccccc24,1
CC1=C(Oc2c(cccc2C1=O)C(=O)OCCN3CCCCC3)c4ccccc4,0
Nc1ccc(cc1)S(=O)(=O)Nc2nccs2,0
CCC(=O)O[C@@]1([C@@H](C)C[C@H]2[C@@H]3CCC4=CC(=O)C=C[C@]4(C)[C@@]3(F)[C@@H](O)C[C@]12C)C(=O)CCl,0
Fc1ccc(SC2=NN3C=NC(=O)C(=C3C=C2)c4c(Cl)cccc4Cl)c(F)c1,0
Cc1cc(C(C#N)c2ccc(Cl)cc2)c(Cl)cc1NC(=O)c3cc(I)cc(I)c3O,0
[Cl-].[Cl-].C[n+]1ccc(cc1)c2cc[n+](C)cc2,0
Nc1ccc(cc1)S(=O)(=O)N,0
CC(=O)S[C@@H]1CC2=CC(=O)CC[C@]2(C)[C@H]3CC[C@@]4(C)[C@@H](CC[C@@]45CCC(=O)O5)[C@H]13,0
Oc1ccc(cc1[N+](=O)[O-])[As](=O)(O)O,0
COC(=O)c1ccccc1O,0
Oc1c(Cl)cc(Cl)cc1C(=O)Nc2ccc(Cl)c(Cl)c2,0
Cc1nnc2CN=C(c3ccccc3)c4cc(Cl)ccc4n12,0
COc1ccc(cc1)C(=O)N2CCCC2=O,0
CC[C@@H](CO)NCCN[C@@H](CC)CO,0
CO[C@H]1[C@H](O)CC(=O)O[C@H](C)C\C=C\C=C\[C@H](O)[C@H](C)C[C@H](CC=O)[C@@H]1O[C@@H]2O[C@H](C)[C@@H](O[C@H]3C[C@@](C)(O)[C@@H](OC(=O)CC(C)C)[C@H](C)O3)[C@@H]([C@H]2O)N(C)C,0
OC(=O)P(=O)(O)O,0
CN1CCN(CCCN2c3ccccc3Sc4ccc(cc24)C(F)(F)F)CC1,0
CCCN1C[C@H](CSC)C[C@H]2[C@H]1Cc3c[nH]c4cccc2c34,1
CC(C)Oc1ccc2C(=O)C(=COc2c1)c3ccccc3,0
C(C(C1CCCCC1)C2CCCCC2)C3CCCCN3,0
CCc1ccc(cc1)C(=O)C(C)CN2CCCCC2,0
CN1CCN(CC1)C(c2ccccc2)c3ccccc3,0
CNC(=C[N+](=O)[O-])NCCSCc1oc(CN(C)C)cc1,0
Cc1cc2c(OCC(CNC(C)(C)C)OC(=O)c3ccccc3)cccc2[nH]1,0
Cc1ccc2cc3c(ccc4ccccc34)c5CCc1c25,0
Oc1ccc2C[C@H]3N(CC4CC4)CC[C@@]56[C@@H](Oc1c25)C(=O)CC[C@@]36O,0
C[C@@H]1CN(C[C@H](C)N1)c2c(F)c(N)c3C(=O)C(=CN(C4CC4)c3c2F)C(=O)O,0
CN(C)[C@H]1[C@@H]2C[C@H]3C(=C(O)[C@]2(O)C(=O)C(=C1O)C(=O)N)C(=O)c4c(O)ccc(Cl)c4[C@@]3(C)O,0
NC(=N)NC(=O)Cc1c(Cl)cccc1Cl,0
CC(C)[C@@H](C)\C=C\[C@@H](C)[C@H]1CC[C@H]2\C(=C\C=C/3\C[C@@H](O)CCC3=C)\CCC[C@]12C,0
Cc1ccnc2N(C3CC3)c4ncccc4C(=O)Nc12,0
CCCCc1nc(Cl)c(CO)n1Cc2ccc(cc2)c3ccccc3c4nnn[nH]4,0
Oc1cc(cc(O)c1O)C(=O)Oc2cc(cc(O)c2O)C(=O)OC[C@H]3O[C@@H](OC(=O)c4cc(O)c(O)c(OC(=O)c5cc(O)c(O)c(O)c5)c4)[C@H](OC(=O)c6cc(O)c(O)c(OC(=O)c7cc(O)c(O)c(O)c7)c6)[C@@H](OC(=O)c8cc(O)c(O)c(OC(=O)c9cc(O)c(O)c(O)c9)c8)[C@@H]3OC(=O)c%10cc(O)c(O)c(OC(=O)c%11cc(O)c(O)c(O)c%11)c%10,0
ClCCN(CCCl)P1(=O)NCCCO1,0
C[C@H]1C[C@H]2[C@@H]3CCC4=CC(=O)C=C[C@]4(C)[C@@]3(Cl)[C@@H](O)C[C@]2(C)[C@@]1(O)C(=O)CO,0
CCN[C@@H]1C[C@H](N)[C@@H](O[C@H]2OC(=CC[C@H]2N)CN)[C@H](O)[C@H]1O[C@H]3OC[C@](C)(O)[C@H](NC)[C@H]3O,0
CC1(C)O[C@@H]2C[C@H]3[C@@H]4CCC5=CC(=O)C=C[C@]5(C)[C@@]4(F)[C@@H](O)C[C@]3(C)[C@@]2(O1)C(=O)CO,0
OCCN1CCN(CCCN2c3ccccc3Sc4ccc(cc24)C(F)(F)F)CC1,1
Clc1ccc2C(=C3CCNCC3)c4ncccc4CCc2c1,0
C\C\1=C/CC[C@@]2(C)O[C@H]2[C@H]3OC(=O)C(=C)[C@@H]3CC1,0
Cl.NC[C@@H]1CC[C@H](CC1)C(=O)Oc2ccc(CCC(=O)O)cc2,0
CC(C)(C)c1cc(SC(C)(C)Sc2cc(c(O)c(c2)C(C)(C)C)C(C)(C)C)cc(c1O)C(C)(C)C,0
CC[C@@]1(O)C(=O)OCC2=C1C=C3N(Cc4cc5c(CN(C)C)c(O)ccc5nc34)C2=O,0
NCCCCCC(=O)O,0
Cl.CCCCN1CCCCC1C(=O)Nc2c(C)cccc2C,0
CCN1C=C(C(=O)O)C(=O)c2cc(F)c(nc12)N3CCNCC3,0
NC1=C(F)C=NC(=O)N1,0
CCC[C@@H]1C[C@H](N(C)C1)C(=O)N[C@H]([C@@H](C)O)[C@H]2O[C@H](SC)[C@H](O)[C@@H](O)[C@H]2O,0
CN(C)CCCN1c2ccccc2CCc3ccc(Cl)cc13,1
COc1ccc2c(c1)c(CC(=O)O)c(C)n2C(=O)c3ccc(Cl)cc3,0
CNCCCC12CCC(c3ccccc13)c4ccccc24,1
CCCCNc1ccc(cc1)C(=O)OCCN(C)C,0
CC(CN1c2ccccc2Sc3ccccc13)N(C)C,1
Clc1ccc(CO\N=C(/Cn2ccnc2)\c3ccc(Cl)cc3Cl)c(Cl)c1,0
N[C@@H](Cc1ccc(F)cc1)C(=O)O,0
NCCCC(O)(P(=O)(O)O)P(=O)(O)O,0
COc1ccc2c(c1)c(CC(=O)OCC(=O)O)c(C)n2C(=O)c3ccc(Cl)cc3,0
CC(C)[C@H](NC(=O)N(C)Cc1csc(n1)C(C)C)C(=O)N[C@H](C[C@H](O)[C@H](Cc2ccccc2)NC(=O)OCc3cncs3)Cc4ccccc4,0
CC[C@H](C)[C@H](N)C1=N[C@@H](CS1)C(=O)N[C@@H](CC(C)C)C(=O)N[C@H](CCC(=O)O)C(=O)N[C@@H]([C@@H](C)CC)C(=O)N[C@H]2CCCCNC(=O)[C@H](CC(=O)N)NC(=O)[C@@H](CC(=O)O)NC(=O)[C@H](Cc3cnc[nH]3)NC(=O)[C@@H](Cc4ccccc4)NC(=O)[C@@H](NC(=O)[C@@H](CCCN)NC2=O)[C@@H](C)CC,0
CN(C)CCC=C1c2ccccc2COc3ccccc13,0
CC(C)c1c(C(=O)Nc2ccccc2)c(c3ccccc3)c(c4ccc(F)cc4)n1CC[C@@H](O)C[C@@H](O)CC(=O)O,0
CCCCC1=NC2(CCCC2)C(=O)N1Cc3ccc(cc3)c4ccccc4c5nn[nH]n5,0
Clc1ccccc1C(=O)N2CCC(Cc3ccccc3)CC2,0
CC1=C(N2[C@H](SC1)[C@H](NC(=O)[C@H](N)c3ccccc3)C2=O)C(=O)O,0
COc1cccc2C(=O)c3c(O)c4C[C@](O)(C[C@H](O[C@H]5C[C@H](N)[C@H](O)[C@H](C)O5)c4c(O)c3C(=O)c12)C(=O)C,0
COc1ccc2C[C@H]3[C@H]4CCCC[C@@]4(CCN3C)c2c1,0
CC(N)C12CC3CC(CC(C3)C1)C2,0
O=C1Oc2ccccc2C=C1,0
Nc1nc(N)c2nc(c(N)nc2n1)c3ccccc3,0
NC[C@@H]1CC[C@H](CC1)C(=O)O,0
CC1=CC(=O)Oc2c(C)c3oc(C)cc3cc12,0
CCCCC(=O)N(Cc1ccc(cc1)c2ccccc2c3nnn[nH]3)[C@@H](C(C)C)C(=O)O,0
c1ccc2[nH]c(nc2c1)c3cscn3,0
OC(=O)CCCc1cccs1,0
NC(=Nc1nc(CSCC\C(=N\S(=O)(=O)N)\N)cs1)N,0
Nc1nc(N)c2nc(CNc3ccc(cc3)C(=O)N[C@@H](CCC(=O)O)C(=O)O)cnc2n1,0
C[C@]12CC[C@@H](O)C=C1CC[C@H]3[C@@H]4CC[C@](O)(C(=O)CO)[C@@]4(C)CC(=O)[C@H]23,0
CC[C@]1(O)C[C@H]2CN(CCc3c([nH]c4ccccc34)[C@@](C2)(C(=O)OC)c5cc6c(cc5OC)N(C=O)[C@H]7[C@](O)([C@H](OC(=O)C)[C@]8(CC)C=CCN9CC[C@]67[C@H]89)C(=O)OC)C1,0
NC(=O)N1c2ccccc2CC(=O)c3ccccc13,0
Nc1nc(F)nc2c1ncn2[C@@H]3O[C@H](CO)[C@@H](O)[C@@H]3O,0
Fc1ccc(cc1)[C@@H]2CCNC[C@H]2COc3ccc4OCOc4c3,0
Cc1ccc(cc1)S(=O)(=O)NC(=O)NN2CCCCCC2,0
OCC=C,0
OC[C@@H](O)[C@@H](O)[C@H](O)[C@H](O)CO,0
N[C@@H](Cc1ccc(O)c(O)c1)C(=O)O,0
CC(C)OC(=O)C(C)(C)Oc1ccc(cc1)C(=O)c2ccc(Cl)cc2,0
CC(=C)[C@@H]1[C@H]2OC(=O)[C@@H]1[C@]3(O)C[C@H]4O[C@]45C(=O)O[C@H]2[C@]35C,0
CC(N(O)C(=O)N)c1cc2ccccc2s1,0
COc1ccc(Cc2nccc3cc(OC)c(OC)cc23)cc1OC,0
CN1C=CC(=O)C(=C1C)O,0
COc1ccc(CCN(C)CCCC(C#N)(C(C)C)c2ccc(OC)c(OC)c2)cc1OC,0
CNC1=Nc2ccc(Cl)cc2C(=[N+]([O-])C1)c3ccccc3,0
CCC(C)N1N=CN(C1=O)c2ccc(cc2)N3CCN(CC3)c4ccc(OCC5COC(Cn6cncn6)(O5)c7ccc(Cl)cc7Cl)cc4,0
CCC(C)CCCC(=O)N[C@@H](CCN)C(=O)N[C@@H]([C@@H](C)O)C(=O)N[C@@H](CCN)C(=O)N[C@H]1CCNC(=O)[C@@H](NC(=O)[C@H](CCN)NC(=O)[C@H](CCN)NC(=O)[C@H](CC(C)C)NC(=O)[C@@H](CC(C)C)NC(=O)[C@H](CCN)NC1=O)[C@H](C)O,0
COc1ccc(cc1)C(CN(C)C)C2(O)CCCCC2,0
COP(=O)(OC)OC=C(Cl)Cl,0
COCCOC(=O)C1=C(C)NC(=C(C1c2cccc(c2)[N+](=O)[O-])C(=O)OC(C)C)C,0
CC[C@@]1(O)C[C@H](O[C@H]2C[C@@H]([C@H](O[C@H]3C[C@H](O)[C@H](O[C@H]4CCC(=O)[C@H](C)O4)[C@H](C)O3)[C@H](C)O2)N(C)C)c5c(O)c6C(=O)c7c(O)cccc7C(=O)c6cc5[C@H]1C(=O)OC,0
OCc1ccccc1,0
CCCCOC(=O)c1ccc(N)cc1,0
CN(N=O)C(=O)N[C@H]1C(O)O[C@H](CO)[C@@H](O)[C@@H]1O,0
O=C1C=C(Oc2ccc3ccccc3c12)c4ccccc4,0
CC[C@H](C)[C@H]1O[C@@]2(C[C@@H]3C[C@@H](C\C=C(/C)\[C@@H](O[C@H]4C[C@H](OC)[C@@H](O[C@H]5C[C@H](OC)[C@@H](O)[C@H](C)O5)[C@H](C)O4)[C@@H](C)\C=C\C=C\6/CO[C@@H]7[C@H](O)C(=C[C@@H](C(=O)O3)[C@]67O)C)O2)C=C[C@@H]1C.CO[C@H]8C[C@H](O[C@H]9[C@H](C)O[C@H](C[C@@H]9OC)O[C@H]%10[C@@H](C)\C=C\C=C\%11/CO[C@@H]%12[C@H](O)C(=C[C@@H](C(=O)O[C@H]%13C[C@@H](C\C=C\%10/C)O[C@@]%14(C%13)O[C@H](C(C)C)[C@@H](C)C=C%14)[C@]%11%12O)C)O[C@@H](C)[C@@H]8O,0
CC(C)NCC(O)c1ccc(O)c(O)c1,0
COc1cccc(c1)C2(O)CCCCC2CN(C)C,0
COS(=O)(=O)C,0
CN1C(=C(O)c2ccccc2S1(=O)=O)C(=O)Nc3ncc(C)s3,0
OC[C@H]1O[C@@H]2O[C@H]3[C@H](O)[C@@H](O)[C@H](O[C@@H]3CO)O[C@H]4[C@H](O)[C@@H](O)[C@H](O[C@@H]4CO)O[C@H]5[C@H](O)[C@@H](O)[C@H](O[C@@H]5CO)O[C@H]6[C@H](O)[C@@H](O)[C@H](O[C@@H]6CO)O[C@H]7[C@H](O)[C@@H](O)[C@H](O[C@@H]7CO)O[C@H]8[C@H](O)[C@@H](O)[C@H](O[C@@H]8CO)O[C@H]1[C@H](O)[C@H]2O,0
C[C@H]1O[C@H](O[C@H]2[C@H](O)[C@@H](O)[C@@H](O[C@H]3[C@H](O)[C@@H](O)[C@H](O)O[C@@H]3CO)O[C@@H]2CO)[C@H](O)[C@@H](O)[C@@H]1N[C@H]4C=C(CO)[C@@H](O)[C@H](O)[C@H]4O,0
CN1CCN(CC1)c2c(F)cc3C(=O)C(=CN(CCF)c3c2F)C(=O)O,0
CCN(C(=O)\C=C\C)c1ccccc1C,0
CCOc1nc2cccc(C(=O)O)c2n1Cc3ccc(cc3)c4ccccc4c5nnn[nH]5,0
OC(CCCN1CCCCC1)(c2ccccc2)c3ccccc3,1
CC(C)Cc1ccc(cc1)[C@@H](C)C(=O)O,0
C[C@]12CC(=O)[C@H]3[C@@H](CCC4=CC(=O)C=C[C@]34C)[C@@H]1CC[C@]2(O)C(=O)CO,0
CCCC1=CC(=O)NC(=S)N1,0
Nc1nc(O)c2ncn(CCC(CO)CO)c2n1,0
NC1CCN(C1)c2nc3N(C=C(C(=O)O)C(=O)c3cc2F)c4ccc(F)cc4F,0
Nc1nnc(c(N)n1)c2cccc(Cl)c2Cl,0
C[C@H]1C[C@H]2[C@@H]3CC[C@](O)(C(=O)C)[C@@]3(C)C[C@H](O)[C@]2(F)[C@@]4(C)C=CC(=O)C=C14,0
COc1ccc(CCN2CCC(CC2)Nc3nc4ccccc4n3Cc5ccc(F)cc5)cc1,1
Clc1cc2Oc3cc(Cl)c(Cl)cc3Oc2cc1Cl,0
CN1C(=O)OC(C)(C)C1=O,0
CCOC(=O)c1ncn2c1CN(C)C(=O)c3cc(F)ccc23,0
Cc1ccccc1C(=O)N2CCC(Cc3ccccc3)CC2,0
C[C@@H](CO)NC(=O)[C@H]1CN(C)[C@@H]2Cc3c[nH]c4cccc(C2=C1)c34,1
Cc1cc(O)cc(C)c1Cl,0
NC(=O)c1ccccc1O,0
OCCNCCNc1ccc(NCCNCCO)c2C(=O)c3c(O)ccc(O)c3C(=O)c12,0
CC1(C)[C@@H](N2[C@@H](CC2=O)S1(=O)=O)C(=O)O,0
ClCC(Cl)Cl,0
CCN1C=C(C(=O)O)C(=O)c2cc(F)c(cc12)N3CCNCC3,0
NCC1(CC(=O)O)CCCCC1,0
NC12CC3CC(CC(C3)C1)C2,0
CC(C)[C@@H]1N2C(=O)[C@](NC(=O)[C@H]3CN(C)[C@@H]4Cc5c[nH]c6cccc(C4=C3)c56)(O[C@@]2(O)[C@@H]7CCCN7C1=O)C(C)C,1
CCC[C@@H]1C[C@H](N(C)C1)C(=O)N[C@H]([C@H](C)Cl)[C@H]2O[C@H](SC)[C@H](O)[C@@H](O)[C@H]2O,0
CC[C@H]1OC(=O)[C@H](C)[C@@H](O[C@H]2C[C@@](C)(OC)[C@@H](O)[C@H](C)O2)[C@H](C)[C@@H](O[C@@H]3O[C@H](C)C[C@@H]([C@H]3O)N(C)C)[C@](C)(O)C[C@@H](C)CN(C)[C@H](C)[C@@H](O)[C@]1(C)O,0
CN1CCC[C@@H]1CCO[C@](C)(c2ccccc2)c3ccc(Cl)cc3,1
Cc1ccnc(NS(=O)(=O)c2ccc(N)cc2)n1,0
CC(C)[C@H](N)C(=O)OCCOCn1cnc2C(=O)N=C(N)Nc12,0
OC(=O)c1cc(ccc1O)\N=N\c2ccc(cc2)S(=O)(=O)Nc3ccccn3,0
NC(=O)NC(=O)Cc1ccccc1,0
Cc1cc(c(O)c(C)c1CC2=NCCN2)C(C)(C)C,0
CC1(C)O[C@@H]2C[C@H]3[C@@H]4C[C@H](F)C5=CC(=O)C=C[C@]5(C)[C@@]4(F)[C@@H](O)C[C@]3(C)[C@@]2(O1)C(=O)CO,0
Oc1ccc(\C=C\C(=O)OCCc2ccccc2)cc1O,0
Nc1ccc(C(=O)O)c(O)c1,0
CC1CC(CC(C)(C)C1)OC(=O)C(O)c2ccccc2,0
Cc1c(C)c2OC(C)(CN3CCN(CC3)c4cc(nc(n4)N5CCCC5)N6CCCC6)CCc2c(C)c1O,1
CCN(CC)CCOC(=O)C1(CCCCC1)C2CCCCC2,0
CC(C)C[C@@H]1N2C(=O)[C@](NC(=O)[C@H]3CN(C)[C@@H]4Cc5c[nH]c6cccc(C4=C3)c56)(O[C@@]2(O)[C@@H]7CCCN7C1=O)C(C)C,1
COc1ccc2[nH]cc(CCNC(=O)C)c2c1,0
CCCC(C)C1(CC=C)C(=O)NC(=O)NC1=O,0
NC(=O)N1C(=O)\C(=C(/O)\c2cccs2)\c3cc(Cl)ccc13,0
CN1CCC(=C2c3ccccc3C=Cc4ccccc24)CC1,1
C[C@@H]1CC[C@@]2(OC1)O[C@H]3[C@@H](O)[C@H]4[C@@H]5CC[C@H]6C[C@@H](O[C@@H]7O[C@H](CO)[C@H](O[C@@H]8O[C@H](CO)C(O)[C@H](O[C@@H]9OC[C@@H](O)[C@H](O)[C@H]9O)[C@H]8O[C@@H]%10O[C@H](CO)[C@H](O)[C@H](O[C@@H]%11O[C@H](CO)[C@@H](O)[C@H](O)[C@H]%11O)[C@H]%10O)[C@H](O)[C@H]7O)[C@H](O)C[C@]6(C)[C@H]5CC[C@]4(C)[C@H]3[C@@H]2C,0
CC(C)c1cccc(C(C)C)c1O,0
CCC1(CCC(C)C)C(=O)NC(=NC1=O)O,0
COc1cc(\C=C/C)ccc1O,0
C[C@]1(O)CC[C@H]2[C@@H]3CC[C@H]4CC(=O)\C(=C/O)\C[C@]4(C)[C@H]3CC[C@]12C,0
CN(C)C(=O)C(CCN1CCC(O)(CC1)c2ccc(Cl)cc2)(c3ccccc3)c4ccccc4,0
C[C@H]1C[C@H]2[C@@H]3CCC4=CC(=O)C=C[C@]4(C)[C@@]3(F)[C@@H](O)C[C@]2(C)[C@@]1(O)C(=O)COP(=O)(O)O,0
C[C@@H]1C[C@H]2[C@@H]3CCC4=CC(=O)C=C[C@]4(C)[C@@]3(F)[C@@H](O)C[C@]2(C)[C@H]1C(=O)CO,0
OC[C@H]1O[C@@H]2O[C@H]3[C@H](O)[C@@H](O)[C@H](O[C@@H]3CO)O[C@H]4[C@H](O)[C@@H](O)[C@H](O[C@@H]4CO)O[C@H]5[C@H](O)[C@@H](O)[C@H](O[C@@H]5CO)O[C@H]6[C@H](O)[C@@H](O)[C@H](O[C@@H]6CO)O[C@H]7[C@H](O)[C@@H](O)[C@H](O[C@@H]7CO)O[C@H]1[C@H](O)[C@H]2O,0
CC(C)NCC(O)c1ccccc1Cl,0
CC[C@]1(O)C[C@@H]2CN(CCc3c([nH]c4ccccc34)[C@@](C2)(C(=O)OC)c5cc6c(cc5OC)N(C)[C@H]7[C@](O)([C@H](OC(=O)C)[C@]8(CC)C=CCN9CC[C@]67[C@H]89)C(=O)OC)C1,0
NC1=NC(=O)C2=C(NCC(CNc3ccc(cc3)C(=O)N[C@@H](CCC(=O)O)C(=O)O)N2C=O)N1,0
COc1ccnc(C[S+]([O-])c2nc3cc(OC(F)F)ccc3[nH]2)c1OC,0
COc1ccccc1N,0
COc1ccc2[C@H](OC(=O)c2c1OC)[C@@H]3N(C)CCc4cc5OCOc5c(OC)c34,0
CCOC(=O)N1C=CN(C)C1=S,0
N#Cc1ccc(cc1)C(c2ccc(cc2)C#N)n3cncn3,0
CN(CCOc1ccc(C[C@H](Nc2ccccc2C(=O)c3ccccc3)C(=O)O)cc1)c4ccccn4,0
CCOC(=O)[C@H](CCc1ccccc1)N[C@H]2CCc3ccccc3N(CC(=O)O)C2=O,0
CC(C)(Oc1ccc(cc1)C2CC2(Cl)Cl)C(=O)O,0
[O-][S+](CCC1C(=O)N(N(C1=O)c2ccccc2)c3ccccc3)c4ccccc4,0
ClCCNC(=O)N(CCCl)N=O,0
CC(C(=O)O)c1ccc2oc(nc2c1)c3ccc(Cl)cc3,0
CC(C)C(=O)Nc1ccc(c(c1)C(F)(F)F)[N+](=O)[O-],0
CCCCCCCCc1ccc(O)cc1,0
Cc1ccc(C)c(OCCCC(C)(C)C(=O)O)c1,0
CC(C)NCC(O)COc1cccc2[nH]ccc12,0
C[C@H]([C@](O)(Cn1cncn1)c2ccc(F)cc2F)S(=O)(=O)C,0
CC(C)(C)c1ccc(cc1)C(=O)CCCN2CCC(CC2)OC(c3ccccc3)c4ccccc4,1
C[C@@H]1C[C@H]2[C@@H]3CCC4=CC(=O)C=C[C@]4(C)C3=CC[C@]2(C)[C@H]1C(=O)CN5CCN(CC5)c6cc(nc(n6)N7CCCC7)N8CCCC8,0
CN(C)CCOC(c1ccccc1)c2ccccc2,0
CC(C)(CO)C(O)C(=O)NCCCO,0
CC(C)(C)NC[C@H](O)COc1nsnc1N2CCOCC2,0
CCN1CCN(CC1)c2cc3N(C=C(C(=O)O)C(=O)c3cc2F)C4CC4,0
CN1C[C@@H]2C[C@H]1CN2c3cc4N(C=C(C(=O)O)C(=O)c4cc3F)C5CC5,0
CN1C(=O)N(C)c2ncn(C)c2C1=O,0
Oc1c(Cl)cc(Cl)cc1Sc2cc(Cl)cc(Cl)c2O,0
CC(=O)O[C@H]1C(=O)[C@]2(C)[C@@H](O)C[C@H]3OC[C@@]3(OC(=O)C)[C@H]2[C@H](OC(=O)c4ccccc4)[C@]5(O)C[C@H](OC(=O)[C@H](O)[C@@H](NC(=O)c6ccccc6)c7ccccc7)C(=C1C5(C)C)C,0
NCCCNCCSP(=O)(O)O,0
C1CN2C[C@@H](N=C2S1)c3ccccc3,0
CN(C)[C@H]1[C@@H]2[C@@H](O)[C@H]3C(=C(O)[C@]2(O)C(=O)C(=C1O)C(=O)N)C(=O)c4c(O)cccc4[C@@]3(C)O,0
CN(C(=S)Oc1ccc2ccccc2c1)c3cccc(C)c3,0
CC(=O)OCC(COC(=O)C)OC(=O)C,0
OC(=O)C1=CN(c2ccc(F)cc2)c3cc(N4CCNCC4)c(F)cc3C1=O,0
NC(=O)NO,0
OCCO,0
CC(=O)Oc1ccc(cc1)C(c2ccc(OC(=O)C)cc2)c3ccccn3,0
Cc1cccc(Nc2cc(Cl)nc(SCC(=O)O)n2)c1C,0
[K+].[K+].CC(C)CC(=O)O[C@H]1[C@H](O[C@@H]2C[C@H]([C@H]3CC[C@@]45C[C@@H](CCC4[C@]3(C)C2)C(=C)[C@H]5O)C(=O)O)O[C@H](CO)[C@@H](OS(=O)(=O)[O-])[C@@H]1OS(=O)(=O)[O-],0
Oc1ccc(cc1)C2=COc3cc(O)cc(O)c3C2=O,0
CN1CCC(=C2c3ccccc3CC(=O)c4sccc24)CC1,0
ClC(Cl)Cl,0
CCCC(CCC)C(=O)O,0
OC[C@H](O)[C@H]1OC(=O)C(=C1O)O,0
CC(C)CCC[C@@H](C)[C@H]1CC[C@H]2\C(=C\C=C/3\C[C@@H](O)CCC3=C)\CCC[C@]12C,0
CC1(C)O[C@@H]2C[C@H]3[C@@H]4C[C@H](F)C5=CC(=O)CC[C@]5(C)[C@H]4[C@@H](O)C[C@]3(C)[C@@]2(O1)C(=O)CO,0
[Na+].[Na+].[Na+].[O-][V](=O)([O-])[O-],0
CC[C@H](C)C(=O)O[C@H]1CCC=C2C=C[C@H](C)[C@H](CC[C@@H]3C[C@@H](O)CC(=O)O3)[C@@H]12,0
COc1ccc(C[C@H]2NC[C@H](O)[C@H]2OC(=O)C)cc1,0
CC(C(=O)O)c1cccc(c1)C(=O)c2ccccc2,0
CCCC(=O)Nc1ccc(OCC(O)CNC(C)C)c(c1)C(=O)C,0
C\C(=C/c1ccccc1)\C=C\2/SC(=S)N(CC(=O)O)C2=O,0
S(Sc1nc2ccccc2s1)c3nc4ccccc4s3,1
CN(C)CCOC(c1ccccc1)c2ccccc2.CN3C(=O)N(C)c4nc(Cl)[nH]c4C3=O,0
CCN(CC)CCCC(C)Nc1c2ccc(Cl)cc2nc3ccc(OC)cc13,0
CC(N)C(=O)Nc1c(C)cccc1C,0
CC(C)n1c(\C=C\C(O)CC(O)CC(=O)O)c(c2ccc(F)cc2)c3ccccc13,0
CC(C)CCC[C@@H](C)[C@H]1CC[C@H]2\C(=C\C=C/3\C[C@@H](O)C[C@H](O)C3=C)\CCC[C@]12C,0
O=C\C=C\c1ccccc1,0
COc1ccc(CN(CCN(C)C)c2ccccn2)cc1,0
CN1C(=O)CN=C(c2ccccc2)c3cc(Cl)ccc13,0
CCN(CC)CCNC(=O)c1cc(ccc1OC)S(=O)(=O)C,1
OCCN1CCN(CCCN2c3ccccc3Sc4ccc(Cl)cc24)CC1,0
CCCCOc1cc(CC2CNC(=O)N2)ccc1OC,0
CS(=O)(=O)Nc1ccc(cc1Oc2ccccc2)[N+](=O)[O-],0
CN1C(=O)N(C)c2ncn(CC(O)CO)c2C1=O,0
CCCN(CCC)S(=O)(=O)c1ccc(cc1)C(=O)O,0
CCN1C=C(C(=O)O)C(=O)c2cc(F)c(cc12)N3CCN(C)CC3,0
