smiles,label
CC(O)CO,0
CC(C)CCC[C@@H](C)[C@H]1CC[C@H]2\C(=C\C=C/3\C[C@@H](O)C[C@H](O)C3=C)\CCC[C@]12C,0
C[C@]12Cc3cnoc3C=C1CC[C@@H]4[C@@H]2CC[C@@]5(C)[C@H]4CC[C@@]5(O)C#C,0
CN(C)CCC=C1c2ccccc2COc3ccccc13,0
NN,0
CN([C@H]1CC[C@@]2(CCCO2)C[C@@H]1N3CCCC3)C(=O)Cc4ccc(Cl)c(Cl)c4,0
CCN(CC)CCOC(=O)c1ccc(N)cc1,0
COC1=CC(=O)C[C@@H](C)[C@]12Oc3c(Cl)c(OC)cc(OC)c3C2=O,0
N[C@@H](Cc1cc(I)c(Oc2ccc(O)c(I)c2)c(I)c1)C(=O)O,0
CC(C)[C@@H]1N2C(=O)[C@](NC(=O)[C@H]3CN(C)[C@@H]4Cc5c[nH]c6cccc(C4=C3)c56)(O[C@@]2(O)[C@@H]7CCCN7C1=O)C(C)C,1
CC(C)NC[C@@H](O)COc1cccc2ccccc12,0
[Na+].[Na+].[Na+].[O-][V](=O)([O-])[O-],0
OC(=O)CCNC(=O)c1ccccc1,0
[I-].[I-].[I-].CC[N+](CC)(CC)CCOc1cccc(OCC[N+](CC)(CC)CC)c1OCC[N+](CC)(CC)CC,0
OC[C@H]1O[C@@H]2O[C@H]3[C@H](O)[C@@H](O)[C@H](O[C@@H]3CO)O[C@H]4[C@H](O)[C@@H](O)[C@H](O[C@@H]4CO)O[C@H]5[C@H](O)[C@@H](O)[C@H](O[C@@H]5CO)O[C@H]6[C@H](O)[C@@H](O)[C@H](O[C@@H]6CO)O[C@H]7[C@H](O)[C@@H](O)[C@H](O[C@@H]7CO)O[C@H]8[C@H](O)[C@@H](O)[C@H](O[C@@H]8CO)O[C@H]1[C@H](O)[C@H]2O,0
Nc1c(Br)cc(Br)cc1CN[C@@H]2CC[C@@H](O)CC2,0
CCOc1ccc(NC(=O)C)cc1,0
OC(=O)c1ccccc1C2=C3C=CC(=O)C=C3Oc4cc(O)ccc24,0
Clc1ccc2Oc3ccccc3N=C(N4CCNCC4)c2c1,1
C[C@H]1C[C@H]2[C@@H]3C[C@H](F)C4=CC(=O)C=C[C@]4(C)[C@@]3(F)[C@@H](O)C[C@]2(C)[C@@]1(OC(=O)C)C(=O)COC(=O)C,0
Cl.CCCCN1CCCCC1C(=O)Nc2c(C)cccc2C,0
CC(C)(c1ccc(O)cc1)c2ccc(O)cc2,0
NCCCNCCSP(=O)(O)O,0
CNC(C)[C@@H]1CC[C@@H](N)[C@@H](O[C@@H]2[C@@H](N)C[C@@H](N)[C@H](O[C@H]3OC[C@](C)(O)[C@H](NC)[C@H]3O)[C@H]2O)O1.CN[C@@H]4[C@@H](O)[C@@H](O[C@H]5[C@H](N)C[C@H](N)[C@@H](O[C@H]6O[C@H](CN)CC[C@H]6N)[C@@H]5O)OC[C@]4(C)O.CN[C@@H]7[C@@H](O)[C@@H](O[C@H]8[C@H](N)C[C@H](N)[C@@H](O[C@H]9O[C@@H](CC[C@H]9N)C(C)N)[C@@H]8O)OC[C@]7(C)O,0
OCCO,0
Cc1nccn1CC2CCc3c(C2=O)c4ccccc4n3C,0
CCC[C@@H]1C[C@H](N(C)C1)C(=O)N[C@H]([C@@H](C)O)[C@H]2O[C@H](SC)[C@H](O)[C@@H](O)[C@H]2O,0
CC(O)C(=O)O,0
Cc1ccccc1C(=O)N2CCC(Cc3ccccc3)CC2,0
COC(=O)C[C@](O)(CCC(C)(C)O)C(=O)O[C@H]1[C@H]2c3cc4OCOc4cc3CCN5CCC[C@]25C=C1OC,0
CCC1(CCC(=O)NC1=O)c2ccc(N)cc2,0
Cn1cnc(c1Sc2ncnc3nc[nH]c23)[N+](=O)[O-],0
CCOC(=O)C1=C(C)NC(=C(C1c2ccccc2\C=C\C(=O)OC(C)(C)C)C(=O)OCC)C,0
OC(CCN1CCCCC1)(C2CCCCC2)c3ccccc3,0
COc1cccc2C(=O)c3c(O)c4C[C@](O)(C[C@H](O[C@H]5C[C@H](N)[C@H](O)[C@H](C)O5)c4c(O)c3C(=O)c12)C(=O)CO,0
N[C@@H](COC(=O)C=[N+]=[N-])C(=O)O,0
COC1CN(CCCOc2ccc(F)cc2)CCC1NC(=O)c3cc(Cl)c(N)cc3OC,1
NC(=O)c1cnccn1,0
OC[C@@H]1CC[C@@H](O1)n2cnc3C(=O)NC=Nc23,0
NC12CC3CC(CC(C3)C1)C2,0
OC[C@H]1O[C@H](C[C@@H]1O)N2C=C(F)C(=O)NC2=O,0
CC[C@H]1OC(=O)[C@H](C)[C@@H](O[C@H]2C[C@@](C)(OC)[C@@H](O)[C@H](C)O2)[C@H](C)[C@@H](O[C@@H]3O[C@H](C)C[C@@H]([C@H]3O)N(C)C)[C@@](C)(C[C@@H](C)C(=O)[C@H](C)[C@@H](O)[C@]1(C)O)OC,0
CO[C@H]1[C@@H](O)[C@H](N)[C@@H](O[C@H]2O[C@@H](CC[C@H]2N)[C@H](C)N)[C@H](O)[C@@H]1N(C)C(=O)CN,0
ClC(Cl)C(c1ccc(Cl)cc1)c2ccccc2Cl,0
CCc1ccc(CCOc2ccc(CC3SC(=O)NC3=O)cc2)nc1,0
CC(=O)Oc1ccc(cc1)C(c2ccc(OC(=O)C)cc2)c3ccccn3,0
NC1=NC(=O)N(C=C1)[C@@H]2CS[C@H](CO)O2,0
Cc1cc(C(C#N)c2ccc(Cl)cc2)c(Cl)cc1NC(=O)c3cc(I)cc(I)c3O,0
CCCCCCCCc1ccc(O)cc1,0
Nc1nc(O)c2ncn(COCCO)c2n1,0
COc1cc(cc(OC)c1OC)[C@H]2[C@@H]3[C@H](COC3=O)[C@@H](O)c4cc5OCOc5cc24,0
CCOC(=O)[C@H](CCc1ccccc1)N[C@@H](C)C(=O)N2Cc3ccccc3C[C@H]2C(=O)O,0
[O-][N+](=O)c1oc(\C=N\N2CC(=O)NC2=O)cc1,0
N[C@@H](Cc1ccc(O)c(O)c1)C(=O)O,0
CC1(C)O[C@@H]2C[C@H]3[C@@H]4CCC5=CC(=O)C=C[C@]5(C)[C@@]4(F)[C@@H](O)C[C@]3(C)[C@@]2(O1)C(=O)CO,0
CCCNC(=O)NS(=O)(=O)c1ccc(Cl)cc1,0
Cc1oncc1C(=O)Nc2ccc(cc2)C(F)(F)F,0
Cc1ccnc2N(C3CC3)c4ncccc4C(=O)Nc12,0
CC(=O)S[C@@H]1CC2=CC(=O)CC[C@]2(C)[C@H]3CC[C@@]4(C)[C@@H](CC[C@@]45CCC(=O)O5)[C@H]13,0
[Br-].CCCCCCCCCCCCCCCC[n+]1ccccc1,0
CC(C)(Oc1ccc(Cl)cc1)C(=O)O,0
Cc1nnc2CN=C(c3ccccc3)c4cc(Cl)ccc4n12,0
Oc1ccc2C[C@H]3N(CC=C)CC[C@@]45[C@@H](Oc1c24)C(=O)CC[C@@]35O,0
C[C@H]1C[C@H]2[C@@H]3CCC4=CC(=O)C=C[C@]4(C)[C@@]3(Cl)[C@@H](O)C[C@]2(C)[C@@]1(O)C(=O)CO,0
CN1[C@@H]2CC[C@H]1C[C@H](C2)OC(=O)c3c[nH]c4ccccc34,0
NCCCC[C@H](N[C@@H](CCc1ccccc1)C(=O)O)C(=O)N2CCC[C@H]2C(=O)O,0
CN1C=CC(=O)C(=C1C)O,0
COc1ccc2cc(CC(=O)O)ccc2c1,0
NC(=O)c1cccc(N)c1,0
CCCCCCNC(=O)N1C=C(F)C(=O)NC1=O,0
CC(=O)N[C@H]1[C@@H](O)[C@H](O)[C@H](CO)O[C@H]1O[C@H]2[C@@H]3NC(=O)[C@H](NC(=O)[C@@H]4NC(=O)[C@H]5NC(=O)[C@@H](Cc6ccc(Oc7cc4cc(Oc8ccc2cc8Cl)c7O[C@@H]9O[C@@H](CO)[C@@H](O)[C@H](O)[C@@H]9NC(=O)C)c(Cl)c6)NC(=O)[C@H](N)c%10ccc(O)c(Oc%11cc(O)cc5c%11)c%10)c%12ccc(O)c(c%12)c%13c(O[C@H]%14O[C@H](CO)[C@@H](O)[C@@H](O)[C@@H]%14O)cc(O)cc%13[C@H](NC3=O)C(=O)O,0
CCN(C(=O)\C=C\C)c1ccccc1C,0
OC(=O)CNCP(=O)(O)O,0
O=C(C1CCCCC1)N2CC3N(CCc4ccccc34)C(=O)C2,0
OC(=O)CCc1oc(c2ccccc2)c(n1)c3ccccc3,0
c1ccc2[nH]c(nc2c1)c3cscn3,0
CC(C)C(=O)Nc1ccc(c(c1)C(F)(F)F)[N+](=O)[O-],0
Fc1ccc(cc1)C(N2CCN(C\C=C\c3ccccc3)CC2)c4ccc(F)cc4,1
COc1ccccc1C(=O)N2CCC(Cc3ccccc3)CC2,0
COC1=CC(=O)OC1(O)C(=C)C,0
CC(C)Cc1ccc(cc1)[C@H](C)C(=O)O,0
CC(=O)OCC(=O)[C@@]1(O)CC[C@H]2[C@@H]3CCC4=CC(=O)CC[C@]4(C)[C@@]3(F)[C@@H](O)C[C@]12C,0
[O-2].[Cu+2],0
Nc1nc(N)c2nc(c(N)nc2n1)c3ccccc3,0
CCN[C@@H](C)Cc1cccc(c1)C(F)(F)F,0
Cc1ccnc(NS(=O)(=O)c2ccc(N)cc2)n1,0
CC(C)(CO)C(O)C(=O)NCCCO,0
CC[C@@]1(O)C(=O)OCC2=C1C=C3N(Cc4cc5c(CN(C)C)c(O)ccc5nc34)C2=O,0
Nc1ccc2C(=O)NC(=O)c3cccc1c23,0
CO[C@@H]1C[C@H](C[C@@H](C)[C@@H]2CC(=O)[C@H](C)\C=C(/C)\[C@@H](O)[C@@H](OC)C(=O)[C@H](C)C[C@H](C)\C=C\C=C\C=C(/C)\[C@H](C[C@@H]3CC[C@@H](C)[C@@](O)(O3)C(=O)C(=O)N4CCCC[C@H]4C(=O)O2)OC)CC[C@H]1O,0
OC(CCCN1CCCCC1)(c2ccccc2)c3ccccc3,1
Cc1onc(c2ccccc2Cl)c1C(=O)N[C@H]3[C@H]4SC(C)(C)[C@@H](N4C3=O)C(=O)O,0
Clc1ccccc1C(c2ccccc2)(c3ccccc3)n4ccnc4,1
CN(Cc1cnc2nc(N)nc(N)c2n1)c3ccc(cc3)C(=O)N[C@@H](CCC(=O)O)C(=O)O,0
Sc1ncnc2nc[nH]c12,0
C[C@@H]1C[C@H]2[C@@H]3CCC4=CC(=O)C=C[C@]4(C)[C@@]3(F)[C@@H](O)C[C@]2(C)[C@H]1C(=O)CO,0
CSc1ccc2Sc3ccccc3N(CCC4CCCCN4C)c2c1,1
NC1=CC(=CNC1=O)c2ccncc2,0
CO[C@H]1\C=C\O[C@@]2(C)Oc3c(C)c(O)c4C(=O)C(=C5NC6(CCN(CC(C)C)CC6)N=C5c4c3C2=O)NC(=O)\C(=C/C=C/[C@H](C)[C@H](O)[C@@H](C)[C@@H](O)[C@@H](C)[C@H](OC(=O)C)[C@@H]1C)\C,0
CC(C)[C@@H]1CC[C@H](CC1)C(=O)N[C@H](Cc2ccccc2)C(=O)O,0
NCCCCCC(=O)O,0
CC1COc2c(N3CCN(C)CC3)c(F)cc4C(=O)C(=CN1c24)C(=O)O,0
[Br-].CN(C)C(=O)Oc1cccc(c1)[N+](C)(C)C,0
CC(=O)O[C@@]1(CC[C@H]2[C@@H]3C=C(Cl)C4=CC(=O)[C@@H]5C[C@@H]5[C@]4(C)[C@H]3CC[C@]12C)C(=O)C,0
NCC(=O)O,0
COc1ccc(cc1)C(=O)N2CCCC2=O,0
CC1CN(CCN1)c2cc3N(C=C(C(=O)O)C(=O)c3c(C)c2F)C4CC4,0
CCN(CCO)CCCC(C)Nc1ccnc2cc(Cl)ccc12,0
CCC(C)N1N=CN(C1=O)c2ccc(cc2)N3CCN(CC3)c4ccc(OCC5COC(Cn6cncn6)(O5)c7ccc(Cl)cc7Cl)cc4,0
C[C@H]1C[C@H]2[C@@H]3CCC4=CC(=O)C=C[C@]4(C)[C@@]3(F)[C@@H](O)C[C@]2(C)[C@@]1(O)C(=O)COP(=O)(O)O,0
CCN(CC)CCNC(=O)c1cc(Cl)c(N)cc1OC,1
CCN(Cc1ccncc1)C(=O)C(CO)c2ccccc2,0
COc1ccc(CCN(C)CCCC(C#N)(C(C)C)c2ccc(OC)c(OC)c2)cc1OC,0
CC1=NS(=O)(=O)c2cc(Cl)ccc2N1,0
CC(=O)O[C@@]1(CC[C@H]2[C@@H]3C=C(C)C4=CC(=O)CC[C@]4(C)[C@H]3CC[C@]12C)C(=O)C,0
CC[C@]1(O)CC[C@H]2[C@@H]3CCC4=CCCC[C@@H]4[C@H]3CC[C@]12C,0
COc1ccc2[C@H]3CC[C@@]4(C)[C@@H](CC[C@@]4(O)C#C)[C@@H]3CCc2c1,0
C[C@]12CC(=O)[C@H]3[C@@H](CCC4=CC(=O)C=C[C@]34C)[C@@H]1CC[C@]2(O)C(=O)CO,0
CS(=O)(=O)Nc1ccc(cc1Oc2ccccc2)[N+](=O)[O-],0
CC(=O)CC(C1=C(O)c2ccccc2OC1=O)c3ccccc3,0
Clc1ccccc1CN2CCc3sccc3C2,0
C[C@H]1O[C@H](C[C@H](O)[C@@H]1O)O[C@H]2[C@@H](O)C[C@H](O[C@H]3[C@@H](O)C[C@H](O[C@H]4CC[C@@]5(C)[C@H](CC[C@@H]6[C@@H]5C[C@@H](O)[C@]7(C)[C@H](CC[C@]67O)C8=CC(=O)OC8)C4)O[C@@H]3C)O[C@@H]2C,0
OCc1ccccc1,0
COc1ccccc1OCC(O)COC(=O)N,0
CC1(C)O[C@@H]2C[C@H]3[C@@H]4CCC5=CC(=O)CC[C@]5(C)[C@@]4(F)[C@@H](O)C[C@]3(C)[C@@]2(O1)C(=O)CCl,0
CN1N(C(=O)C=C1C)c2ccccc2,0
CCC(=C)C(=O)c1ccc(OCC(=O)O)c(Cl)c1Cl,0
CCCCC1=NC2(CCCC2)C(=O)N1Cc3ccc(cc3)c4ccccc4c5nn[nH]n5,0
CN1CCN(CC1)c2c(F)cc3C(=O)C(=CN(CCF)c3c2F)C(=O)O,0
CN1CCN(CC1)C2=Nc3cc(Cl)ccc3Nc4ccccc24,1
Cc1ccc(cc1)S(=O)(=O)NC(=O)NN2CCCCCC2,0
CN(C(=S)Oc1ccc2ccccc2c1)c3cccc(C)c3,0
CNCCCN1c2ccccc2CCc3ccccc13,0
Cc1ncc([N+](=O)[O-])n1CCO,0
CC#C[C@]1(O)CC[C@H]2[C@@H]3CCC4=CC(=O)CCC4=C3[C@H](C[C@]12C)c5ccc(cc5)N(C)C,0
C[C@@H]1O[C@@H](O[C@H]2C[C@@H](O)[C@]3(CO)[C@H]4[C@H](O)C[C@]5(C)[C@H](CC[C@]5(O)[C@@H]4CC[C@]3(O)C2)C6=CC(=O)OC6)[C@H](O)[C@H](O)[C@H]1O,0
CN1C(=O)N(C)c2ncn(CC(O)CO)c2C1=O,0
CCOC(=O)C1=C(C)NC(=C(C1c2cccc(Cl)c2Cl)C(=O)OC)C,0
CC(C)NC[C@H](O)COc1cccc2ccccc12,0
Clc1ccc(cc1)C(=O)NCCN2CCOCC2,0
CC1=CN([C@H]2C[C@H](N=[N+]=[N-])[C@@H](CO)O2)C(=O)NC1=O,0
CCCSc1ccc2nc(NC(=O)OC)[nH]c2c1,0
Nc1nc(F)nc2c1ncn2[C@@H]3O[C@H](CO)[C@@H](O)[C@@H]3O,0
CCOC(=O)C1=C(C)NC(=C(C1c2cccc(c2)[N+](=O)[O-])C(=O)OC)C,0
CC(C)NCC(O)COc1ccc(CC(=O)N)cc1,0
Nc1nc(N)c2nc(CNc3ccc(cc3)C(=O)N[C@@H](CCC(=O)O)C(=O)O)cnc2n1,0
Oc1c(I)cc(I)c2cccnc12,0
COc1ccc2[nH]cc(CCNC(=O)C)c2c1,0
CC(C)CC(N(C)C)C1(CCC1)c2ccc(Cl)cc2,0
CC(=O)OCC(COC(=O)C)OC(=O)C,0
Oc1c(Cl)cc(Cl)cc1Sc2cc(Cl)cc(Cl)c2O,0
C[C@]12CC[C@H]3[C@@H](CCC4=CC(=O)CC[C@H]34)[C@@H]1CC[C@@H]2O,0
NC(=O)N1c2ccccc2C=Cc3ccccc13,0
NCCCC(O)(P(=O)(O)O)P(=O)(O)O,0
CC(C)(C)NCC(O)COc1cccc2C[C@@H](O)[C@@H](O)Cc12,0
[Cl-].CN(C)c1ccc(cc1)C(=C2C=CC(=[N+](C)C)C=C2)c3ccc(cc3)N(C)C,1
CNC[C@H](O)c1ccc(O)c(O)c1,0
NC(=N)NCCCCNC(=N)N.OS(=O)(=O)O,0
CN(C)C(=N)NC(=N)N,0
CC1CC(CC(C)(C)C1)OC(=O)C(O)c2ccccc2,0
CC(=CCC\C(=C\CO)\C)C,0
CCC1(C)CC(=O)NC1=O,0
C[C@H]1OC=C2C(=C(C(=O)O)C(=O)C(=C2[C@@H]1C)C)O,0
CC(C)N1CCN(CC1)c2ccc(OC[C@H]3CO[C@@](Cn4cncn4)(O3)c5ccc(Cl)cc5Cl)cc2,0
OC(=O)c1cc(ccc1O)\N=N\c2ccc(cc2)S(=O)(=O)Nc3ccccn3,0
CC(CCc1ccccc1)NCC(O)c2ccc(O)c(c2)C(=O)N,0
CN1[C@@H]2CC[C@H]1C[C@H](C2)OC(c3ccccc3)c4ccccc4,0
Cc1ccc2cc3c(ccc4ccccc34)c5CCc1c25,0
CCN(CC)CCCC(C)Nc1c2ccc(Cl)cc2nc3ccc(OC)cc13,0
CN(C)[C@H]1[C@@H]2[C@@H](O)[C@H]3C(=C(O)[C@]2(O)C(=O)C(=C1O)C(=O)N)C(=O)c4c(O)cccc4[C@@]3(C)O,0
CNC1(CCCCC1=O)c2ccccc2Cl,0
CC(=O)[C@H]1[C@@H](C[C@H]2[C@@H]3CC=C4C[C@@H](O)CC[C@]4(C)[C@H]3CC[C@]12C)C#N,0
CC(C)NCC(O)COc1cccc2[nH]ccc12,0
ClCCN(N=O)C(=O)NC1CCCCC1,0
NS(=O)(=O)c1cc(C(=O)O)c(NCc2occc2)cc1Cl,0
Fc1ccc(cc1)C(=O)CCCN2CCC(=CC2)N3C(=O)Nc4ccccc34,1
CCCCC(=O)N(Cc1ccc(cc1)c2ccccc2c3nnn[nH]3)[C@@H](C(C)C)C(=O)O,0
OC(=O)c1cccnc1Nc2cccc(c2)C(F)(F)F,0
CC(C(=O)O)c1ccc(c(F)c1)c2ccccc2,0
CCN1C=C(C(=O)O)C(=O)c2cc(F)c(cc12)N3CCN(C)CC3,0
NS(=O)(=O)c1cc2c(NC(NS2(=O)=O)C(Cl)Cl)cc1Cl,0
OC(=O)c1ccccc1,0
C[C@]12C[C@H](O)[C@@]3(F)[C@@H](CCC4=CC(=O)C=C[C@]34C)[C@@H]1C[C@@H](O)[C@]2(O)C(=O)CO,0
CCN(CC)C(=O)N[C@@H]1CN(C)[C@@H]2Cc3c[nH]c4cccc(C2=C1)c34,1
CO[C@H]1\C=C\O[C@@]2(C)Oc3c(C)c(O)c4c(O)c(NC(=O)\C(=C/C=C/[C@H](C)[C@H](O)[C@@H](C)[C@@H](O)[C@@H](C)[C@H](OC(=O)C)[C@@H]1C)\C)c(\C=N\N5CCN(CC5)C6CCCC6)c(O)c4c3C2=O,0
Nc1nc(N)nc(n1)c2cc(Cl)ccc2Cl.OC(=O)\C=C/C(=O)O,0
ClCC(Cl)Cl,0
NC1=NC(=O)N(C=N1)[C@@H]2O[C@H](CO)[C@@H](O)[C@H]2O,0
CN(C)CCOC(c1ccccc1)c2ccccc2C,0
ClC(Cl)Cl,0
OC(Cc1cccnc1)(P(=O)(O)O)P(=O)(O)O,0
Nc1nc(O)c2ncn(COC(CO)CO)c2n1,0
C[C@@H]1CN(C[C@H](C)N1)c2c(F)c(N)c3C(=O)C(=CN(C4CC4)c3c2F)C(=O)O,0
Nc1ccc(cc1)S(=O)(=O)N,0
CNC(=C[N+](=O)[O-])NCCSCc1oc(CN(C)C)cc1,0
CC(C)C[C@H](NC(=O)[C@@H](O)[C@H](N)Cc1ccccc1)C(=O)O,0
CC1(C)[C@@H](N2[C@@H](CC2=O)S1(=O)=O)C(=O)O,0
COc1cc(CNC(=O)CCCC\C=C\C(C)C)ccc1O,0
CNCCC=C1c2ccccc2CCc3ccccc13,0
Oc1c(Cl)cc(Cl)cc1C(=O)Nc2ccc(Cl)c(Cl)c2,0
Clc1cccc(c1)N2CCN(CCCN3N=C4C=CC=CN4C3=O)CC2,0
CC1=C(CCN2CCC(CC2)c3noc4cc(F)ccc34)C(=O)N5CCCCC5=N1,1
C[C@@H](N)[C@@H]1CC[C@H](CC1)C(=O)Nc2ccncc2,0
C[N+](C)(C)CCOP(=O)([O-])OC[C@H](O)CO,0
CCC(=O)O[C@@]1([C@@H](C)C[C@H]2[C@@H]3CCC4=CC(=O)C=C[C@]4(C)[C@@]3(F)[C@@H](O)C[C@]12C)C(=O)CCl,0
COc1c(N2CCNC(C)C2)c(F)cc3C(=O)C(=CN(C4CC4)c13)C(=O)O,0
CC(C)C(Br)C(=O)NC(=O)N,0
ClC1=C(Cl)[C@@]2(Cl)[C@H]3[C@H]4C[C@H]([C@@H]5O[C@H]45)[C@H]3[C@]1(Cl)C2(Cl)Cl,0
Cc1c(O)cccc1C(=O)N[C@@H](CSc2ccccc2)[C@H](O)CN3C[C@H]4CCCC[C@H]4C[C@H]3C(=O)NC(C)(C)C,0
CC(C(=O)O)c1cccc(c1)C(=O)c2ccccc2,0
CN1CCN2C(C1)c3ccccc3Cc4ccccc24,0
CC(=O)Nc1nnc(s1)S(=O)(=O)N,0
CN(C)\N=N\c1[nH]cnc1C(=O)N,0
C[C@H]1C[C@@H]2[C@H](CC[C@@]3(C)[C@H]2CC[C@]3(O)C(=O)C)[C@@]4(C)CCC(=O)C=C14,0
OCCN1CCN(CCCN2c3ccccc3Sc4ccc(cc24)C(F)(F)F)CC1,1
CN1C[C@@H](C[C@H]2[C@H]1Cc3c[nH]c4cccc2c34)C(=O)N[C@]5(C)O[C@@]6(O)[C@@H]7CCCN7C(=O)[C@H](Cc8ccccc8)N6C5=O,1
N[C@@H]1[C@H]2CN(C[C@@H]12)c3nc4N(C=C(C(=O)O)C(=O)c4cc3F)c5ccc(F)cc5F,0
N[C@@H](CCC(=O)N[C@@H](CSSC[C@H](NC(=O)CC[C@H](N)C(=O)O)C(=O)NCC(=O)O)C(=O)NCC(=O)O)C(=O)O,0
CC[C@H]1CN2CCc3cc(OC)c(OC)cc3[C@@H]2C[C@@H]1C[C@H]4NCCc5cc(OC)c(OC)cc45,0
CC(=O)OCC(=O)[C@@]12OC(C)(C)O[C@@H]1C[C@H]3[C@@H]4C[C@H](F)C5=CC(=O)C=C[C@]5(C)[C@@]4(F)[C@@H](O)C[C@]23C,0
CC[C@@H](CO)NC(=O)[C@H]1CN(C)[C@@H]2Cc3c[nH]c4cccc(C2=C1)c34,1
CN(C)C=O,0
CCOC(=O)c1ccc(N)cc1,0
CCN1C[C@]2(COC)[C@H](O)C[C@@H](OC)[C@@]34[C@@H]5C[C@]6(O)[C@@H](OC)[C@H](O)[C@](OC(=O)C)([C@@H]([C@H](OC)[C@H]23)[C@@H]14)[C@H]5[C@H]6OC(=O)c7ccccc7,0
Nc1ccc(cc1)S(=O)(=O)Nc2ncccn2,0
CCN(CC)N=O,0
NC(=O)c1ncn(n1)[C@@H]2O[C@H](CO)[C@@H](O)[C@H]2O,0
CC\C(=C(\CC)/c1ccc(O)cc1)\c2ccc(O)cc2,1
CO[C@H]1[C@@H](C[C@@H]2CN3CCc4c([nH]c5cc(OC)ccc45)[C@H]3C[C@@H]2[C@@H]1C(=O)OC)OC(=O)c6cc(OC)c(OC)c(OC)c6,0
CC1Cc2ccccc2N1NC(=O)c3ccc(Cl)c(c3)S(=O)(=O)N,0
C\C(=C/c1ccccc1)\C=C\2/SC(=S)N(CC(=O)O)C2=O,0
[Cl-].COc1cc2CC[N+](C)(C)[C@@H]3Cc4ccc(O)c(Oc5cc6[C@H](Cc7ccc(Oc(c1O)c23)cc7)N(C)CCc6cc5OC)c4,0
NC(=O)N1C(=O)\C(=C(/O)\c2cccs2)\c3cc(Cl)ccc13,0
CN1C(=C(O)c2ccccc2S1(=O)=O)C(=O)Nc3ccccn3,0
CN1CCC(=C2c3ccccc3C=Cc4ccccc24)CC1,1
C[C@@H]1OC(=O)C[C@H](O)C[C@H](O)C[C@H](O)CC[C@@H](O)[C@H](O)C[C@]2(O)C[C@H](O)[C@H]([C@H](C[C@@H](O[C@H]3O[C@@H](C)[C@H](O)[C@@H](N)[C@H]3O)\C=C\C=C\C=C\C=C\CC\C=C\C=C\[C@H](C)[C@@H](O)[C@H]1C)O2)C(=O)O,0
CCCN1C[C@H](CSC)C[C@H]2[C@H]1Cc3c[nH]c4cccc2c34,1
OC(=O)Cc1ccc(cc1)c2ccccc2,0
OC(=O)c1cc(ccc1O)c2ccc(F)cc2F,0
C[N+](C)(C)C[C@H](O)CC(=O)[O-],0
CN(C)[C@H]1[C@@H]2C[C@H]3C(=C(O)[C@]2(O)C(=O)C(=C1O)C(=O)N)C(=O)c4c(O)cccc4[C@@]3(C)O,0
CC(=O)OCC(CCn1cnc2cnc(N)nc12)COC(=O)C,0
CCC[C@@H]1C[C@H](N(C)C1)C(=O)N[C@H]([C@H](C)Cl)[C@H]2O[C@H](SC)[C@H](O)[C@@H](O)[C@H]2O,0
Oc1cccc(O)c1O,0
NC(=O)C1CCN(CCCN2c3ccccc3Sc4ccc(Cl)cc24)CC1,1
N#Cc1ccc(cc1)C(c2ccc(cc2)C#N)n3cncn3,0
C[C@](O)(CS(=O)(=O)c1ccc(F)cc1)C(=O)Nc2ccc(C#N)c(c2)C(F)(F)F,0
OCC(=O)O,0
CN1CCN(CCCN2c3ccccc3Sc4ccc(cc24)C(F)(F)F)CC1,0
CC1Nc2cc(Cl)c(cc2C(=O)N1c3ccccc3C)S(=O)(=O)N,0
CN1C(=O)N(C)c2ncn(CC3OCCO3)c2C1=O,0
CNC(=O)Oc1ccc2N(C)[C@H]3N(C)CC[C@@]3(C)c2c1,0
NC[C@@H]1O[C@H](O[C@H]2[C@@H](O)[C@H](O[C@@H]3[C@@H](O)[C@H](N)C[C@H](N)[C@H]3O[C@H]4O[C@H](CN)[C@@H](O)[C@H](O)[C@H]4N)O[C@@H]2CO)[C@H](N)[C@@H](O)[C@@H]1O,0
CN(CCOc1ccc(C[C@H](Nc2ccccc2C(=O)c3ccccc3)C(=O)O)cc1)c4ccccn4,0
[Br-].CCC(C)C(C(=O)OCC[N+](C)(CC)CC)c1ccccc1,0
COc1c(C)c2COC(=O)c2c(O)c1C\C=C(/C)\CCC(=O)OCCN3CCOCC3,0
OC(=O)CCNC(=O)c1ccc(cc1)\N=N\c2ccc(O)c(c2)C(=O)O,0
CC(C)CN(C[C@@H](O)[C@H](Cc1ccccc1)NC(=O)O[C@H]2CCOC2)S(=O)(=O)c3ccc(N)cc3,0
COc1cc2nc(nc(N)c2cc1OC)N3CCN(CC3)C(=O)C4COc5ccccc5O4,0
Nc1nc2ccc(OC(F)(F)F)cc2s1,0
C(\C=C\c1ccccc1)N2CCN(CC2)C(c3ccccc3)c4ccccc4,1
CCN1C=C(C(=O)O)C(=O)c2cc(F)c(cc12)N3CCNCC3,0
CO[C@]12[C@H]3N[C@H]3CN1C4=C([C@H]2COC(=O)N)C(=O)C(=C(C)C4=O)N,0
CC(C)(C)NC(=O)[C@@H]1CN(Cc2cccnc2)CCN1C[C@@H](O)C[C@@H](Cc3ccccc3)C(=O)N[C@@H]4[C@H](O)Cc5ccccc45,0
CCCC1=CC(=O)NC(=S)N1,0
CC1CCC(CC1)NC(=O)N(CCCl)N=O,0
CC12CCC(CC1)C(C)(C)O2,0
[O-][N+](=O)c1ccc2NC(=O)CN=C(c3ccccc3)c2c1,0
COC(=O)c1ccccc1O,0
[Cl-].[Cl-].[Mn+2],0
CC(C)[C@@H](C)\C=C\[C@@H](C)[C@H]1CC[C@H]2\C(=C\C=C/3\C[C@@H](O)CCC3=C)\CCC[C@]12C,0
CO[C@H]1[C@H](O)CC(=O)O[C@H](C)C\C=C\C=C\[C@H](O)[C@H](C)C[C@H](CC=O)[C@@H]1O[C@@H]2O[C@H](C)[C@@H](O[C@H]3C[C@@](C)(O)[C@@H](OC(=O)CC(C)C)[C@H](C)O3)[C@@H]([C@H]2O)N(C)C,0
CC(=O)O[C@]1(CC[C@H]2[C@@H]3CCC4=CC(=O)CC[C@@H]4[C@H]3CC[C@]12C)C#C,0
Oc1ccc(C=C(C#N)C#N)cc1O,0
CC1(C)S[C@@H]2[C@H](NC(=O)[C@H](N)c3ccc(O)cc3)C(=O)N2[C@H]1C(=O)O,0
CC(C)(S)[C@@H](N)C(=O)O,0
CC(C)Oc1ccc2C(=O)C(=COc2c1)c3ccccc3,0
CCCOc1ccc(cc1N)C(=O)OCCN(CC)CC,0
COCCCOc1ccnc(C[S+]([O-])c2nc3ccccc3[nH]2)c1C,0
CC(C)(C)c1ccc(cc1)C(=O)CCCN2CCC(CC2)OC(c3ccccc3)c4ccccc4,1
CC[C@H]([C@H]1CC[C@H](C)[C@@H](O1)[C@@H](C)[C@H](O)[C@H](C)C(=O)[C@H](CC)[C@H]2O[C@@]3(O[C@@]4(CC[C@](C)(O4)[C@H]5CC[C@](O)(CC)[C@H](C)O5)[C@H](O)C=C3)[C@H](C)C[C@@H]2C)C(=O)O,0
CC(C)C[C@@H]1N2C(=O)[C@](NC(=O)[C@H]3CN(C)[C@@H]4Cc5c(Br)[nH]c6cccc(C4=C3)c56)(O[C@@]2(O)[C@@H]7CCCN7C1=O)C(C)C,1
CC(C)(C(=O)c1cccnc1)c2cccnc2,0
CC(=O)O[C@H]1CC[C@@H]2[C@H]3CC[C@@]4(C)[C@@H](CC[C@@]4(OC(=O)C)C#C)[C@@H]3CCC2=C1,0
CC(N)C(=O)Nc1c(C)cccc1C,0
CC(C)(C)NC(=O)[C@@H]1C[C@@H]2CCCC[C@@H]2CN1C[C@@H](O)[C@H](Cc3ccccc3)NC(=O)[C@H](CC(=O)N)NC(=O)c4ccc5ccccc5n4,0
Brc1c(NC2=NCCN2)ccc3nccnc13,0
CC(=O)OC[C@H]1O[C@H]([C@H](OC(=O)C)[C@@H]1OC(=O)C)N2N=CC(=O)NC2=O,0
CCN(CC)CCOC(=O)C1(CCCCC1)C2CCCCC2,0
[Na+].[O-]S(=O)(=O)CCS,0
Cc1ccc(cc1)c2cc(nn2c3ccc(cc3)S(=O)(=O)N)C(F)(F)F,0
CC1=NN(C(=O)C1)c2ccccc2,0
FC1=CNC(=O)NC1=O,0
Cc1cc(c(O)c(C)c1CC2=NCCN2)C(C)(C)C,0
CSc1ccc(\C=C/2\C(=C(CC(=O)O)c3cc(F)ccc23)C)cc1,0
COC(=O)C1=C(C)NC(=C(C1c2ccccc2[N+](=O)[O-])C(=O)OC)C,0
C[C@@H]1OC(=O)C[C@H](O)C[C@H](O)CC[C@@H](O)[C@H](O)C[C@H](O)C[C@]2(O)C[C@H](O)[C@H]([C@H](C[C@@H](O[C@@H]3O[C@H](C)[C@@H](O)[C@H](N)[C@@H]3O)\C=C\C=C\C=C\C=C\C=C\C=C\C=C\[C@H](C)[C@@H](O)[C@H]1C)O2)C(=O)O,0
CC1=CC(=O)Oc2c(C)c3oc(C)cc3cc12,0
NC(=Nc1nc(CSCC\C(=N\S(=O)(=O)N)\N)cs1)N,0
COc1ccccc1N,0
CC(N(O)C(=O)N)c1cc2ccccc2s1,0
N[C@@H](Cc1ccc(cc1)N(CCCl)CCCl)C(=O)O,0
CCCCOc1cc(CC2CNC(=O)N2)ccc1OC,0
OCCN1CCN(CCCN2c3ccccc3Sc4ccc(Cl)cc24)CC1,0
CC(=O)Nc1c(I)c(NC(=O)C)c(I)c(C(=O)O)c1I,0
COc1cc2OC[C@H]3Oc4c5C[C@@H](Oc5ccc4C(=O)[C@H]3c2cc1OC)C(=C)C,0
C[C@]1(O)CC[C@H]2[C@@H]3CC[C@H]4CC(=O)\C(=C/O)\C[C@]4(C)[C@H]3CC[C@]12C,0
OC1=NC(=O)C(N1)(c2ccccc2)c3ccccc3,0
CC[C@@H](CO)NC(=O)[C@H]1CN(C)[C@@H]2Cc3cn(C)c4cccc(C2=C1)c34,1
CC(O)(P(=O)(O)O)P(=O)(O)O,0
Oc1cc(cc(O)c1O)C(=O)Oc2cc(cc(O)c2O)C(=O)OC[C@H]3O[C@@H](OC(=O)c4cc(O)c(O)c(OC(=O)c5cc(O)c(O)c(O)c5)c4)[C@H](OC(=O)c6cc(O)c(O)c(OC(=O)c7cc(O)c(O)c(O)c7)c6)[C@@H](OC(=O)c8cc(O)c(O)c(OC(=O)c9cc(O)c(O)c(O)c9)c8)[C@@H]3OC(=O)c%10cc(O)c(O)c(OC(=O)c%11cc(O)c(O)c(O)c%11)c%10,0
Cc1nnc(NS(=O)(=O)c2ccc(N)cc2)s1,0
CNC(=C[N+](=O)[O-])NCCSCc1csc(CN(C)C)n1,0
CCOC(=O)[C@H](CCc1ccccc1)N[C@@H](C)C(=O)N2CCC[C@H]2C(=O)O,0
C[C@]12CC[C@H]3[C@@H](CCc4cc(O)ccc34)[C@@H]1CC[C@@]2(O)C#C,0
c1ccc2c(c1)cc3ccc4cccc5ccc2c3c45,0
CCCC[C@@H](CC)COC(=O)c1ccccc1C(=O)OC[C@@H](CC)CCCC,0
NC(=O)N1c2ccccc2CCc3ccccc13,0
Nc1ccc(Cc2ccc(N)cc2)cc1,0
OCC=C,0
CC(C)Cn1cnc2c(N)nc3ccccc3c12,0
COC(=O)Nc1nc2cc(ccc2[nH]1)C(=O)c3ccc(F)cc3,0
Oc1ccc(OCc2ccccc2)cc1,0
CCCCN1CCCC[C@H]1C(=O)Nc2c(C)cccc2C,0
CCN(CC)C(=S)SSC(=S)N(CC)CC,1
CCCCOc1ccc(OCCCN2CCOCC2)cc1,0
COc1cc(NC(C)CCCN)c2ncccc2c1,0
NC(=N)N\N=C\c1c(Cl)cccc1Cl,0
C[C@H]1O[C@H]([C@H](O)[C@@H]1O)N2C=C(F)C(=O)NC2=O,0
OC(=O)C1=CN(C2CC2)c3cc(N4CCNCC4)c(F)cc3C1=O,0
NNc1ccccc1,0
CCOC(=O)N1CCC(=C2c3ccc(Cl)cc3CCc4cccnc24)CC1,0
CC1(C)O[C@@H]2C[C@H]3[C@@H]4C[C@H](F)C5=CC(=O)CC[C@]5(C)[C@H]4[C@@H](O)C[C@]3(C)[C@@]2(O1)C(=O)CO,0
CCN(C(=O)C)c1cccc(c1)c2ccnc3c(cnn23)C#N,0
OC1N=C(c2ccccc2Cl)c3cc(Cl)ccc3NC1=O,0
CC[C@H](C)[C@H]1O[C@@]2(C[C@@H]3C[C@@H](C\C=C(/C)\[C@@H](O[C@H]4C[C@H](OC)[C@@H](O[C@H]5C[C@H](OC)[C@@H](O)[C@H](C)O5)[C@H](C)O4)[C@@H](C)\C=C\C=C\6/CO[C@@H]7[C@H](O)C(=C[C@@H](C(=O)O3)[C@]67O)C)O2)C=C[C@@H]1C.CO[C@H]8C[C@H](O[C@H]9[C@H](C)O[C@H](C[C@@H]9OC)O[C@H]%10[C@@H](C)\C=C\C=C\%11/CO[C@@H]%12[C@H](O)C(=C[C@@H](C(=O)O[C@H]%13C[C@@H](C\C=C\%10/C)O[C@@]%14(C%13)O[C@H](C(C)C)[C@@H](C)C=C%14)[C@]%11%12O)C)O[C@@H](C)[C@@H]8O,0
Oc1ccc(cc1)C2=COc3cc(O)cc(O)c3C2=O,0
CC(C)c1c(C(=O)Nc2ccccc2)c(c3ccccc3)c(c4ccc(F)cc4)n1CC[C@@H](O)C[C@@H](O)CC(=O)O,0
C[C@H]([C@](O)(Cn1cncn1)c2ccc(F)cc2F)S(=O)(=O)C,0
C[C@@H]1CC[C@H]2[C@@H](C)C(=O)O[C@@H]3O[C@]4(C)CC[C@@H]1[C@@]23OO4,0
OC(=O)C1=CN(c2ccc(F)cc2)c3cc(N4CCNCC4)c(F)cc3C1=O,0
ClCCNC(=O)N(CCCl)N=O,0
CC(C)(Oc1ccc(cc1)C2CCCc3ccccc23)C(=O)O,0
CC(C)(C)c1ccc(cc1)C(O)CCCN2CCC(CC2)C(O)(c3ccccc3)c4ccccc4,1
NC(=O)C[S+]([O-])C(c1ccccc1)c2ccccc2,0
CC\C(=C(/c1ccccc1)\c2ccc(OCCN(C)C)cc2)\c3ccccc3,1
C[C@H]1COc2c(N3CCN(C)CC3)c(F)cc4C(=O)C(=CN1c24)C(=O)O,0
Nc1nc(Cl)nc2c1ncn2[C@H]3C[C@H](O)[C@@H](CO)O3,0
CN(C)CCN(Cc1cccs1)c2ccccn2,0
COc1ccc(cc1)C(CN(C)C)C2(O)CCCCC2,0
COc1ccc(Cc2nccc3cc(OC)c(OC)cc23)cc1OC,0
CS(=O)(=O)c1ccc(cc1)[C@@H](O)[C@@H](CO)NC(=O)C(Cl)Cl,0
CNNCc1ccc(cc1)C(=O)NC(C)C,0
CN1C(=O)OC(C)(C)C1=O,0
CCC(C)(C)C(=O)O[C@H]1C[C@@H](C)C=C2C=C[C@H](C)[C@H](CC[C@@H]3C[C@@H](O)CC(=O)O3)[C@@H]12,0
CC(C)(Oc1ccc(cc1)C2CC2(Cl)Cl)C(=O)O,0
CN1C(=O)N(C)c2nc[nH]c2C1=O.CN3C(=O)N(C)c4nc[nH]c4C3=O.NCCN,0
NC1CCN(C1)c2nc3N(C=C(C(=O)O)C(=O)c3cc2F)c4ccc(F)cc4F,0
CCC1(C(=O)NC(=O)NC1=O)c2ccccc2,0
O=C1C(C(=O)c2ccccc12)c3ccccc3,0
CC[C@@H]1NC(=O)[C@H]([C@H](O)[C@H](C)C\C=C\C)N(C)C(=O)[C@H](C(C)C)N(C)C(=O)[C@H](CC(C)C)N(C)C(=O)[C@H](CC(C)C)N(C)C(=O)[C@@H](C)NC(=O)[C@H](C)NC(=O)[C@H](CC(C)C)N(C)C(=O)[C@@H](NC(=O)[C@H](CC(C)C)N(C)C(=O)CN(C)C1=O)C(C)C,0
OC[C@H]1O[C@@H]2O[C@H]3[C@H](O)[C@@H](O)[C@H](O[C@@H]3CO)O[C@H]4[C@H](O)[C@@H](O)[C@H](O[C@@H]4CO)O[C@H]5[C@H](O)[C@@H](O)C(O[C@@H]5CO)OC6[C@H](O)[C@@H](O)C(O[C@@H]6CO)C7[C@H](O)[C@@H](O)C(O[C@@H]7CO)O[C@H]8[C@H](O)[C@@H](O)[C@H](O[C@@H]8CO)O[C@H]9[C@H](O)[C@@H](O)[C@H](O[C@@H]9CO)O[C@H]1[C@H](O)[C@H]2O,0
Cc1noc(NS(=O)(=O)c2ccc(N)cc2)c1C,0
C[C@H](C(=O)O)c1ccc2oc(nc2c1)c3ccc(F)cc3,0
CC(C)c1cccc(C(C)C)c1O,0
CCOC(=O)[C@H](CCc1ccccc1)N[C@H]2CCc3ccccc3N(CC(=O)O)C2=O,0
Cc1cn[nH]c1,0
[Br-].CC(O)[C@H](NC(=O)[C@@H](C)[C@@H](O)[C@@H](C)NC(=O)[C@@H](NC(=O)c1cc(N)nc(n1)C(CC(=O)N)NCC(N)C(=O)N)C(O[C@@H]2O[C@@H](CO)[C@@H](O)[C@H](O)[C@@H]2O[C@H]3O[C@H](CO)[C@@H](O)[C@H](OC(=O)N)[C@@H]3O)c4c[nH]cn4)C(=O)NCCc5nc(cs5)c6nc(cs6)C(=O)NCCC[S+](C)C,0
CN1CCN(CC1)C(c2ccccc2)c3ccccc3,0
CN(C)CCCN1c2ccccc2CCc3ccc(Cl)cc13,1
NC(=O)c1ccccc1O,0
COc1cc(NS(=O)(=O)c2ccc(N)cc2)nc(OC)n1,0
CC1=C(CC(=O)O)c2cc(F)ccc2/C/1=C\c3ccc(cc3)S(=O)(=O)C,0
Clc1ccc(CO\N=C(/Cn2ccnc2)\c3ccc(Cl)cc3Cl)c(Cl)c1,0
CC(C)(C)c1cc(SC(C)(C)Sc2cc(c(O)c(c2)C(C)(C)C)C(C)(C)C)cc(c1O)C(C)(C)C,0
NCC[C@H](O)C(=O)N[C@@H]1C[C@H](N)[C@@H](O[C@H]2O[C@H](CN)[C@@H](O)[C@H](O)[C@H]2O)[C@H](O)[C@H]1O[C@H]3O[C@H](CO)[C@@H](O)[C@H](N)[C@H]3O,0
COC(=O)Nc1nc2ccc(cc2[nH]1)C(=O)c3ccccc3,0
CC(=O)O[C@@]1(CC[C@H]2[C@@H]3C=C(Cl)C4=CC(=O)CC[C@]4(C)[C@H]3CC[C@]12C)C(=O)C,0
CN[C@H]1CC[C@@H](c2ccc(Cl)c(Cl)c2)c3ccccc13,0
S=C=Nc1cccc2ccccc12,0
CC(C(=O)O)c1ccc(CC2CCCC2=O)cc1,0
CC1=C(N2[C@H](SC1)[C@H](NC(=O)[C@H](N)c3ccccc3)C2=O)C(=O)O,0
CN1C2CCCC1CC(C2)NC(=O)c3nn(C)c4ccccc34,0
CCN1CC(CCN2CCOCC2)C(C1=O)(c3ccccc3)c4ccccc4,0
CCN(CC)CC(=O)Nc1c(C)cccc1C,0
C[C@H]1C[C@H](C)C(=O)[C@@H](C1)[C@H](O)CC2CC(=O)NC(=O)C2,0
CN1CCCC(CN2c3ccccc3Sc4ccccc24)C1,0
CC(C)CCC[C@@H](C)[C@H]1CC[C@H]2\C(=C\C=C/3\C[C@@H](O)CCC3=C)\CCC[C@]12C,0
CN1C=CNC1=S,0
OC1(CCN(CCCC(=O)c2ccc(F)cc2)CC1)c3ccc(Cl)cc3,1
CCCNCC(O)COc1ccccc1C(=O)CCc2ccccc2,0
CCCCNc1ccc(cc1)C(=O)OCCN(C)C,0
NC1=NC(=O)C(O1)c2ccccc2,0
OC[C@H]1O[C@@H](OC[C@H]2O[C@@H](O[C@@H](C#N)c3ccccc3)[C@H](O)[C@@H](O)[C@@H]2O)[C@H](O)[C@@H](O)[C@@H]1O,0
N1c2ccccc2Sc3ccccc13,0
CCCCCC[C@@H]1[C@@H](OC(=O)CC(C)C)[C@H](C)OC(=O)[C@@H](NC(=O)c2cccc(NC=O)c2O)[C@@H](C)OC1=O,0
Oc1ccccc1O,0
COc1ccc(Cl)cc1C(=O)NCCc2ccc(cc2)S(=O)(=O)NC(=O)NC3CCCCC3,0
NC1=Nc2[nH]cnc2C(=S)N1,0
OCCNCCNc1ccc(NCCNCCO)c2C(=O)c3c(O)ccc(O)c3C(=O)c12,0
Cc1c(OCC(F)(F)F)ccnc1C[S+]([O-])c2nc3ccccc3[nH]2,0
CO[C@H]1C[C@@H](O[C@H]2C[C@@H](O[C@H]2[C@]3(C)CC[C@@H](O3)[C@]4(C)CC[C@]5(C[C@H](O)[C@@H](C)[C@H](O5)[C@@H](C)[C@@H]6O[C@](O)(CC(=O)O)[C@@H](C)[C@H](OC)[C@H]6OC)O4)[C@H]7O[C@](C)(O)[C@H](C)C[C@@H]7C)O[C@@H](C)[C@@H]1OC,1
CC(C)(C)NCC(O)c1cc(O)cc(O)c1,0
CC[C@H]1OC(=O)[C@H](C)[C@@H](O[C@H]2C[C@@](C)(OC)[C@@H](O)[C@H](C)O2)[C@H](C)[C@@H](O[C@@H]3O[C@H](C)C[C@@H]([C@H]3O)N(C)C)[C@](C)(O)C[C@@H](C)CN(C)[C@H](C)[C@@H](O)[C@]1(C)O,0
CC(=O)Nc1cccc(O)c1,0
ClC(=C)Cl,0
CCCc1nn(C)c2C(=O)NC(=Nc12)c3cc(ccc3OCC)S(=O)(=O)N4CCN(C)CC4,0
CC1(C)O[C@@H]2C[C@H]3[C@@H]4C[C@H](F)C5=CC(=O)C=C[C@]5(C)[C@@]4(F)[C@@H](O)C[C@]3(C)[C@@]2(O1)C(=O)CO,0
CN[C@@H]1[C@@H](O)[C@@H](O[C@H]2[C@H](N)C[C@H](N)[C@@H](O[C@H]3OC(=CC[C@H]3N)CN)[C@@H]2O)OC[C@]1(C)O,0
ClCCN(CCCl)P1(=O)NCCCO1,0
Cc1ccc(Cl)c(Nc2ccccc2C(=O)O)c1Cl,0
CNC1=Nc2ccc(Cl)cc2C(=[N+]([O-])C1)c3ccccc3,0
CN(C)CCCC1(OCc2cc(ccc12)C#N)c3ccc(F)cc3,0
CC1=C(C=C(C#N)C(=O)N1)c2ccncc2,0
CCOc1nc2cccc(C(=O)O)c2n1Cc3ccc(cc3)c4ccccc4c5nnn[nH]5,0
Nc1ccc(cc1)S(=O)(=O)Nc2nccs2,0
COc1cccc2C(=O)c3c(O)c4C[C@](O)(C[C@H](O[C@H]5C[C@H](N)[C@@H](O)[C@H](C)O5)c4c(O)c3C(=O)c12)C(=O)CO,0
N[C@@H](CN1C=CC(=O)C(=C1)O)C(=O)O,0
CC(=O)Nc1ccc2c(Cc3ccccc23)c1,0
CCc1cccc2c3CCOC(CC)(CC(=O)O)c3[nH]c12,0
COC(=O)Nc1nc2ccc(Sc3ccccc3)cc2[nH]1,0
