smiles,label
CC(C)NCC(O)COc1cccc2ccccc12,0
CC[C@H]1OC(=O)[C@H](C)[C@@H](O[C@H]2C[C@@](C)(OC)[C@@H](O)[C@H](C)O2)[C@H](C)[C@@H](O[C@@H]3O[C@H](C)C[C@@H]([C@H]3O)N(C)C)[C@](C)(O)C[C@@H](C)C(=O)[C@H](C)[C@@H](O)[C@]1(C)O,0
COc1ccc2c(c1)c(CC(=O)O)c(C)n2C(=O)c3ccc(Cl)cc3,0
CCCCCCCCCc1ccc(O)cc1,0
CNCCC(Oc1ccc(cc1)C(F)(F)F)c2ccccc2,0
CC(O)COC[C@@H]1OC[C@H]2O[C@@H]3[C@@H](O)[C@H](O)[C@@H](O[C@H]3COCC(C)O)O[C@@H]4[C@@H](O)[C@H](O)[C@@H](O[C@H]4COCC(C)O)O[C@@H]5[C@@H](O)[C@H](O)[C@@H](O[C@H]5COCC(C)O)O[C@@H]6[C@@H](O)[C@H](O)[C@@H](O[C@H]6COCC(C)O)O[C@@H]7[C@@H](O)[C@H](O)[C@@H](O[C@H]7COCC(C)O)O[C@@H]8[C@@H](O)[C@H](O)[C@@H](O[C@H]8COCC(C)O)O[C@@H]9[C@@H](O)[C@H](O)[C@@H](O[C@H]9COCC(C)O)O[C@@H]1[C@H]2O,0
OC(=O)c1cccnc1,0
Nc1nc(O)c2ncn(CCC(CO)CO)c2n1,0
CC(=O)[C@@]1(O)CC[C@H]2[C@@H]3CCC4=CC(=O)CC[C@]4(C)[C@H]3CC[C@]12C,0
CN1CCN(CC1)C2=Nc3ccccc3Nc4sc(C)cc24,1
COc1cc(\C=C\C(=O)O)ccc1O,0
CC1=C(Oc2c(cccc2C1=O)C(=O)OCCN3CCCCC3)c4ccccc4,0
CC(C)(C)c1ccc(cc1)S(=O)(=O)\C=C\C#N,0
C[C@@H]1O[C@H](C[C@H](N)[C@@H]1O)O[C@H]2C[C@@](O)(Cc3c(O)c4C(=O)c5ccccc5C(=O)c4c(O)c23)C(=O)C,0
CN(N=O)C(=O)N[C@H]1C(O)O[C@H](CO)[C@@H](O)[C@@H]1O,0
COc1ncnc(NS(=O)(=O)c2ccc(N)cc2)c1OC,0
Cc1ccc(cc1)C(=O)c2ccc(CC(=O)O)n2C,0
NC1=C(F)C=NC(=O)N1,0
NC1=NC(=O)N(C=C1)[C@@H]2O[C@H](CO)[C@@H](O)C2(F)F,0
Cc1ccc(cc1)N(CC2=NCCN2)c3cccc(O)c3,0
CC[C@H](C)[C@H](N)C1=N[C@@H](CS1)C(=O)N[C@@H](CC(C)C)C(=O)N[C@H](CCC(=O)O)C(=O)N[C@@H]([C@@H](C)CC)C(=O)N[C@H]2CCCCNC(=O)[C@H](CC(=O)N)NC(=O)[C@@H](CC(=O)O)NC(=O)[C@H](Cc3cnc[nH]3)NC(=O)[C@@H](Cc4ccccc4)NC(=O)[C@@H](NC(=O)[C@@H](CCCN)NC2=O)[C@@H](C)CC,0
Br.CN1[C@@H]2CC[C@H]1C[C@H](C2)OC(=O)C(O)c3ccccc3,0
C[C@H]1C[C@@H]2[C@H](CC[C@@]3(C)[C@H]2CC[C@]3(OC(=O)C)C(=O)C)[C@@]4(C)CCC(=O)C=C14,0
OCCOCCN1CCN(CC1)C2=Nc3ccccc3Sc4ccccc24,1
COc1c2OC(=O)C=Cc2cc3ccoc13,0
NC(=N)NCCN1CCCCCCC1,0
C[C@@H]1C[C@H]2[C@@H]3CCC4=CC(=O)C=C[C@]4(C)[C@@]3(F)[C@@H](O)C[C@]2(C)[C@@]1(O)C(=O)CO,0
Cc1cnc(cn1)C(=O)NCCc2ccc(cc2)S(=O)(=O)NC(=O)NC3CCCCC3,0
CCCC(C)C1(CC=C)C(=O)NC(=O)NC1=O,0
C[C@@H](CO)NC(=O)[C@H]1CN(C)[C@@H]2Cc3c[nH]c4cccc(C2=C1)c34,1
CN[C@H](CC(C)C)C(=O)N[C@@H]1[C@H](O)c2ccc(Oc3cc4cc(Oc5ccc(cc5Cl)[C@@H](O)[C@@H]6NC(=O)[C@H](NC(=O)[C@@H]4NC(=O)[C@H](CC(=O)N)NC1=O)c7ccc(O)c(c7)c8c(O)cc(O)cc8[C@H](NC6=O)C(=O)O)c3O[C@@H]9O[C@H](CO)[C@@H](O)[C@H](O)[C@H]9O[C@H]%10C[C@](C)(N)[C@H](O)[C@H](C)O%10)c(Cl)c2,0
Clc1ccc2C(=C3CCNCC3)c4ncccc4CCc2c1,0
C[S+]([O-])c1ccc(cc1)c2nc(c3ccc(F)cc3)c([nH]2)c4ccncc4,0
NNc1nncc2ccccc12,0
CC(C)(O)c1ccccc1CC[C@@H](SCC2(CC(=O)O)CC2)c3cccc(\C=C\c4ccc5ccc(Cl)cc5n4)c3,0
CC(C)[C@H]1NC(=O)[C@@H](NC(=O)C2=C(N)C(=O)C(=C3Oc4c(C)ccc(C(=O)N[C@H]5[C@@H](C)OC(=O)[C@H](C(C)C)N(C)C(=O)CN(C)C(=O)[C@@H]6CCCN6C(=O)[C@H](NC5=O)C(C)C)c4N=C23)C)[C@@H](C)OC(=O)[C@H](C(C)C)N(C)C(=O)CN(C)C(=O)[C@@H]7CCCN7C1=O,0
OC(=O)C1CCn2c1ccc2C(=O)c3ccccc3,0
CCCN(CCC)S(=O)(=O)c1ccc(cc1)C(=O)O,0
C[C@@H]1C\C=C\C=C\C=C\C=C\[C@@H](C[C@@H]2O[C@](O)(C[C@@H](O)C[C@H]3O[C@@H]3\C=C\C(=O)O1)C[C@H](O)[C@H]2C(=O)O)O[C@@H]4O[C@H](C)[C@@H](O)[C@H](N)[C@@H]4O,0
OC(=O)CCCc1ccc(cc1)N(CCCl)CCCl,0
CN(C)C(=O)Oc1cc(OC(=O)N(C)C)cc(c1)C(O)CNC(C)(C)C,0
Cc1onc(O)c1CC(N)C(=O)O,0
OC[C@H](O)[C@H]1OC(=O)C(=C1O)O,0
C[C@]12CC[C@H]3[C@@H](CCc4cc(OC(=O)c5ccccc5)ccc34)[C@@H]1CC[C@@H]2O,0
Fc1ccc(SC2=NN3C=NC(=O)C(=C3C=C2)c4c(Cl)cccc4Cl)c(F)c1,0
O=C1Nc2ccccc2c3ccccc13,0
O=C1CC[C@@H](N2C(=O)c3ccccc3C2=O)C(=O)N1,0
[Na+].CN(CS(=O)(=O)[O-])C1=C(C)N(C)N(C1=O)c2ccccc2,0
CCN1C=C(C(=O)O)C(=O)c2cc(F)c(nc12)N3CCNCC3,0
CN1C(=O)CN=C(c2ccccc2)c3cc(ccc13)[N+](=O)[O-],0
Oc1cccc2cccnc12,0
N=C(Nc1ccccc1)Nc2ccccc2,0
Cc1onc(c2ccccc2)c1c3ccc(cc3)S(=O)(=O)N,0
NCC1(CC(=O)O)CCCCC1,0
CN(C)C(=O)C(CCN1CCC(O)(CC1)c2ccc(Cl)cc2)(c3ccccc3)c4ccccc4,0
CN(C)CCC=C1c2ccccc2CCc3ccccc13,1
COc1ccc(CN2CCNCC2)c(OC)c1OC,0
CCOc1cc(N)c(Cl)cc1C(=O)NCC2CN(Cc3ccc(F)cc3)CCO2,0
C[C@H]1O[C@H](O[C@H]2[C@H](O)[C@@H](O)[C@@H](O[C@H]3[C@H](O)[C@@H](O)[C@H](O)O[C@@H]3CO)O[C@@H]2CO)[C@H](O)[C@@H](O)[C@@H]1N[C@H]4C=C(CO)[C@@H](O)[C@H](O)[C@H]4O,0
CC[C@@H](CO)NCCN[C@@H](CC)CO,0
COC1=CC=C2C(=CC1=O)[C@H](CCc3cc(OC)c(OC)c(OC)c23)NC(=O)C,0
OC(Cn1cncn1)(Cn2cncn2)c3ccc(F)cc3F,0
[K+].[K+].CC(C)CC(=O)O[C@H]1[C@H](O[C@@H]2C[C@H]([C@H]3CC[C@@]45C[C@@H](CCC4[C@]3(C)C2)C(=C)[C@H]5O)C(=O)O)O[C@H](CO)[C@@H](OS(=O)(=O)[O-])[C@@H]1OS(=O)(=O)[O-],0
C[C@H]1C[C@H]2[C@@H]3CCC4=CC(=O)C=C[C@]4(C)[C@@]3(F)[C@@H](O)C[C@]2(C)[C@@]1(O)C(=O)CO,0
COC(=O)Nc1nc2cc(ccc2[nH]1)[S+]([O-])c3ccccc3,0
Nc1c(CC(=O)O)cccc1C(=O)c2ccc(Br)cc2,0
N[C@H](CSC(=S)NCc1ccccc1)C(=O)O,0
CN(C)CCCN1c2ccccc2Sc3ccc(Cl)cc13,1
CC(C)C[C@@H]1N2C(=O)[C@](NC(=O)[C@H]3CN(C)[C@@H]4Cc5c[nH]c6cccc(C4=C3)c56)(O[C@@]2(O)[C@@H]7CCCN7C1=O)C(C)C,1
CCN(CC)CC#CCOC(=O)C(O)(C1CCCCC1)c2ccccc2,0
NS(=O)(=O)c1cc2c(NCNS2(=O)=O)cc1Cl,0
Oc1ccc(cc1)c2sc3cc(O)ccc3c2C(=O)c4ccc(OCCN5CCCCC5)cc4,1
C[C@@H](O)[C@H](CO)NC(=O)[C@@H]1CSSC[C@H](NC(=O)[C@H](N)Cc2ccccc2)C(=O)N[C@@H](Cc3ccccc3)C(=O)N[C@H](Cc4c[nH]c5ccccc45)C(=O)N[C@@H](CCCCN)C(=O)N[C@@H]([C@@H](C)O)C(=O)N1,0
CC(C)(C)NC[C@H](O)COc1nsnc1N2CCOCC2,0
CC(N)C12CC3CC(CC(C3)C1)C2,0
CN(Cc1ccc(cc1)C(C)(C)C)Cc2cccc3ccccc23,0
CC(=N)S,0
[O-][N+](=O)c1ccc2NC(=O)CN=C(c3ccccc3Cl)c2c1,0
CC(C(=O)O)c1ccc2oc(nc2c1)c3ccc(Cl)cc3,0
NNCCc1ccccc1,0
COc1cccc2C(=O)c3c(O)c4C[C@](O)(C[C@H](O[C@H]5C[C@H](N)[C@H](O)[C@H](C)O5)c4c(O)c3C(=O)c12)C(=O)C,0
Nn1nnc2ccccc12,0
Cc1ccccc1N2CCN(CCc3nnc4CCCCn34)CC2,0
CC(C)NC(=O)NS(=O)(=O)c1cnccc1Nc2cccc(C)c2,0
CC(CN1c2ccccc2Sc3ccccc13)N(C)C,1
CC(C)NCC(O)c1ccc(O)c(O)c1,0
COc1cc(\C=C/C)ccc1O,0
COc1cc(ccc1Cc2cn(C)c3ccc(NC(=O)OC4CCCC4)cc23)C(=O)NS(=O)(=O)c5ccccc5C,0
OC(=O)Cc1ccccc1Nc2c(Cl)cccc2Cl,0
CN1C(=O)N(C)c2[nH]cnc2C1=O,0
CC(NC(C)(C)C)C(=O)c1cccc(Cl)c1,0
COc1nc(C)nc(Cl)c1NC2=NCCN2,0
Cc1c(C)c2OC(C)(CN3CCN(CC3)c4cc(nc(n4)N5CCCC5)N6CCCC6)CCc2c(C)c1O,1
CC(O)Cn1c(C)ncc1[N+](=O)[O-],0
COc1ccc2cc(CCC(=O)C)ccc2c1,0
COc1cccc(c1)C2(O)CCCCC2CN(C)C,0
CN1CCC[C@H]1c2cccnc2,0
C=CCc1ccc2OCOc2c1,0
CC[C@]1(O)C[C@H]2CN(CCc3c([nH]c4ccccc34)[C@@](C2)(C(=O)OC)c5cc6c(cc5OC)N(C)[C@H]7[C@](O)([C@H](O)[C@]8(CC)C=CCN9CC[C@]67[C@H]89)C(=O)N)C1,0
NNC(=O)c1ccncc1,0
COC(=O)C1=C(C)NC(=C(C1c2ccccc2[N+](=O)[O-])C(=O)OCC(C)C)C,0
Nc1cc(nc(N)[n+]1[O-])N2CCCCC2,0
C[C@](N)(Cc1ccc(O)c(O)c1)C(=O)O,0
CC(=O)N1CCN(CC1)c2ccc(OCC3COC(Cn4ccnc4)(O3)c5ccc(Cl)cc5Cl)cc2,0
Clc1ccc(COC(Cn2ccnc2)c3ccc(Cl)cc3Cl)cc1,1
CN1C(=O)COc2c1cc(Cl)cc2C(=O)NC3CN4CCC3CC4,0
COc1ccc(cc1)C2C(=O)c3ccccc3C2=O,0
CCCCOC(=O)c1ccc(N)cc1,0
NS(=O)(=O)c1cc(ccc1Cl)C2(O)NC(=O)c3ccccc23,0
O=C\C=C\c1ccccc1,0
Oc1ccccc1,0
C[C@H]1O[C@H](C[C@H](O)[C@@H]1O)O[C@H]2[C@@H](O)C[C@H](O[C@H]3[C@@H](O)C[C@H](O[C@H]4CC[C@@]5(C)[C@H](CC[C@@H]6[C@@H]5CC[C@]7(C)[C@H](CC[C@]67O)C8=CC(=O)OC8)C4)O[C@@H]3C)O[C@@H]2C,0
O=C1C[C@@H]2OCC=C3CN4CC[C@@]56[C@@H]4C[C@@H]3[C@@H]2[C@@H]5N1c7ccccc67,0
C[C@]12CCC(=O)C=C1CC[C@H]3[C@@H]4CC[C@](O)(C(=O)CO)[C@@]4(C)C[C@H](O)[C@H]23,0
O=C1CC[C@H](N2C(=O)c3ccccc3C2=O)C(=O)N1,0
Oc1ccc2C[C@H]3N(CC=C)CC[C@@]45[C@@H](Oc1c24)\C(=N\N=C\6/CC[C@@]7(O)[C@H]8Cc9ccc(O)c%10O[C@@H]6[C@]7(CCN8CC=C)c9%10)\CC[C@@]35O,0
Cc1[nH]cnc1CN2CCc3c(C2=O)c4ccccc4n3C,0
COS(=O)(=O)C,0
C[C@@H]1C[C@H]2[C@@H]3CCC4=CC(=O)C=C[C@]4(C)C3=CC[C@]2(C)[C@H]1C(=O)CN5CCN(CC5)c6cc(nc(n6)N7CCCC7)N8CCCC8,0
COc1ccc2cc(ccc2c1)[C@H](C)C(=O)O,0
CC(C)(C)NCC(O)c1ccc(O)c(CO)c1,0
COc1ccc2[nH]c(nc2c1)[S+]([O-])Cc3ncc(C)c(OC)c3C,0
Oc1c(Br)cc(Br)cc1C(=O)Nc2ccc(Br)cc2,0
CCOC(=O)[C@H](CCc1ccccc1)N[C@@H](C)C(=O)N2[C@H]3CCC[C@H]3C[C@H]2C(=O)O,0
NC(=O)NO,0
O=C1CCC(N2C(=O)c3ccccc3C2=O)C(=O)N1,0
COc1cc2O[C@H]3OC=C[C@H]3c2c4OC(=O)C5=C(CCC5=O)c14,0
FC(F)(F)c1ccccc1C(=O)N2CCC(Cc3ccccc3)CC2,0
CC[C@H](C)[C@@H](CO[C@@H](Cc1ccccc1)C(=O)N[C@@H](CCS(=O)(=O)C)C(=O)OC(C)C)NC[C@@H](N)CS,1
COc1cc(cc(OC)c1OC)C(=O)NC2CCCNC2,0
C\C(=C\C(=O)O)\C=C\C=C(/C)\C=C\C1=C(C)CCCC1(C)C,0
COCc1c(nc(C(C)C)c(\C=C\[C@@H](O)C[C@@H](O)CC(=O)O)c1c2ccc(F)cc2)C(C)C,0
Fc1ccccc1C(=O)N2CCC(Cc3ccccc3)CC2,0
CCS(=O)(=O)CCn1c(C)ncc1[N+](=O)[O-],0
CC(=O)Nc1ccc(O)cc1,0
CCN1CCCC1CNC(=O)c2cc(ccc2OC)S(=O)(=O)N,1
C[C@]12CC[C@H]3[C@@H](CCc4cc(O)ccc34)[C@@H]1C[C@@H](O)[C@@H]2O,0
CN1C[C@@H](C=C2[C@H]1Cc3c[nH]c4cccc2c34)C(=O)N[C@]5(C)O[C@@]6(O)[C@@H]7CCCN7C(=O)[C@H](Cc8ccccc8)N6C5=O,1
CC[C@]1(O)C[C@@H]2CN(CCc3c([nH]c4ccccc34)[C@@](C2)(C(=O)OC)c5cc6c(cc5OC)N(C)[C@H]7[C@](O)([C@H](OC(=O)C)[C@]8(CC)C=CCN9CC[C@]67[C@H]89)C(=O)OC)C1,0
NC[C@H]1O[C@H](O[C@@H]2[C@@H](N)C[C@@H](N)[C@H](O[C@H]3O[C@H](CO)[C@@H](O)[C@H](N)[C@H]3O)[C@H]2O)[C@H](N)C[C@@H]1O,0
OC(COc1cccc2OC(=CC(=O)c12)C(=O)O)COc3cccc4OC(=CC(=O)c34)C(=O)O,0
CC(C)[C@H](N)C(=O)OCCOCn1cnc2C(=O)N=C(N)Nc12,0
[Cl-].C[N+](C)(C)CCO,0
CC(=O)O[C@H]1C(=O)[C@]2(C)[C@@H](O)C[C@H]3OC[C@@]3(OC(=O)C)[C@H]2[C@H](OC(=O)c4ccccc4)[C@]5(O)C[C@H](OC(=O)[C@H](O)[C@@H](NC(=O)c6ccccc6)c7ccccc7)C(=C1C5(C)C)C,0
[Cl-].C[N+](C)(C)CCOC(=O)N,0
CC[C@]12CC[C@H]3[C@@H](CCC4=CC(=O)CC[C@H]34)[C@@H]1CCC2(O)C#C,0
O=C1C=C(Oc2c1ccc3ccccc23)c4ccccc4,0
Oc1ccc(\C=C\c2cc(O)cc(O)c2)cc1,0
COc1ccccc1OCC(O)CO,0
COP(=O)(OC)OC=C(Cl)Cl,0
COC(=O)[C@@H](N1CCc2sccc2C1)c3ccccc3Cl,0
CCO,0
CC1CN(CCN1)c2cc3N(C=C(C(=O)O)C(=O)c3cc2F)c4ccc(F)cc4F,0
CN[C@H]1[C@H](O)[C@@H](O)[C@H](CO)O[C@H]1O[C@H]2[C@H](O[C@H]3[C@H](O)[C@@H](O)[C@H](N=C(N)N)[C@@H](O)[C@@H]3N=C(N)N)O[C@@H](C)[C@]2(O)C=O,0
CN1C[C@@H]2C[C@H]1CN2c3cc4N(C=C(C(=O)O)C(=O)c4cc3F)C5CC5,0
CN(Cc1cc(Br)cc(Br)c1N)C2CCCCC2,0
OC1=C(CC2=C(O)c3ccccc3OC2=O)C(=O)Oc4ccccc14,0
CCN1CCC[C@H]1CNC(=O)c2cc(ccc2OC)S(=O)(=O)N,1
CC(C)Cc1ccc(cc1)[C@@H](C)C(=O)O,0
Brc1ccccc1,0
CO[C@H]1O[C@@H]2O[C@@]3(C)CC[C@H]4[C@H](C)CC[C@@H]([C@H]1C)[C@@]24OO3,0
Fc1ccc(cc1)[C@@H]2CCNC[C@H]2COc3ccc4OCOc4c3,0
[Na+].[O-][As]=O,0
[Cl-].[Cl-].C[n+]1ccc(cc1)c2cc[n+](C)cc2,0
[Br-].CC(=O)O[C@H]1C[C@@H]2CC[C@@H]3[C@H](CC[C@@]4(C)[C@H]3C[C@@H]([C@@H]4OC(=O)C)[N+]5(C)CCCCC5)[C@@]2(C)C[C@@H]1N6CCCCC6,0
C[C@]12CC[C@H]3[C@@H](CCC4=CC(=O)CC[C@H]34)[C@@H]1CC[C@@]2(O)C#C,0
CC(C)[C@H](NC(=O)N(C)Cc1csc(n1)C(C)C)C(=O)N[C@H](C[C@H](O)[C@H](Cc2ccccc2)NC(=O)OCc3cncs3)Cc4ccccc4,0
O=C1CC2(CCCC2)CC(=O)N1CCCCN3CCN(CC3)c4ncccn4,1
CC(C)NCC(O)c1ccccc1Cl,0
N.CO[C@H]1C[C@@H](O[C@H]2C[C@@H](O[C@H]2[C@]3(C)CC[C@@H](O3)[C@]4(C)CC[C@]5(C[C@H](O)[C@@H](C)[C@H](O5)[C@@H](C)[C@@H]6O[C@](O)(CC(=O)O)[C@@H](C)[C@H](OC)[C@H]6OC)O4)[C@H]7O[C@](C)(O)[C@H](C)C[C@@H]7C)O[C@@H](C)[C@@H]1OC,0
COc1ccc(CCN2CCC(CC2)Nc3nc4ccccc4n3Cc5ccc(F)cc5)cc1,1
Clc1cc2Oc3cc(Cl)c(Cl)cc3Oc2cc1Cl,0
COc1ccc2C[C@H]3[C@H]4CCCC[C@@]4(CCN3C)c2c1,0
CCOC(=O)N,0
CCC1(CCC(C)C)C(=O)NC(=NC1=O)O,0
CN[C@@H]1[C@H](O)[C@H](NC)[C@H]2O[C@]3(O)[C@@H](O[C@H](C)CC3=O)O[C@@H]2[C@H]1O,0
O=C1N=CN=C2NNC=C12,0
NC1=NC(=O)C2=C(NCC(CNc3ccc(cc3)C(=O)N[C@@H](CCC(=O)O)C(=O)O)N2C=O)N1,0
C[C@@H]1CC[C@@]2(OC1)O[C@H]3[C@@H](O)[C@H]4[C@@H]5CC[C@H]6C[C@@H](O[C@@H]7O[C@H](CO)[C@H](O[C@@H]8O[C@H](CO)C(O)[C@H](O[C@@H]9OC[C@@H](O)[C@H](O)[C@H]9O)[C@H]8O[C@@H]%10O[C@H](CO)[C@H](O)[C@H](O[C@@H]%11O[C@H](CO)[C@@H](O)[C@H](O)[C@H]%11O)[C@H]%10O)[C@H](O)[C@H]7O)[C@H](O)C[C@]6(C)[C@H]5CC[C@]4(C)[C@H]3[C@@H]2C,0
CN1CCCCC1C(=O)Nc2c(C)cccc2C,0
C[C@H](Cc1ccccc1)N(C)CC#C,0
CCCCc1oc2ccccc2c1C(=O)c3cc(I)c(OCCN(CC)CC)c(I)c3,1
Cc1c(C)c2OC(C)(COc3ccc(CC4SC(=O)NC4=O)cc3)CCc2c(C)c1O,0
CC(=O)OCC(=O)[C@@]1(O)CC[C@H]2[C@@H]3CCC4=CC(=O)CC[C@]4(C)[C@H]3C(=O)C[C@]12C,0
CC(C)(C)NCC(O)c1cc(Cl)c(N)c(Cl)c1,0
Cc1cccc(Nc2cc(Cl)nc(SCC(=O)O)n2)c1C,0
O=C1C=C(Oc2ccc3ccccc3c12)c4ccccc4,0
Nc1ccc(cc1)S(=O)(=O)Nc2ccnn2c3ccccc3,0
OC(=O)C(Cl)(Cl)Cl,0
CN1CCC[C@@H]1CCO[C@](C)(c2ccccc2)c3ccc(Cl)cc3,1
CCc1c2CN3C(=O)C4=C(C=C3c2nc5ccc(OC(=O)N6CCC(CC6)N7CCCCC7)cc15)[C@@](O)(CC)C(=O)OC4,0
CC1(C)S[C@@H]2[C@H](NC(=O)[C@H](NC(=O)N3CCNC3=O)c4ccccc4)C(=O)N2[C@H]1C(=O)O,0
NCC(CC(=O)O)c1ccc(Cl)cc1,0
C\C\1=C/CC[C@@]2(C)O[C@H]2[C@H]3OC(=O)C(=C)[C@@H]3CC1,0
CC1(C)O[C@@H]2C[C@H]3[C@@H]4C[C@H](F)C5=CC(=O)C=C[C@]5(C)[C@H]4[C@@H](O)C[C@]3(C)[C@@]2(O1)C(=O)CO,0
CC(C)OC(=O)C(C)(C)Oc1ccc(cc1)C(=O)c2ccc(Cl)cc2,0
CN(C)c1nc(nc(n1)N(C)C)N(C)C,0
CCOC(=O)C1=C(COCCN)NC(=C(C1c2ccccc2Cl)C(=O)OC)C,0
ClCCNP1(=O)OCCCN1CCCl,0
CCN(CC)CCOc1ccc(cc1)\C(=C(\Cl)/c2ccccc2)\c3ccccc3,0
C[S+]([O-])c1ccc(\C=C/2\C(=C(CC(=O)O)c3cc(F)ccc23)C)cc1,0
CCCC1O[C@@H]2C[C@H]3[C@@H]4CCC5=CC(=O)C=C[C@]5(C)[C@H]4[C@@H](O)C[C@]3(C)[C@@]2(O1)C(=O)CO,0
C[C@]12CC[C@H]3[C@@H](CCc4cc(O)ccc34)[C@@H]1CCC2=O,0
CC1=CN([C@@H]2O[C@H](CO)C=C2)C(=O)NC1=O,0
N[C@@H](Cc1ccc(F)cc1)C(=O)O,0
COc1ccc(\C=C\C(=O)Nc2ccccc2C(=O)O)cc1OC,0
COc1ccc(CN(CCN(C)C)c2ccccn2)cc1,0
CCCNC(C)C(=O)Nc1ccccc1C,0
CN1CCN(CCCN2c3ccccc3Sc4ccc(Cl)cc24)CC1,1
CS(=O)(=O)OCCCCOS(=O)(=O)C,0
C(C(C1CCCCC1)C2CCCCC2)C3CCCCN3,0
[O-][N+](=O)c1oc(\C=N\N2CCOC2=O)cc1,0
CC1=CC(=O)N(O)C(=C1)C2CCCCC2,0
CN1C(=O)N(CCCCC(=O)C)C(=O)c2c1ncn2C,0
OC[C@@H](O)[C@@H](O)[C@H](O)[C@H](O)CO,0
[O-][S+](CCC1C(=O)N(N(C1=O)c2ccccc2)c3ccccc3)c4ccccc4,0
Cc1ccc(cc1)S(=O)(=O)NC(=O)NN2CC3CCCC3C2,0
COc1ccc2c(c1)c(CC(=O)OCC(=O)O)c(C)n2C(=O)c3ccc(Cl)cc3,0
C[C@]1(O)CC[C@H]2[C@@H]3CC[C@H]4Cc5n[nH]cc5C[C@]4(C)[C@H]3CC[C@]12C,0
COC1=C(OC)C(=O)C(=C(C)C1=O)CCCCCCCCCCO,0
CN1C[C@H](CNC(=O)OCc2ccccc2)C[C@H]3[C@H]1Cc4cn(C)c5cccc3c45,1
COc1ccc2CN(C)CC[C@@]34C=C[C@H](O)C[C@@H]3Oc1c24,0
Clc1ccc2OC(=O)Nc2c1,0
[Br-].C[N+]1(C)[C@H]2C[C@@H](C[C@H]1[C@H]3O[C@@H]23)OC(=O)[C@H](CO)c4ccccc4,0
C[C@H](CS)C(=O)N1CCC[C@H]1C(=O)O,0
N(c1ccccc1)c2ccc(Nc3ccccc3)cc2,0
C\C=C\1/[C@@H]2CC3=C(C=CC(=O)N3)[C@]1(N)CC(=C2)C,0
NC1=NC(=O)N(C=C1)[C@@H]2O[C@H](CO)[C@@H](O)[C@@H]2O,0
Cc1cc2c(OCC(CNC(C)(C)C)OC(=O)c3ccccc3)cccc2[nH]1,0
CC(C)NCC(O)c1ccc(NS(=O)(=O)C)cc1,0
COCCc1ccc(OCC(O)CNC(C)C)cc1,0
C[C@]1(O)CC[C@H]2[C@@H]3CCC4=CC(=O)CC[C@]4(C)[C@H]3CC[C@]12C,0
Cc1cccc(Nc2ccccc2C(=O)O)c1C,0
CCOC(=O)OC(C)OC1=C(N(C)S(=O)(=O)c2ccccc12)C(=O)Nc3ccccn3,0
Oc1ccc(\C=C\C(=O)OCCc2ccccc2)cc1O,0
OC(=O)COC(=O)Cc1ccccc1Nc2c(Cl)cccc2Cl,0
CC1(C)S[C@@H]2[C@H](NC(=O)[C@H](N)c3ccccc3)C(=O)N2[C@H]1C(=O)O,0
Clc1ccc(CSC(Cn2ccnc2)c3ccc(Cl)cc3Cl)cc1,0
CC(=O)Oc1ccccc1C(=O)O,0
OC[C@@H](NC(=O)C(Cl)Cl)[C@H](O)c1ccc(cc1)[N+](=O)[O-],0
CCN[C@@H]1C[C@H](N)[C@@H](O[C@H]2OC(=CC[C@H]2N)CN)[C@H](O)[C@H]1O[C@H]3OC[C@](C)(O)[C@H](NC)[C@H]3O,0
Clc1ccccc1C(=O)N2CCC(Cc3ccccc3)CC2,0
CC[C@H](C)C(=O)O[C@H]1CCC=C2C=C[C@H](C)[C@H](CC[C@@H]3C[C@@H](O)CC(=O)O3)[C@@H]12,0
CC(CCc1ccc(O)cc1)NCCc2ccc(O)c(O)c2,0
O[C@H]1CC[C@@]2(O)[C@H]3Cc4ccc(O)c5O[C@@H]1[C@]2(CCN3CC6CCC6)c45,0
O.C[C@@](Cc1ccc(O)c(O)c1)(NN)C(=O)O,0
CCC1(C(=O)NCNC1=O)c2ccccc2,0
Oc1c(cc(cc1[N+](=O)[O-])[N+](=O)[O-])C(=O)N\N=C\c2oc(cc2)[N+](=O)[O-],0
C[C@@H](O)[C@@H]1[C@H]2[C@@H](C)C(=C(N2C1=O)C(=O)O)S[C@@H]3CN[C@@H](C3)C(=O)N(C)C,0
CN1CCC(=C2c3ccccc3CC(=O)c4sccc24)CC1,0
C\C(=C/C=C/C(=C/C(=O)O)/C)\C=C\C1=C(C)CCCC1(C)C,0
OC[C@H]1O[C@H]([C@H](O)[C@@H]1O)N2N=CC(=O)NC2=O,0
NC(=O)NC(=O)Cc1ccccc1,0
NC(CO)(CO)CO,0
COc1ccc2[C@H](OC(=O)c2c1OC)[C@@H]3N(C)CCc4cc5OCOc5c(OC)c34,0
CC(N)COc1c(C)cccc1C,0
O.O.O.CC(=O)O[C@@]12CO[C@@H]1C[C@H](O)[C@]3(C)[C@@H]2[C@H](OC(=O)c4ccccc4)[C@]5(O)C[C@H](OC(=O)[C@H](O)[C@@H](NC(=O)OC(C)(C)C)c6ccccc6)C(=C([C@@H](O)C3=O)C5(C)C)C,0
CC(C)CCC[C@@H](C)CCC[C@@H](C)CCC[C@]1(C)CCc2c(C)c(O)c(C)c(C)c2O1,0
CCCCCCCCN[C@H](C)[C@@H](O)c1ccc(SC(C)C)cc1,0
CC[C@@]1(O)C[C@H](O[C@H]2C[C@@H]([C@H](O[C@H]3C[C@H](O)[C@H](O[C@H]4CCC(=O)[C@H](C)O4)[C@H](C)O3)[C@H](C)O2)N(C)C)c5c(O)c6C(=O)c7c(O)cccc7C(=O)c6cc5[C@H]1C(=O)OC,0
CN1C(=O)N(C)c2ncn(C)c2C1=O,0
COC(=O)[C@H]1[C@@H](O)CC[C@H]2CN3CCc4c([nH]c5ccccc45)[C@@H]3C[C@H]12,1
NC(=O)CN1CCCC1=O,0
C[C@H]1[C@H](NC(=O)\C(=N/OC(C)(C)C(=O)O)\c2csc(N)n2)C(=O)N1S(=O)(=O)O,0
NC(=O)c1cccnc1,0
CN(C\C=C\C#CC(C)(C)C)Cc1cccc2ccccc12,0
CCC1=C(C)CN(C(=O)NCCc2ccc(cc2)S(=O)(=O)NC(=O)N[C@@H]3CC[C@@H](C)CC3)C1=O,0
CCCCc1nc(Cl)c(CO)n1Cc2ccc(cc2)c3ccccc3c4nnn[nH]4,0
CN(C)CCOC(c1ccccc1)c2ccccc2,0
COc1cc(N)[nH]c2nc(c3ccc(F)cc3)c(c4ccncc4)c12,0
[Cl-].C[n+]1ccccc1\C=N\O,0
CCCC(CCC)C(=O)O,0
NC(=N)NC(=O)c1nc(Cl)c(N)nc1N,0
CN(C)[C@H]1[C@@H]2C[C@H]3C(=C(O)[C@]2(O)C(=O)C(=C1O)C(=O)N)C(=O)c4c(O)ccc(Cl)c4[C@@]3(C)O,0
COC(=O)c1ccc(O)cc1,0
CC1(C)[C@H]2CC[C@]1(C)C(=O)C2,0
C[C@]12C[C@H](O)[C@H]3[C@@H](CCC4=CC(=O)C=C[C@]34C)[C@@H]1CC[C@]2(O)C(=O)CO,0
O.O.O.O.O.O.[Cl-].[Cl-].[Sr+2],0
COc1c(C)c2COC(=O)c2c(O)c1C\C=C(/C)\CCC(=O)O,0
CCN1C=C(C(=O)O)C(=O)c2cnc(nc12)N3CCCC3,0
CO\N=C(/C(=O)N[C@H]1[C@H]2SCC(=C(N2C1=O)C(=O)O)COC(=O)C)\c3csc(N)n3,0
Nc1nc(N)nc(NC2CC2)n1,0
COC(=O)CCc1ccc(OCC(O)CNC(C)C)cc1,0
CCCN(CCC)C(=O)C(CCC(=O)O)NC(=O)c1ccccc1,0
OC[C@H]1O[C@H](C[C@@H]1O)N2C=C(I)C(=O)NC2=O,0
[Cl-].COc1ccc2cc3c4cc5OCOc5cc4CC[n+]3cc2c1OC,0
C[C@@H]1[C@H]2[C@H](O)[C@H]3[C@H](N(C)C)C(=C(C(=O)N)C(=O)[C@@]3(O)C(=C2C(=O)c4c(O)cccc14)O)O,0
OC(=O)c1ccccc1OC(=O)c2ccccc2O,0
CO[C@@H]1C[C@@H](CC[C@H]1O)\C=C(/C)\[C@H]2OC(=O)[C@@H]3CCCCN3C(=O)C(=O)[C@]4(O)O[C@H]([C@H](C[C@@H](C)C\C(=C\[C@@H](CC=C)C(=O)C[C@H](O)[C@H]2C)\C)OC)[C@H](C[C@H]4C)OC,0
C[C@H]1C[C@H]2[C@@H]3CC[C@](O)(C(=O)C)[C@@]3(C)C[C@H](O)[C@]2(F)[C@@]4(C)C=CC(=O)C=C14,0
C[C@H]1C[C@H]2[C@@H]3CC[C@](O)(C(=O)CO)[C@@]3(C)C[C@H](O)[C@@H]2[C@@]4(C)C=CC(=O)C=C14,0
C[C@]12CC[C@@H](O)C=C1CC[C@H]3[C@@H]4CC[C@](O)(C(=O)CO)[C@@]4(C)CC(=O)[C@H]23,0
CCC1=C[C@@H]2CN(C1)Cc3c([nH]c4ccccc34)[C@@](C2)(C(=O)OC)c5cc6c(cc5OC)N(C)[C@H]7[C@](O)([C@H](OC(=O)C)[C@]8(CC)C=CCN9CC[C@]67[C@H]89)C(=O)OC,0
CCCC(=O)Nc1ccc(OCC(O)CNC(C)C)c(c1)C(=O)C,0
Cl.NC[C@@H]1CC[C@H](CC1)C(=O)Oc2ccc(CCC(=O)O)cc2,0
OC(=O)CCCC[C@@H]1CCSS1,0
CC1(C)[C@H](CC[C@@]2(C)[C@H]1CC[C@]3(C)[C@@H]2C(=O)C=C4[C@@H]5C[C@](C)(CC[C@]5(C)CC[C@@]34C)C(=O)O)O[C@H]6O[C@@H]([C@@H](O)[C@H](O)[C@H]6O[C@@H]7O[C@@H]([C@@H](O)[C@H](O)[C@H]7O)C(=O)O)C(=O)O,0
CN1C(=C(O)c2sccc2S1(=O)=O)C(=O)Nc3ccccn3,0
Oc1ccc(cc1[N+](=O)[O-])[As](=O)(O)O,0
COC(=O)Nc1nc2ccc(cc2[nH]1)C(=O)c3cccs3,0
C[C@@]12[C@H]3CC[C@H](O3)[C@]1(C)C(=O)OC2=O,0
O=C1C=C(Oc2c1cccc2c3ccccc3)N4CCOCC4,0
Clc1cccc(Cl)c1NC2=NCCN2,0
CCC(C)CCCC(=O)N[C@@H](CCN)C(=O)N[C@@H]([C@@H](C)O)C(=O)N[C@@H](CCN)C(=O)N[C@H]1CCNC(=O)[C@@H](NC(=O)[C@H](CCN)NC(=O)[C@H](CCN)NC(=O)[C@H](CC(C)C)NC(=O)[C@@H](CC(C)C)NC(=O)[C@H](CCN)NC1=O)[C@H](C)O,0
CC(N)Cc1c[nH]c2ccc(OCc3cccs3)cc12,0
CCN(CC)CCNC(=O)c1cc(ccc1OC)S(=O)(=O)C,1
ClC(Cl)(Cl)Cl,0
CC[C@H]1OC(=O)[C@H](C)[C@@H](O[C@H]2C[C@@](C)(OC)[C@@H](O)[C@H](C)O2)[C@H](C)[C@@H](O[C@@H]3O[C@H](C)C[C@@H]([C@H]3O)N(C)C)[C@](C)(O)C[C@@H](C)\C(=N/OCOCCOC)\[C@H](C)[C@@H](O)[C@]1(C)O,0
C[C@H](C(=O)O)c1cccc(c1)C(=O)c2ccccc2,0
COc1cc(OC)c(C(=O)CCCN2CCCC2)c(OC)c1,0
CC(C)n1c(\C=C\C(O)CC(O)CC(=O)O)c(c2ccc(F)cc2)c3ccccc13,0
CC(=O)[C@H]1CC[C@H]2[C@@H]3CCC4=CC(=O)CC[C@]4(C)[C@H]3CC[C@]12C,0
C[C@]12CCC(=O)C=C1CC[C@@H]3[C@@H]2CC[C@@]4(C)[C@H]3CC[C@@]4(O)C#C,0
COc1cc2nc(nc(N)c2cc1OC)N3CCN(CC3)C(=O)C4CCCO4,0
CC[C@H]1OC(=O)[C@H](C)[C@@H](O[C@H]2C[C@@](C)(OC)[C@@H](O)[C@H](C)O2)[C@H](C)[C@@H](O[C@@H]3O[C@H](C)C[C@@H]([C@H]3OC(=O)CC)N(C)C)[C@](C)(O)C[C@@H](C)C(=O)[C@H](C)[C@@H](O)[C@]1(C)O,0
C[C@H](CCC(=O)O)[C@H]1CC[C@H]2[C@@H]3[C@H](O)C[C@@H]4C[C@H](O)CC[C@]4(C)[C@H]3C[C@H](O)[C@]12C,0
C[C@]1(Cn2ccnn2)[C@@H](N3[C@@H](CC3=O)S1(=O)=O)C(=O)O,0
COc1ccc(C[C@H](N)C(=O)N[C@@H]2[C@@H](CO)O[C@H]([C@@H]2O)n3cnc4c(ncnc34)N(C)C)cc1,0
O=C1CCc2cc(OCCCCc3nnnn3C4CCCCC4)ccc2N1,0
CN1C(=O)CN=C(c2ccccc2)c3cc(Cl)ccc13,0
[Cl-].CC(C)(C)CC(C)(C)c1ccc(OCCOCC[N+](C)(C)Cc2ccccc2)cc1,0
Nc1c2CCCCc2nc3ccccc13,0
C[C@]12CC[C@@H](O)C[C@@H]1CC[C@@H]3[C@@H]2CC[C@@]4(C)[C@H]3CCC4=O,0
CC(C(=O)O)c1cccc(Oc2ccccc2)c1,0
CC(=C)[C@@H]1[C@H]2OC(=O)[C@@H]1[C@]3(O)C[C@H]4O[C@]45C(=O)O[C@H]2[C@]35C,0
CN1C(=C(O)c2ccccc2S1(=O)=O)C(=O)Nc3ncc(C)s3,0
CNS(=O)(=O)Cc1ccc2[nH]cc(CCN(C)C)c2c1,0
CC[C@]1(O)C[C@H]2CN(CCc3c([nH]c4ccccc34)[C@@](C2)(C(=O)OC)c5cc6c(cc5OC)N(C=O)[C@H]7[C@](O)([C@H](OC(=O)C)[C@]8(CC)C=CCN9CC[C@]67[C@H]89)C(=O)OC)C1,0
CCOC(=O)N1C=CN(C)C1=S,0
Nc1ccc(cc1)S(=O)(=O)NC(=O)c2ccccc2,0
CN1[C@@H]2CC[C@H]1C[C@H](C2)OC(=O)C(CO)c3ccccc3,0
CC[C@@]1(O)C(=O)OCC2=C1C=C3N(Cc4cc5ccccc5nc34)C2=O,0
NC[C@@H]1CC[C@H](CC1)C(=O)O,0
CC1(COc2ccc(CC3SC(=O)NC3=O)cc2)CCCCC1,0
COc1ccccc1OCCNCC(O)COc2cccc3[nH]c4ccccc4c23,1
CN(C)CCCN1c2ccccc2Sc3ccccc13,1
CC(C)NNC(=O)c1ccncc1,0
CO[C@]1(NC(=O)CSCC#N)[C@H]2SCC(=C(N2C1=O)C(=O)O)CSc3nnnn3C,0
CCN(CC)CCOCCC1=CCC2CC1C2(C)C,0
C[C@]12CC[C@H]3[C@@H](CCC4=CC(=O)CC[C@]34C)[C@@H]1CC[C@@H]2O,0
CO[C@H]1\C=C\O[C@@]2(C)Oc3c(C)c(O)c4c(O)c(NC(=O)\C(=C/C=C/[C@H](C)[C@H](O)[C@@H](C)[C@@H](O)[C@@H](C)[C@H](OC(=O)C)[C@@H]1C)\C)c(\C=N\N5CCN(C)CC5)c(O)c4c3C2=O,0
COc1ccc(C[C@H]2NC[C@H](O)[C@H]2OC(=O)C)cc1,0
CC(C)[C@@]1(NC(=O)[C@@H]2C[C@H]3[C@@H](Cc4c[nH]c5cccc3c45)N(C)C2)O[C@@]6(O)[C@@H]7CCCN7C(=O)[C@H](Cc8ccccc8)N6C1=O.CS(=O)(=O)O,1
O=C1Oc2ccccc2C=C1,0
COc1cc(CC=C)ccc1O,0
FC1=CN(C2CCCO2)C(=O)NC1=O,0
[Br-].CC[N+]1(CCOC(=O)C(O)(c2ccccc2)c3ccccc3)CCCCC1,0
CC1(C)S[C@@H]2[C@H](NC(=O)Cc3ccccc3)C(=O)N2[C@H]1C(=O)O,0
CCC1C2CC3C4N(C)c5ccccc5C46CC(C2[C@H]6O)N3C1O,0
C[C@@H]1O[C@@H](O[C@H]2CC[C@]3(C)[C@H]4CC[C@]5(C)[C@H](CC[C@]5(O)[C@@H]4CCC3=C2)C6=COC(=O)C=C6)[C@H](O)[C@H](O)[C@H]1O,0
Nc1ccc(C(=O)O)c(O)c1,0
CCOC(=O)c1ncn2c1CN(C)C(=O)c3cc(F)ccc23,0
CCCCC1C(=O)N(N(C1=O)c2ccccc2)c3ccccc3,0
OC(=O)COc1ccc(C(=O)c2cccs2)c(Cl)c1Cl,0
CN(C)CC[C@@H](c1ccc(Cl)cc1)c2ccccn2,0
OCCN(CCO)c1nc(N2CCCCC2)c3nc(nc(N4CCCCC4)c3n1)N(CCO)CCO,0
CCc1ccc(cc1)C(=O)C(C)CN2CCCCC2,0
CN(C1CCCCC1)C(=O)CCCOc2ccc3nc(O)ccc3c2,0
Cc1cc(O)cc(C)c1Cl,0
OC(=O)CC(O)(CC(=O)O)C(=O)O,0
CC[C@H](C)[C@H]1O[C@]2(CC[C@@H]1C)C[C@@H]3C[C@@H](C\C=C(/C)\[C@@H](O[C@H]4C[C@H](OC)[C@@H](O[C@H]5C[C@H](OC)[C@@H](O)[C@H](C)O5)[C@H](C)O4)[C@@H](C)\C=C\C=C\6/CO[C@@H]7[C@H](O)C(=C[C@@H](C(=O)O3)[C@]67O)C)O2.CO[C@H]8C[C@H](O[C@H]9[C@H](C)O[C@H](C[C@@H]9OC)O[C@H]%10[C@@H](C)\C=C\C=C\%11/CO[C@@H]%12[C@H](O)C(=C[C@@H](C(=O)O[C@H]%13C[C@@H](C\C=C\%10/C)O[C@@]%14(CC[C@H](C)[C@H](O%14)C(C)C)C%13)[C@]%11%12O)C)O[C@@H](C)[C@@H]8O,0
C(c1ccccc1)n2ccnc2,0
CCN1CCN(C(=O)N[C@@H](C(=O)N[C@H]2[C@H]3SC(C)(C)[C@@H](N3C2=O)C(=O)O)c4ccccc4)C(=O)C1=O,0
CCOC(=O)C(C)(C)Oc1ccc(Cl)cc1,0
C1CN2C[C@@H](N=C2S1)c3ccccc3,0
CNCCc1ccccn1,0
COc1ccc(cc1)[C@@H]2Sc3ccccc3N(CCN(C)C)C(=O)[C@@H]2OC(=O)C,0
COc1cc(cc(OC)c1O)[C@H]2[C@@H]3[C@H](COC3=O)[C@H](O[C@@H]4O[C@@H]5CO[C@@H](C)O[C@H]5[C@H](O)[C@H]4O)c6cc7OCOc7cc26,0
[Cl-].[Cl-].[Zn+2],0
CC1(C)[C@@H]2CC[C@@]1(C)C(=O)C2,0
NC[C@H]1O[C@H](O[C@@H]2[C@@H](N)C[C@@H](N)[C@H](O[C@H]3O[C@H](CO)[C@@H](O)[C@H](N)[C@H]3O)[C@H]2O)[C@H](O)[C@@H](O)[C@@H]1O,0
C[S+](C)[O-],0
OC[C@H]1O[C@@H]2O[C@H]3[C@H](O)[C@@H](O)[C@H](O[C@@H]3CO)O[C@H]4[C@H](O)[C@@H](O)[C@H](O[C@@H]4CO)O[C@H]5[C@H](O)[C@@H](O)[C@H](O[C@@H]5CO)O[C@H]6[C@H](O)[C@@H](O)[C@H](O[C@@H]6CO)O[C@H]7[C@H](O)[C@@H](O)[C@H](O[C@@H]7CO)O[C@H]1[C@H](O)[C@H]2O,0
S(Sc1nc2ccccc2s1)c3nc4ccccc4s3,1
OC(=O)CCCc1cccs1,0
CC(C)NC[C@H](O)COc1cccc2[nH]ccc12,0
Clc1cc(Cl)c(OCC#CI)cc1Cl,0
CN1CCN(Cc2ccc(cc2)C(=O)Nc3ccc(C)c(Nc4nccc(n4)c5cccnc5)c3)CC1,0
C[C@]12CC[C@H]3[C@@H](CC[C@H]4CC(=O)CC[C@]34C)[C@@H]1CC[C@@H]2O,0
CC(C)(C#N)c1cc(Cn2cncn2)cc(c1)C(C)(C)C#N,0
C[C@]12CC[C@H]3[C@@H](CCc4cc(O)ccc34)[C@@H]1CC[C@@H]2O,0
C1CCN2C[C@H]3C[C@H](CN4CCCC[C@@H]34)[C@H]2C1,0
CCCOc1ccccc1C2=Nc3nn[nH]c3C(=O)N2,0
CC(CN1CCCCC1)C(=O)c2ccc(C)cc2,0
Oc1c(Cl)cc(Cl)c(Cl)c1Cc2c(O)c(Cl)cc(Cl)c2Cl,0
Cc1ccc(C)c(OCCCC(C)(C)C(=O)O)c1,0
OC(=O)c1ccccc1O,0
COc1cc2nc(nc(N)c2cc1OC)N3CCN(CC3)C(=O)c4occc4,0
Cc1onc(NS(=O)(=O)c2ccc(N)cc2)c1,0
CN\C(=N\CCSCc1nc[nH]c1C)\NC#N,0
CN(C)CCOC(c1ccccc1)c2ccccc2.CN3C(=O)N(C)c4nc(Cl)[nH]c4C3=O,0
C[C@@H]1CC2=C(CCC(=O)C2)[C@H]3CC[C@@]4(C)[C@@H](CC[C@@]4(O)C#C)[C@H]13,0
c1ccc2c(c1)c3cccc4ccc5cccc2c5c34,0
NC(=O)N1c2ccccc2CC(=O)c3ccccc13,0
CC(C)(C)NC[C@H](O)COc1cccc2C(=O)CCCc12,0
Clc1ccc2N(C3CCN(CCCN4C(=O)Nc5ccccc45)CC3)C(=O)Nc2c1,1
OC(=O)P(=O)(O)O,0
Nc1nnc(c(N)n1)c2cccc(Cl)c2Cl,0
CC[C@H](C)C(=O)O[C@H]1C[C@@H](C)C=C2C=C[C@H](C)[C@H](CC[C@@H]3C[C@@H](O)CC(=O)O3)[C@@H]12,0
CN(CCOc1ccc(CC2SC(=O)NC2=O)cc1)c3ccccn3,0
CC(C)(C)NC(=O)[C@H]1CC[C@H]2[C@@H]3CC[C@H]4NC(=O)C=C[C@]4(C)[C@H]3CC[C@]12C,0
Clc1ccc(COC(Cn2ccnc2)c3ccc(Cl)cc3Cl)c(Cl)c1,1
CS(=O)(=O)c1ccc(cc1)C2=C(C(=O)OC2)c3ccccc3,0
CC(C)Cc1ccc(cc1)C(C)C(=O)O,0
CNCCCC12CCC(c3ccccc13)c4ccccc24,1
Oc1ccc2C[C@H]3N(CC4CC4)CC[C@@]56[C@@H](Oc1c25)C(=O)CC[C@@]36O,0
CCN1C=C(C(=O)O)C(=O)c2cc(F)c(N3CCNC(C)C3)c(F)c12,0
Cc1cc(C)nc(NS(=O)(=O)c2ccc(N)cc2)n1,0
CC[C@H](C)C(=O)O[C@H]1C[C@H](O)C=C2C=C[C@H](C)[C@H](CC[C@@H](O)C[C@@H](O)CC(=O)O)[C@@H]12,0
CN(\C=N\c1ccc(C)cc1C)\C=N\c2ccc(C)cc2C,0
CC(C)(Oc1ccc(CCNC(=O)c2ccc(Cl)cc2)cc1)C(=O)O,0
CCN(CC)CCNC(=O)c1ccc(N)cc1,0
NC(=N)NC(=O)Cc1c(Cl)cccc1Cl,0
C[C@](N)(Cc1ccc(O)cc1)C(=O)O,0
[Cl-].[Cl-].C[N+](C)(C)CCOC(=O)CCC(=O)OCC[N+](C)(C)C,0
CC(C)(C(=O)O)c1ccc(cc1)C(O)CCCN2CCC(CC2)C(O)(c3ccccc3)c4ccccc4,0
CCN1CCN(CC1)c2cc3N(C=C(C(=O)O)C(=O)c3cc2F)C4CC4,0
COc1ccnc(C[S+]([O-])c2nc3cc(OC(F)F)ccc3[nH]2)c1OC,0
NC(=N)c1ccc(OCCCCCOc2ccc(cc2)C(=N)N)cc1,0
CCc1oc2ccccc2c1C(=O)c3cc(Br)c(O)c(Br)c3,0
COCCOC(=O)C1=C(C)NC(=C(C1c2cccc(c2)[N+](=O)[O-])C(=O)OC(C)C)C,0
